Route,Grade,Grade band,Discipline,Grade system,Area,Wall,Source,Latitude,Longitude,Row Key,Notion Page ID,Status
Philipp,8,8-11,sport,UIAA,Hohe Wand,Hausstein,Österreich Ost,,,Hohe Wand | Hausstein | Philipp,,to create
Kamin,5,5-7,sport,UIAA,Hohe Wand,Hausstein,Österreich Ost,,,Hohe Wand | Hausstein | Kamin,,to create
Ghadaffi grüsst Kreisky,8,8-11,sport,UIAA,Hohe Wand,Hausstein,Österreich Ost,,,Hohe Wand | Hausstein | Ghadaffi grüsst Kreisky,,to create
Radarfalle,8+,8-11,sport,UIAA,Hohe Wand,Hausstein,Österreich Ost,,,Hohe Wand | Hausstein | Radarfalle,,to create
Torturplatte,8-,8-11,sport,UIAA,Hohe Wand,Hausstein,Österreich Ost,,,Hohe Wand | Hausstein | Torturplatte,,to create
Jagasimmerl,7-,5-7,sport,UIAA,Hohe Wand,Hausstein,Österreich Ost,,,Hohe Wand | Hausstein | Jagasimmerl,,to create
Inox,8-,8-11,sport,UIAA,Hohe Wand,Hausstein,Österreich Ost,,,Hohe Wand | Hausstein | Inox,,to create
Var (Inox),7+,5-7,sport,UIAA,Hohe Wand,Hausstein,Österreich Ost,,,Hohe Wand | Hausstein | Var (Inox),,to create
Alles ist möglich,8 A0,8-11,sport,UIAA,Hohe Wand,Hausstein,Österreich Ost,,,Hohe Wand | Hausstein | Alles ist möglich,,to create
Köpek,9+,8-11,sport,UIAA,Hohe Wand,Hausstein,Österreich Ost,,,Hohe Wand | Hausstein | Köpek,,to create
Husch Husch ins Körbchen,7,5-7,multipitch,UIAA,Hohe Wand,Hausstein,Österreich Ost,,,Hohe Wand | Hausstein | Husch Husch ins Körbchen,,to create
Schneebergblick,7,5-7,sport,UIAA,Hohe Wand,Hausstein,Österreich Ost,,,Hohe Wand | Hausstein | Schneebergblick,,to create
Hausstein Eins,10-,8-11,sport,UIAA,Hohe Wand,Hausstein,Österreich Ost,,,Hohe Wand | Hausstein | Hausstein Eins,,to create
Schwammerldirettissima,,,sport,UIAA,Hohe Wand,Hausstein,Österreich Ost,,,Hohe Wand | Hausstein | Schwammerldirettissima,,to create
Hausstein Zwei,9+/10-,8-11,sport,UIAA,Hohe Wand,Hausstein,Österreich Ost,,,Hohe Wand | Hausstein | Hausstein Zwei,,to create
Angriff RRT,7,5-7,sport,UIAA,Hohe Wand,Hausstein,Österreich Ost,,,Hohe Wand | Hausstein | Angriff RRT,,to create
Kerzlschlicka,9-,8-11,multipitch,UIAA,Hohe Wand,Hausstein,Österreich Ost,,,Hohe Wand | Hausstein | Kerzlschlicka,,to create
The Going Gong of Laddio Bolocko,,,sport,UIAA,Hohe Wand,Hausstein,Österreich Ost,,,Hohe Wand | Hausstein | The Going Gong of Laddio Bolocko,,to create
Epic Problem,10-/10,8-11,sport,UIAA,Hohe Wand,Hausstein,Österreich Ost,,,Hohe Wand | Hausstein | Epic Problem,,to create
Fanfare for Effective Freedom,8+,8-11,sport,UIAA,Hohe Wand,Hausstein,Österreich Ost,,,Hohe Wand | Hausstein | Fanfare for Effective Freedom,,to create
Ich möcht alt sein mit einem Krückstock,7+,5-7,sport,UIAA,Hohe Wand,Hausstein,Österreich Ost,,,Hohe Wand | Hausstein | Ich möcht alt sein mit einem Krückstock,,to create
Da Wuchtldrucka,9-,8-11,sport,UIAA,Hohe Wand,Hausstein,Österreich Ost,,,Hohe Wand | Hausstein | Da Wuchtldrucka,,to create
Fledermausdach,8+,8-11,multipitch,UIAA,Hohe Wand,Hausstein,Österreich Ost,,,Hohe Wand | Hausstein | Fledermausdach,,to create
Anarchists Just Wanna Have Fun,9+/10-,8-11,sport,UIAA,Hohe Wand,Hausstein,Österreich Ost,,,Hohe Wand | Hausstein | Anarchists Just Wanna Have Fun,,to create
Favete Linguis,9,8-11,sport,UIAA,Hohe Wand,Hausstein,Österreich Ost,,,Hohe Wand | Hausstein | Favete Linguis,,to create
Irrsinnsdimensionen,10-,8-11,sport,UIAA,Hohe Wand,Hausstein,Österreich Ost,,,Hohe Wand | Hausstein | Irrsinnsdimensionen,,to create
Hausstein Drei,9+,8-11,sport,UIAA,Hohe Wand,Hausstein,Österreich Ost,,,Hohe Wand | Hausstein | Hausstein Drei,,to create
Schneeglöckchen,11-,8-11,sport,UIAA,Hohe Wand,Hausstein,Österreich Ost,,,Hohe Wand | Hausstein | Schneeglöckchen,,to create
Arsch im Raum der Zeit,7,5-7,sport,UIAA,Hohe Wand,Hausstein,Österreich Ost,,,Hohe Wand | Hausstein | Arsch im Raum der Zeit,,to create
Das Heulen des Gösing-Wolfes,7,5-7,sport,UIAA,Hohe Wand,Hausstein,Österreich Ost,,,Hohe Wand | Hausstein | Das Heulen des Gösing-Wolfes,,to create
Die ultimativen Bewegungen,7,5-7,sport,UIAA,Hohe Wand,Hausstein,Österreich Ost,,,Hohe Wand | Hausstein | Die ultimativen Bewegungen,,to create
Goat Lips,7,5-7,sport,UIAA,Hohe Wand,Hausstein,Österreich Ost,,,Hohe Wand | Hausstein | Goat Lips,,to create
Dach überm Kopf,7+,5-7,sport,UIAA,Hohe Wand,Hausstein,Österreich Ost,,,Hohe Wand | Hausstein | Dach überm Kopf,,to create
La Tirania de la Tradicion,8,8-11,sport,UIAA,Hohe Wand,Hausstein,Österreich Ost,,,Hohe Wand | Hausstein | La Tirania de la Tradicion,,to create
Meine Hawara san Echsen-Menschen,8-,8-11,sport,UIAA,Hohe Wand,Hausstein,Österreich Ost,,,Hohe Wand | Hausstein | Meine Hawara san Echsen-Menschen,,to create
The Exclusive Character of Victory,10-/10,8-11,sport,UIAA,Hohe Wand,Hausstein,Österreich Ost,,,Hohe Wand | Hausstein | The Exclusive Character of Victory,,to create
La Zampa del Mago,8+,8-11,sport,UIAA,Hohe Wand,Hausstein,Österreich Ost,,,Hohe Wand | Hausstein | La Zampa del Mago,,to create
Wolf Like Me,10,8-11,sport,UIAA,Hohe Wand,Hausstein,Österreich Ost,,,Hohe Wand | Hausstein | Wolf Like Me,,to create
Patagonia,8,8-11,sport,UIAA,Hohe Wand,Hausstein,Österreich Ost,,,Hohe Wand | Hausstein | Patagonia,,to create
Kühlschrankkante,8/8+,8-11,sport,UIAA,Hohe Wand,Hausstein,Österreich Ost,,,Hohe Wand | Hausstein | Kühlschrankkante,,to create
Direkte Haussteinkante,8+,8-11,sport,UIAA,Hohe Wand,Hausstein,Österreich Ost,,,Hohe Wand | Hausstein | Direkte Haussteinkante,,to create
Amerikanerweg,8,8-11,sport,UIAA,Hohe Wand,Hausstein,Österreich Ost,,,Hohe Wand | Hausstein | Amerikanerweg,,to create
Der einbrennte Hund,10-,8-11,sport,UIAA,Hohe Wand,Hausstein,Österreich Ost,,,Hohe Wand | Hausstein | Der einbrennte Hund,,to create
Schankholz,9/9+,8-11,sport,UIAA,Hohe Wand,Hausstein,Österreich Ost,,,Hohe Wand | Hausstein | Schankholz,,to create
Mostschank Wöber,9+,8-11,sport,UIAA,Hohe Wand,Hausstein,Österreich Ost,,,Hohe Wand | Hausstein | Mostschank Wöber,,to create
There Is No 666 in Outta Space,10,8-11,sport,UIAA,Hohe Wand,Hausstein,Österreich Ost,,,Hohe Wand | Hausstein | There Is No 666 in Outta Space,,to create
Santa Sangre,9,8-11,sport,UIAA,Hohe Wand,Hausstein,Österreich Ost,,,Hohe Wand | Hausstein | Santa Sangre,,to create
Thats Not Me,10,8-11,sport,UIAA,Hohe Wand,Hausstein,Österreich Ost,,,Hohe Wand | Hausstein | Thats Not Me,,to create
Napoleon Solo This Is Forever,10-/10,8-11,sport,UIAA,Hohe Wand,Hausstein,Österreich Ost,,,Hohe Wand | Hausstein | Napoleon Solo This Is Forever,,to create
Spenglerverschneidung,5+,5-7,sport,UIAA,Hohe Wand,Hausstein,Österreich Ost,,,Hohe Wand | Hausstein | Spenglerverschneidung,,to create
Spenglerriss,8-,8-11,sport,UIAA,Hohe Wand,Hausstein,Österreich Ost,,,Hohe Wand | Hausstein | Spenglerriss,,to create
Resls Riss,6,5-7,sport,UIAA,Hohe Wand,Hausstein,Österreich Ost,,,Hohe Wand | Hausstein | Resls Riss,,to create
Happy Haki Hour,6+,5-7,sport,UIAA,Hohe Wand,Hausstein,Österreich Ost,,,Hohe Wand | Hausstein | Happy Haki Hour,,to create
Herbert West,7/7+,5-7,sport,UIAA,Hohe Wand,Hausstein,Österreich Ost,,,Hohe Wand | Hausstein | Herbert West,,to create
Baumblade,7-,5-7,sport,UIAA,Hohe Wand,Haussteinmugal,Österreich Ost,,,Hohe Wand | Haussteinmugal | Baumblade,,to create
Wachablöse,7+,5-7,sport,UIAA,Hohe Wand,Haussteinmugal,Österreich Ost,,,Hohe Wand | Haussteinmugal | Wachablöse,,to create
Fluchtburg,7-,5-7,sport,UIAA,Hohe Wand,Haussteinmugal,Österreich Ost,,,Hohe Wand | Haussteinmugal | Fluchtburg,,to create
Undercover Raxfreaks,8-/8,8-11,sport,UIAA,Hohe Wand,Haussteinmugal,Österreich Ost,,,Hohe Wand | Haussteinmugal | Undercover Raxfreaks,,to create
Karnergeist,6,5-7,multipitch,UIAA,Hohe Wand,Haussteinmugal,Österreich Ost,,,Hohe Wand | Haussteinmugal | Karnergeist,,to create
Swäg Bua Nr 18,,,sport,UIAA,Hohe Wand,Haussteinmugal,Österreich Ost,,,Hohe Wand | Haussteinmugal | Swäg Bua Nr 18,,to create
Visionär mit Erdbeeraugen,,,sport,UIAA,Hohe Wand,Haussteinmugal,Österreich Ost,,,Hohe Wand | Haussteinmugal | Visionär mit Erdbeeraugen,,to create
Sonnenbrand,5-,5-7,sport,UIAA,Hohe Wand,Haussteinmugal,Österreich Ost,,,Hohe Wand | Haussteinmugal | Sonnenbrand,,to create
Der billige Jakob,4-,1-4,sport,UIAA,Hohe Wand,Haussteinmugal,Österreich Ost,,,Hohe Wand | Haussteinmugal | Der billige Jakob,,to create
Miraplatte,4+,1-4,sport,UIAA,Hohe Wand,Haussteinmugal,Österreich Ost,,,Hohe Wand | Haussteinmugal | Miraplatte,,to create
Miraverschneidung,5,5-7,sport,UIAA,Hohe Wand,Haussteinmugal,Österreich Ost,,,Hohe Wand | Haussteinmugal | Miraverschneidung,,to create
E-Var,4,1-4,sport,UIAA,Hohe Wand,Haussteinmugal,Österreich Ost,,,Hohe Wand | Haussteinmugal | E-Var,,to create
Endlich Hocknstad,7-,5-7,sport,UIAA,Hohe Wand,Haussteinmugal,Österreich Ost,,,Hohe Wand | Haussteinmugal | Endlich Hocknstad,,to create
Abschied von Pernitz,7+,5-7,sport,UIAA,Hohe Wand,Haussteinmugal,Österreich Ost,,,Hohe Wand | Haussteinmugal | Abschied von Pernitz,,to create
Kinderversteck,6,5-7,sport,UIAA,Hohe Wand,Haussteinmugal,Österreich Ost,,,Hohe Wand | Haussteinmugal | Kinderversteck,,to create
Neuer Wein,6+/7-,5-7,sport,UIAA,Hohe Wand,Haussteinmugal,Österreich Ost,,,Hohe Wand | Haussteinmugal | Neuer Wein,,to create
Bier am AMS,5+,5-7,sport,UIAA,Hohe Wand,Haussteinmugal,Österreich Ost,,,Hohe Wand | Haussteinmugal | Bier am AMS,,to create
Sepp Mayerl Gedächtnisführe,7-,5-7,multipitch,UIAA,Hohe Wand,Haussteinmugal,Österreich Ost,,,Hohe Wand | Haussteinmugal | Sepp Mayerl Gedächtnisführe,,to create
"I'm God, Like Lil B",,,sport,UIAA,Hohe Wand,Haussteinmugal,Österreich Ost,,,"Hohe Wand | Haussteinmugal | I'm God, Like Lil B",,to create
Runse,6-,5-7,sport,UIAA,Hohe Wand,Haussteinmugal,Österreich Ost,,,Hohe Wand | Haussteinmugal | Runse,,to create
Stille Wasser,6+,5-7,sport,UIAA,Hohe Wand,Haussteinmugal,Österreich Ost,,,Hohe Wand | Haussteinmugal | Stille Wasser,,to create
Ausstieg,5-,5-7,sport,UIAA,Hohe Wand,Haussteinmugal,Österreich Ost,,,Hohe Wand | Haussteinmugal | Ausstieg,,to create
Der letzte Rest vom Schützenfest,5,5-7,sport,UIAA,Hohe Wand,Hirnflitzstein,Österreich Ost,,,Hohe Wand | Hirnflitzstein | Der letzte Rest vom Schützenfest,,to create
Turbund Sturmwerk,6+,5-7,sport,UIAA,Hohe Wand,Hirnflitzstein,Österreich Ost,,,Hohe Wand | Hirnflitzstein | Turbund Sturmwerk,,to create
Lichterkette,6+,5-7,sport,UIAA,Hohe Wand,Hirnflitzstein,Österreich Ost,,,Hohe Wand | Hirnflitzstein | Lichterkette,,to create
Adlitz,6,5-7,sport,UIAA,Hohe Wand,Hirnflitzstein,Österreich Ost,,,Hohe Wand | Hirnflitzstein | Adlitz,,to create
Hirnsausen,7+,5-7,sport,UIAA,Hohe Wand,Hirnflitzstein,Österreich Ost,,,Hohe Wand | Hirnflitzstein | Hirnsausen,,to create
Variante (Hirnsausen),6+,5-7,sport,UIAA,Hohe Wand,Hirnflitzstein,Österreich Ost,,,Hohe Wand | Hirnflitzstein | Variante (Hirnsausen),,to create
Direkter Währingersteig,7-,5-7,sport,UIAA,Hohe Wand,Hirnflitzstein,Österreich Ost,,,Hohe Wand | Hirnflitzstein | Direkter Währingersteig,,to create
Höhlenforscherverschneidung,5+,5-7,sport,UIAA,Hohe Wand,Hirnflitzstein,Österreich Ost,,,Hohe Wand | Hirnflitzstein | Höhlenforscherverschneidung,,to create
Der Gerät,8+,8-11,sport,UIAA,Hohe Wand,Hirnflitzstein,Österreich Ost,,,Hohe Wand | Hirnflitzstein | Der Gerät,,to create
Hedwig,7-,5-7,sport,UIAA,Hohe Wand,Hirnflitzstein,Österreich Ost,,,Hohe Wand | Hirnflitzstein | Hedwig,,to create
Braune Wampe,7,5-7,sport,UIAA,Hohe Wand,Hirnflitzstein,Österreich Ost,,,Hohe Wand | Hirnflitzstein | Braune Wampe,,to create
Kleine Verschneidung,4+,1-4,sport,UIAA,Hohe Wand,Hirnflitzstein,Österreich Ost,,,Hohe Wand | Hirnflitzstein | Kleine Verschneidung,,to create
Käsebrot,6+,5-7,sport,UIAA,Hohe Wand,Hirnflitzstein,Österreich Ost,,,Hohe Wand | Hirnflitzstein | Käsebrot,,to create
Wonderwall,8,8-11,sport,UIAA,Hohe Wand,Hirnflitzstein,Österreich Ost,,,Hohe Wand | Hirnflitzstein | Wonderwall,,to create
Keineswegs Kosher,7,5-7,sport,UIAA,Hohe Wand,Hirnflitzstein,Österreich Ost,,,Hohe Wand | Hirnflitzstein | Keineswegs Kosher,,to create
Der Schlitzer,9-/9,8-11,sport,UIAA,Hohe Wand,Hirnflitzstein,Österreich Ost,,,Hohe Wand | Hirnflitzstein | Der Schlitzer,,to create
Wonderbra,9-/9,8-11,sport,UIAA,Hohe Wand,Hirnflitzstein,Österreich Ost,,,Hohe Wand | Hirnflitzstein | Wonderbra,,to create
SZ Speibtour,7+,5-7,sport,UIAA,Hohe Wand,Hirnflitzstein,Österreich Ost,,,Hohe Wand | Hirnflitzstein | SZ Speibtour,,to create
Fridolino,7+/8-,5-7,sport,UIAA,Hohe Wand,Hirnflitzstein,Österreich Ost,,,Hohe Wand | Hirnflitzstein | Fridolino,,to create
TFW,8+,8-11,sport,UIAA,Hohe Wand,Hirnflitzstein,Österreich Ost,,,Hohe Wand | Hirnflitzstein | TFW,,to create
Slapstick,5,5-7,sport,UIAA,Hohe Wand,Hirnflitzstein,Österreich Ost,,,Hohe Wand | Hirnflitzstein | Slapstick,,to create
Der Pfad des faulen Mannes,8+/9-,8-11,sport,UIAA,Hohe Wand,Hirnflitzstein,Österreich Ost,,,Hohe Wand | Hirnflitzstein | Der Pfad des faulen Mannes,,to create
Müllermilch,7-,5-7,sport,UIAA,Hohe Wand,Hirnflitzstein,Österreich Ost,,,Hohe Wand | Hirnflitzstein | Müllermilch,,to create
Bürgermüller,6+,5-7,sport,UIAA,Hohe Wand,Hirnflitzstein,Österreich Ost,,,Hohe Wand | Hirnflitzstein | Bürgermüller,,to create
Sidestep,6+,5-7,sport,UIAA,Hohe Wand,Hirnflitzstein,Österreich Ost,,,Hohe Wand | Hirnflitzstein | Sidestep,,to create
Hirnflitzer Ost,5,5-7,sport,UIAA,Hohe Wand,Hirnflitzstein,Österreich Ost,,,Hohe Wand | Hirnflitzstein | Hirnflitzer Ost,,to create
Drescherbandpfeiler,6+,5-7,sport,UIAA,Hohe Wand,Wandeck Klettergarten,Österreich Ost,,,Hohe Wand | Wandeck Klettergarten | Drescherbandpfeiler,,to create
Oh du mein Hüttenwirt,6,5-7,sport,UIAA,Hohe Wand,Wandeck Klettergarten,Österreich Ost,,,Hohe Wand | Wandeck Klettergarten | Oh du mein Hüttenwirt,,to create
Obermotzer,7,5-7,sport,UIAA,Hohe Wand,Wandeck Klettergarten,Österreich Ost,,,Hohe Wand | Wandeck Klettergarten | Obermotzer,,to create
Nenette,6+,5-7,sport,UIAA,Hohe Wand,Wandeck Klettergarten,Österreich Ost,,,Hohe Wand | Wandeck Klettergarten | Nenette,,to create
Motzer,7-,5-7,sport,UIAA,Hohe Wand,Wandeck Klettergarten,Österreich Ost,,,Hohe Wand | Wandeck Klettergarten | Motzer,,to create
Summerrunning,7+,5-7,sport,UIAA,Hohe Wand,Wandeck Klettergarten,Österreich Ost,,,Hohe Wand | Wandeck Klettergarten | Summerrunning,,to create
Motzsteiglein,3+,1-4,sport,UIAA,Hohe Wand,Wandeck Klettergarten,Österreich Ost,,,Hohe Wand | Wandeck Klettergarten | Motzsteiglein,,to create
Knollverschneidung,5+,5-7,sport,UIAA,Hohe Wand,Wandeck Klettergarten,Österreich Ost,,,Hohe Wand | Wandeck Klettergarten | Knollverschneidung,,to create
Survival of the Fittest,10-,8-11,sport,UIAA,Hohe Wand,Wandeck Klettergarten,Österreich Ost,,,Hohe Wand | Wandeck Klettergarten | Survival of the Fittest,,to create
Die Kleinen und die Bösen,8,8-11,sport,UIAA,Hohe Wand,Wandeck Klettergarten,Österreich Ost,,,Hohe Wand | Wandeck Klettergarten | Die Kleinen und die Bösen,,to create
Knollsteiglein,4,1-4,sport,UIAA,Hohe Wand,Wandeck Klettergarten,Österreich Ost,,,Hohe Wand | Wandeck Klettergarten | Knollsteiglein,,to create
HHSSA,,,sport,UIAA,Hohe Wand,Wandeck Klettergarten,Österreich Ost,,,Hohe Wand | Wandeck Klettergarten | HHSSA,,to create
My Home Is My Hittn,6,5-7,sport,UIAA,Hohe Wand,Wandeck Klettergarten,Österreich Ost,,,Hohe Wand | Wandeck Klettergarten | My Home Is My Hittn,,to create
Vox Humana,5,5-7,sport,UIAA,Hohe Wand,Wandeck Klettergarten,Österreich Ost,,,Hohe Wand | Wandeck Klettergarten | Vox Humana,,to create
Caressing the Tiger,6+,5-7,sport,UIAA,Hohe Wand,Wandeck Klettergarten,Österreich Ost,,,Hohe Wand | Wandeck Klettergarten | Caressing the Tiger,,to create
Schicksalssymphonie,5-,5-7,sport,UIAA,Hohe Wand,Wandeck Klettergarten,Österreich Ost,,,Hohe Wand | Wandeck Klettergarten | Schicksalssymphonie,,to create
Top Dog,6,5-7,sport,UIAA,Hohe Wand,Wandeck Klettergarten,Österreich Ost,,,Hohe Wand | Wandeck Klettergarten | Top Dog,,to create
Toptopdog,8,8-11,sport,UIAA,Hohe Wand,Wandeck Klettergarten,Österreich Ost,,,Hohe Wand | Wandeck Klettergarten | Toptopdog,,to create
Espandrillo,5+,5-7,sport,UIAA,Hohe Wand,Wandeck Klettergarten,Österreich Ost,,,Hohe Wand | Wandeck Klettergarten | Espandrillo,,to create
Tod und Teufel,8+,8-11,sport,UIAA,Hohe Wand,Wandeck Klettergarten,Österreich Ost,,,Hohe Wand | Wandeck Klettergarten | Tod und Teufel,,to create
Escalier C,7+,5-7,sport,UIAA,Hohe Wand,Wandeck Klettergarten,Österreich Ost,,,Hohe Wand | Wandeck Klettergarten | Escalier C,,to create
Var (Escalier),7-,5-7,sport,UIAA,Hohe Wand,Wandeck Klettergarten,Österreich Ost,,,Hohe Wand | Wandeck Klettergarten | Var (Escalier),,to create
Ostwandkurti Neu,7,5-7,sport,UIAA,Hohe Wand,Wandeck Klettergarten,Österreich Ost,,,Hohe Wand | Wandeck Klettergarten | Ostwandkurti Neu,,to create
Mandela Free,8,8-11,sport,UIAA,Hohe Wand,Wandeck Klettergarten,Österreich Ost,,,Hohe Wand | Wandeck Klettergarten | Mandela Free,,to create
Morbus Parkinson,9-,8-11,sport,UIAA,Hohe Wand,Wandeck Klettergarten,Österreich Ost,,,Hohe Wand | Wandeck Klettergarten | Morbus Parkinson,,to create
Ten Years After,8+,8-11,sport,UIAA,Hohe Wand,Wandeck Klettergarten,Österreich Ost,,,Hohe Wand | Wandeck Klettergarten | Ten Years After,,to create
Malaria,8,8-11,sport,UIAA,Hohe Wand,Wandeck Klettergarten,Österreich Ost,,,Hohe Wand | Wandeck Klettergarten | Malaria,,to create
Mandela Dead,8+,8-11,sport,UIAA,Hohe Wand,Wandeck Klettergarten,Österreich Ost,,,Hohe Wand | Wandeck Klettergarten | Mandela Dead,,to create
Fool on the Hill,9-,8-11,sport,UIAA,Hohe Wand,Wandeck Klettergarten,Österreich Ost,,,Hohe Wand | Wandeck Klettergarten | Fool on the Hill,,to create
Hunter,8-,8-11,sport,UIAA,Hohe Wand,Wandeck Klettergarten,Österreich Ost,,,Hohe Wand | Wandeck Klettergarten | Hunter,,to create
Eat the Rich,7,5-7,sport,UIAA,Hohe Wand,Wandeck Klettergarten,Österreich Ost,,,Hohe Wand | Wandeck Klettergarten | Eat the Rich,,to create
Hootchie Gootchie Man,6+,5-7,sport,UIAA,Hohe Wand,Wandeck Klettergarten,Österreich Ost,,,Hohe Wand | Wandeck Klettergarten | Hootchie Gootchie Man,,to create
Eiertanz,7,5-7,sport,UIAA,Hohe Wand,Wandeck Klettergarten,Österreich Ost,,,Hohe Wand | Wandeck Klettergarten | Eiertanz,,to create
Fleischwolf,6+,5-7,sport,UIAA,Hohe Wand,Wandeck Klettergarten,Österreich Ost,,,Hohe Wand | Wandeck Klettergarten | Fleischwolf,,to create
Bergsportzentrumsweg,7+,5-7,sport,UIAA,Hohe Wand,Wandeck Klettergarten,Österreich Ost,,,Hohe Wand | Wandeck Klettergarten | Bergsportzentrumsweg,,to create
Wild at Heart,7,5-7,sport,UIAA,Hohe Wand,Wandeck Klettergarten,Österreich Ost,,,Hohe Wand | Wandeck Klettergarten | Wild at Heart,,to create
Verlängerung (Wild at Heart),7+/8-,5-7,sport,UIAA,Hohe Wand,Wandeck Klettergarten,Österreich Ost,,,Hohe Wand | Wandeck Klettergarten | Verlängerung (Wild at Heart),,to create
Namenlos (Wandeck a),7-,5-7,sport,UIAA,Hohe Wand,Wandeck Klettergarten,Österreich Ost,,,Hohe Wand | Wandeck Klettergarten | Namenlos (Wandeck a),,to create
Zarathustra,6+,5-7,sport,UIAA,Hohe Wand,Wandeck Klettergarten,Österreich Ost,,,Hohe Wand | Wandeck Klettergarten | Zarathustra,,to create
Luckys Streik,6+,5-7,sport,UIAA,Hohe Wand,Wandeck Klettergarten,Österreich Ost,,,Hohe Wand | Wandeck Klettergarten | Luckys Streik,,to create
Das Projekt (Wandeck),6+,5-7,sport,UIAA,Hohe Wand,Wandeck Klettergarten,Österreich Ost,,,Hohe Wand | Wandeck Klettergarten | Das Projekt (Wandeck),,to create
Hanky Panky,6+,5-7,sport,UIAA,Hohe Wand,Wandeck Klettergarten,Österreich Ost,,,Hohe Wand | Wandeck Klettergarten | Hanky Panky,,to create
Steig der Schmiede,6,5-7,sport,UIAA,Hohe Wand,Wandeck Klettergarten,Österreich Ost,,,Hohe Wand | Wandeck Klettergarten | Steig der Schmiede,,to create
Steig der mechanischen Werkstätte,6+,5-7,sport,UIAA,Hohe Wand,Wandeck Klettergarten,Österreich Ost,,,Hohe Wand | Wandeck Klettergarten | Steig der mechanischen Werkstätte,,to create
Fluxus,6+,5-7,sport,UIAA,Hohe Wand,Wandeck Klettergarten,Österreich Ost,,,Hohe Wand | Wandeck Klettergarten | Fluxus,,to create
Verlängerung (Fugazi),6-,5-7,sport,UIAA,Hohe Wand,Wandeck Klettergarten,Österreich Ost,,,Hohe Wand | Wandeck Klettergarten | Verlängerung (Fugazi),,to create
Fleischesser,5+,5-7,sport,UIAA,Hohe Wand,Wandeck Klettergarten,Österreich Ost,,,Hohe Wand | Wandeck Klettergarten | Fleischesser,,to create
Skiny,5,5-7,sport,UIAA,Hohe Wand,Wandeck Klettergarten,Österreich Ost,,,Hohe Wand | Wandeck Klettergarten | Skiny,,to create
Herrgottschnitzerweg,5,5-7,sport,UIAA,Hohe Wand,Wandeck Klettergarten,Österreich Ost,,,Hohe Wand | Wandeck Klettergarten | Herrgottschnitzerweg,,to create
Ast im Rücken,7-,5-7,sport,UIAA,Hohe Wand,Wandeck Klettergarten,Österreich Ost,,,Hohe Wand | Wandeck Klettergarten | Ast im Rücken,,to create
Time and Again,6,5-7,sport,UIAA,Hohe Wand,Wandeck Klettergarten,Österreich Ost,,,Hohe Wand | Wandeck Klettergarten | Time and Again,,to create
Fugazi,6,5-7,sport,UIAA,Hohe Wand,Wandeck Klettergarten,Österreich Ost,,,Hohe Wand | Wandeck Klettergarten | Fugazi,,to create
Sportsfreund,10-,8-11,sport,UIAA,Hohe Wand,Wandeck Klettergarten,Österreich Ost,,,Hohe Wand | Wandeck Klettergarten | Sportsfreund,,to create
Red Hot Chili Peppers,7+,5-7,sport,UIAA,Hohe Wand,Wandeck Klettergarten,Österreich Ost,,,Hohe Wand | Wandeck Klettergarten | Red Hot Chili Peppers,,to create
Pushmi Pullyu,8-/8,8-11,sport,UIAA,Hohe Wand,Wandeck Klettergarten,Österreich Ost,,,Hohe Wand | Wandeck Klettergarten | Pushmi Pullyu,,to create
Amygdala,8-/8,8-11,sport,UIAA,Hohe Wand,Wandeck Klettergarten,Österreich Ost,,,Hohe Wand | Wandeck Klettergarten | Amygdala,,to create
Damisch Dynamisch,7,5-7,sport,UIAA,Hohe Wand,Wandeck Klettergarten,Österreich Ost,,,Hohe Wand | Wandeck Klettergarten | Damisch Dynamisch,,to create
Liebesnest,7,5-7,sport,UIAA,Hohe Wand,Wandeck Klettergarten,Österreich Ost,,,Hohe Wand | Wandeck Klettergarten | Liebesnest,,to create
Henkel Trocken,6+,5-7,sport,UIAA,Hohe Wand,Wandeck Klettergarten,Österreich Ost,,,Hohe Wand | Wandeck Klettergarten | Henkel Trocken,,to create
Gran Fury,7-,5-7,sport,UIAA,Hohe Wand,Wandeck Klettergarten,Österreich Ost,,,Hohe Wand | Wandeck Klettergarten | Gran Fury,,to create
Zwischenzeit,7,5-7,sport,UIAA,Hohe Wand,Wandeck Klettergarten,Österreich Ost,,,Hohe Wand | Wandeck Klettergarten | Zwischenzeit,,to create
Bigtime,8-,8-11,sport,UIAA,Hohe Wand,Wandeck Klettergarten,Österreich Ost,,,Hohe Wand | Wandeck Klettergarten | Bigtime,,to create
Schneuzelchen,9+,8-11,sport,UIAA,Hohe Wand,Wandeck Klettergarten,Österreich Ost,,,Hohe Wand | Wandeck Klettergarten | Schneuzelchen,,to create
Wohin und zurück,9-,8-11,sport,UIAA,Hohe Wand,Wandeck Klettergarten,Österreich Ost,,,Hohe Wand | Wandeck Klettergarten | Wohin und zurück,,to create
Lausbubenriss,6,5-7,sport,UIAA,Hohe Wand,Strassenwand,Österreich Ost,,,Hohe Wand | Strassenwand | Lausbubenriss,,to create
Land der Lausbuben,7,5-7,sport,UIAA,Hohe Wand,Strassenwand,Österreich Ost,,,Hohe Wand | Strassenwand | Land der Lausbuben,,to create
Zwei Bomben mehr,8-,8-11,sport,UIAA,Hohe Wand,Strassenwand,Österreich Ost,,,Hohe Wand | Strassenwand | Zwei Bomben mehr,,to create
Der Stümper,8-,8-11,sport,UIAA,Hohe Wand,Strassenwand,Österreich Ost,,,Hohe Wand | Strassenwand | Der Stümper,,to create
Direinstieg,7,5-7,sport,UIAA,Hohe Wand,Strassenwand,Österreich Ost,,,Hohe Wand | Strassenwand | Direinstieg,,to create
Puchberger Präsent,9+/10-,8-11,sport,UIAA,Hohe Wand,Strassenwand,Österreich Ost,,,Hohe Wand | Strassenwand | Puchberger Präsent,,to create
Heidi Hetzer,8+,8-11,sport,UIAA,Hohe Wand,Strassenwand,Österreich Ost,,,Hohe Wand | Strassenwand | Heidi Hetzer,,to create
Müllerriss,7+,5-7,sport,UIAA,Hohe Wand,Strassenwand,Österreich Ost,,,Hohe Wand | Strassenwand | Müllerriss,,to create
Hammersturm,7+,5-7,sport,UIAA,Hohe Wand,Strassenwand,Österreich Ost,,,Hohe Wand | Strassenwand | Hammersturm,,to create
Room to Move,9-,8-11,sport,UIAA,Hohe Wand,Strassenwand,Österreich Ost,,,Hohe Wand | Strassenwand | Room to Move,,to create
Lock Up,8/8+,8-11,sport,UIAA,Hohe Wand,Strassenwand,Österreich Ost,,,Hohe Wand | Strassenwand | Lock Up,,to create
Stoneoffice,8,8-11,sport,UIAA,Hohe Wand,Strassenwand,Österreich Ost,,,Hohe Wand | Strassenwand | Stoneoffice,,to create
Crisis,7,5-7,sport,UIAA,Hohe Wand,Strassenwand,Österreich Ost,,,Hohe Wand | Strassenwand | Crisis,,to create
Schweinsgalopp,7,5-7,sport,UIAA,Hohe Wand,Strassenwand,Österreich Ost,,,Hohe Wand | Strassenwand | Schweinsgalopp,,to create
Morbus 68,6+,5-7,sport,UIAA,Hohe Wand,Strassenwand,Österreich Ost,,,Hohe Wand | Strassenwand | Morbus 68,,to create
Helly Hannsen,7,5-7,sport,UIAA,Hohe Wand,Strassenwand,Österreich Ost,,,Hohe Wand | Strassenwand | Helly Hannsen,,to create
Rein oder Nein,6+,5-7,sport,UIAA,Hohe Wand,Strassenwand,Österreich Ost,,,Hohe Wand | Strassenwand | Rein oder Nein,,to create
Eichenlaub,8,8-11,sport,UIAA,Hohe Wand,Strassenwand,Österreich Ost,,,Hohe Wand | Strassenwand | Eichenlaub,,to create
Persona Non Grata,7,5-7,sport,UIAA,Hohe Wand,Strassenwand,Österreich Ost,,,Hohe Wand | Strassenwand | Persona Non Grata,,to create
Jörg Gedächtnisweg,6,5-7,sport,UIAA,Hohe Wand,Strassenwand,Österreich Ost,,,Hohe Wand | Strassenwand | Jörg Gedächtnisweg,,to create
Sphynx,7,5-7,sport,UIAA,Hohe Wand,Strassenwand,Österreich Ost,,,Hohe Wand | Strassenwand | Sphynx,,to create
Ruhig Blut,7+,5-7,sport,UIAA,Hohe Wand,Strassenwand,Österreich Ost,,,Hohe Wand | Strassenwand | Ruhig Blut,,to create
Immer Vorwärts,7-,5-7,sport,UIAA,Hohe Wand,Strassenwand,Österreich Ost,,,Hohe Wand | Strassenwand | Immer Vorwärts,,to create
Musikantenstadl,7-,5-7,sport,UIAA,Hohe Wand,Strassenwand,Österreich Ost,,,Hohe Wand | Strassenwand | Musikantenstadl,,to create
Goldblut,7,5-7,sport,UIAA,Hohe Wand,Strassenwand,Österreich Ost,,,Hohe Wand | Strassenwand | Goldblut,,to create
Blutmauer,9+,8-11,sport,UIAA,Hohe Wand,Strassenwand,Österreich Ost,,,Hohe Wand | Strassenwand | Blutmauer,,to create
Zang Tumb Tumb,8-,8-11,sport,UIAA,Hohe Wand,Strassenwand,Österreich Ost,,,Hohe Wand | Strassenwand | Zang Tumb Tumb,,to create
Split,7+,5-7,sport,UIAA,Hohe Wand,Strassenwand,Österreich Ost,,,Hohe Wand | Strassenwand | Split,,to create
Spätlese,7+,5-7,sport,UIAA,Hohe Wand,Strassenwand,Österreich Ost,,,Hohe Wand | Strassenwand | Spätlese,,to create
Ruhelos,8-,8-11,sport,UIAA,Hohe Wand,Strassenwand,Österreich Ost,,,Hohe Wand | Strassenwand | Ruhelos,,to create
Vater Mond,4,1-4,sport,UIAA,Hohe Wand,ÖTK Klettergarten,Österreich Ost,,,Hohe Wand | ÖTK Klettergarten | Vater Mond,,to create
Neue Sonne,3,1-4,sport,UIAA,Hohe Wand,ÖTK Klettergarten,Österreich Ost,,,Hohe Wand | ÖTK Klettergarten | Neue Sonne,,to create
Weisser Mond,4,1-4,sport,UIAA,Hohe Wand,ÖTK Klettergarten,Österreich Ost,,,Hohe Wand | ÖTK Klettergarten | Weisser Mond,,to create
Rotes Dreieck,4,1-4,sport,UIAA,Hohe Wand,ÖTK Klettergarten,Österreich Ost,,,Hohe Wand | ÖTK Klettergarten | Rotes Dreieck,,to create
Bahlsenkex,4,1-4,sport,UIAA,Hohe Wand,ÖTK Klettergarten,Österreich Ost,,,Hohe Wand | ÖTK Klettergarten | Bahlsenkex,,to create
Marebito,6+,5-7,sport,UIAA,Hohe Wand,ÖTK Klettergarten,Österreich Ost,,,Hohe Wand | ÖTK Klettergarten | Marebito,,to create
Sonnenfinsternis,7,5-7,sport,UIAA,Hohe Wand,ÖTK Klettergarten,Österreich Ost,,,Hohe Wand | ÖTK Klettergarten | Sonnenfinsternis,,to create
Mental Funeral,9,8-11,sport,UIAA,Hohe Wand,ÖTK Klettergarten,Österreich Ost,,,Hohe Wand | ÖTK Klettergarten | Mental Funeral,,to create
Quellenkante,8,8-11,sport,UIAA,Hohe Wand,ÖTK Klettergarten,Österreich Ost,,,Hohe Wand | ÖTK Klettergarten | Quellenkante,,to create
Sacramento,7+/8-,5-7,sport,UIAA,Hohe Wand,ÖTK Klettergarten,Österreich Ost,,,Hohe Wand | ÖTK Klettergarten | Sacramento,,to create
Ruckzuck,7,5-7,sport,UIAA,Hohe Wand,ÖTK Klettergarten,Österreich Ost,,,Hohe Wand | ÖTK Klettergarten | Ruckzuck,,to create
Santa Fe,7+/8-,5-7,sport,UIAA,Hohe Wand,ÖTK Klettergarten,Österreich Ost,,,Hohe Wand | ÖTK Klettergarten | Santa Fe,,to create
Aller Anfang,6+,5-7,sport,UIAA,Hohe Wand,ÖTK Klettergarten,Österreich Ost,,,Hohe Wand | ÖTK Klettergarten | Aller Anfang,,to create
Kurzer Kamin (ÖTK),5,5-7,sport,UIAA,Hohe Wand,ÖTK Klettergarten,Österreich Ost,,,Hohe Wand | ÖTK Klettergarten | Kurzer Kamin (ÖTK),,to create
Var (ÖTK),4+,1-4,sport,UIAA,Hohe Wand,ÖTK Klettergarten,Österreich Ost,,,Hohe Wand | ÖTK Klettergarten | Var (ÖTK),,to create
Wilde Völlerin,3-,1-4,sport,UIAA,Hohe Wand,ÖTK Klettergarten,Österreich Ost,,,Hohe Wand | ÖTK Klettergarten | Wilde Völlerin,,to create
Wildeste Völlerin,3+,1-4,sport,UIAA,Hohe Wand,ÖTK Klettergarten,Österreich Ost,,,Hohe Wand | ÖTK Klettergarten | Wildeste Völlerin,,to create
Linker Völlerinpfeiler,5,5-7,sport,UIAA,Hohe Wand,ÖTK Klettergarten,Österreich Ost,,,Hohe Wand | ÖTK Klettergarten | Linker Völlerinpfeiler,,to create
Völlerinpfeiler,4+,1-4,sport,UIAA,Hohe Wand,ÖTK Klettergarten,Österreich Ost,,,Hohe Wand | ÖTK Klettergarten | Völlerinpfeiler,,to create
Beinhart,8+,8-11,sport,UIAA,Hohe Wand,ÖTK Klettergarten,Österreich Ost,,,Hohe Wand | ÖTK Klettergarten | Beinhart,,to create
Unterm Pfaffenrock,8-,8-11,sport,UIAA,Hohe Wand,ÖTK Klettergarten,Österreich Ost,,,Hohe Wand | ÖTK Klettergarten | Unterm Pfaffenrock,,to create
Für unsere Kinder,2-,1-4,sport,UIAA,Hohe Wand,ÖTK Klettergarten,Österreich Ost,,,Hohe Wand | ÖTK Klettergarten | Für unsere Kinder,,to create
Der strenge Geruch nach Merkapthan,9+,8-11,sport,UIAA,Hohe Wand,ÖTK Klettergarten,Österreich Ost,,,Hohe Wand | ÖTK Klettergarten | Der strenge Geruch nach Merkapthan,,to create
Maxpfeiler,4-,1-4,sport,UIAA,Hohe Wand,ÖTK Klettergarten,Österreich Ost,,,Hohe Wand | ÖTK Klettergarten | Maxpfeiler,,to create
Der Mann von der Maut,3,1-4,sport,UIAA,Hohe Wand,ÖTK Klettergarten,Österreich Ost,,,Hohe Wand | ÖTK Klettergarten | Der Mann von der Maut,,to create
Die wüdeste Posteline,4+,1-4,sport,UIAA,Hohe Wand,ÖTK Klettergarten,Österreich Ost,,,Hohe Wand | ÖTK Klettergarten | Die wüdeste Posteline,,to create
Sonnenuhrverschneidung,6,5-7,sport,UIAA,Hohe Wand,ÖTK Klettergarten,Österreich Ost,,,Hohe Wand | ÖTK Klettergarten | Sonnenuhrverschneidung,,to create
Pfeilereinstieg,6,5-7,sport,UIAA,Hohe Wand,ÖTK Klettergarten,Österreich Ost,,,Hohe Wand | ÖTK Klettergarten | Pfeilereinstieg,,to create
Überhangvariante,7-,5-7,sport,UIAA,Hohe Wand,ÖTK Klettergarten,Österreich Ost,,,Hohe Wand | ÖTK Klettergarten | Überhangvariante,,to create
Nebelreissen,5,5-7,sport,UIAA,Hohe Wand,ÖTK Klettergarten,Österreich Ost,,,Hohe Wand | ÖTK Klettergarten | Nebelreissen,,to create
Miluppa,7,5-7,sport,UIAA,Hohe Wand,ÖTK Klettergarten,Österreich Ost,,,Hohe Wand | ÖTK Klettergarten | Miluppa,,to create
Nebelgrauen,5-,5-7,sport,UIAA,Hohe Wand,ÖTK Klettergarten,Österreich Ost,,,Hohe Wand | ÖTK Klettergarten | Nebelgrauen,,to create
Bat Bitch,8+,8-11,sport,UIAA,Hohe Wand,Unterer Almfrieden,Österreich Ost,,,Hohe Wand | Unterer Almfrieden | Bat Bitch,,to create
Robin Hood,8,8-11,sport,UIAA,Hohe Wand,Unterer Almfrieden,Österreich Ost,,,Hohe Wand | Unterer Almfrieden | Robin Hood,,to create
Gut Ding braucht Weile,8-,8-11,sport,UIAA,Hohe Wand,Unterer Almfrieden,Österreich Ost,,,Hohe Wand | Unterer Almfrieden | Gut Ding braucht Weile,,to create
Im Schatten des Sequoia,8-,8-11,sport,UIAA,Hohe Wand,Unterer Almfrieden,Österreich Ost,,,Hohe Wand | Unterer Almfrieden | Im Schatten des Sequoia,,to create
Turbo Diesel,8-,8-11,sport,UIAA,Hohe Wand,Unterer Almfrieden,Österreich Ost,,,Hohe Wand | Unterer Almfrieden | Turbo Diesel,,to create
Condorman,8,8-11,sport,UIAA,Hohe Wand,Unterer Almfrieden,Österreich Ost,,,Hohe Wand | Unterer Almfrieden | Condorman,,to create
Flug des Kolibri,7/7+,5-7,sport,UIAA,Hohe Wand,Unterer Almfrieden,Österreich Ost,,,Hohe Wand | Unterer Almfrieden | Flug des Kolibri,,to create
Öko Hanf,7+,5-7,sport,UIAA,Hohe Wand,Unterer Almfrieden,Österreich Ost,,,Hohe Wand | Unterer Almfrieden | Öko Hanf,,to create
Im Regenwald,7+,5-7,sport,UIAA,Hohe Wand,Unterer Almfrieden,Österreich Ost,,,Hohe Wand | Unterer Almfrieden | Im Regenwald,,to create
Time Out,8+/9-,8-11,sport,UIAA,Hohe Wand,Unterer Almfrieden,Österreich Ost,,,Hohe Wand | Unterer Almfrieden | Time Out,,to create
Namenlos (Almfrieden a),8,8-11,sport,UIAA,Hohe Wand,Unterer Almfrieden,Österreich Ost,,,Hohe Wand | Unterer Almfrieden | Namenlos (Almfrieden a),,to create
Arktischer Sturm,8,8-11,sport,UIAA,Hohe Wand,Unterer Almfrieden,Österreich Ost,,,Hohe Wand | Unterer Almfrieden | Arktischer Sturm,,to create
Froschkönig,7-,5-7,sport,UIAA,Hohe Wand,Unterer Almfrieden,Österreich Ost,,,Hohe Wand | Unterer Almfrieden | Froschkönig,,to create
Märchenprinz,7,5-7,sport,UIAA,Hohe Wand,Unterer Almfrieden,Österreich Ost,,,Hohe Wand | Unterer Almfrieden | Märchenprinz,,to create
Zwergnase,6+,5-7,sport,UIAA,Hohe Wand,Unterer Almfrieden,Österreich Ost,,,Hohe Wand | Unterer Almfrieden | Zwergnase,,to create
Zwielichtig,6+,5-7,sport,UIAA,Hohe Wand,Unterer Almfrieden,Österreich Ost,,,Hohe Wand | Unterer Almfrieden | Zwielichtig,,to create
Papamobil,6,5-7,sport,UIAA,Hohe Wand,Unterer Almfrieden,Österreich Ost,,,Hohe Wand | Unterer Almfrieden | Papamobil,,to create
Steinfeder Rose,5+,5-7,sport,UIAA,Hohe Wand,Unterer Almfrieden,Österreich Ost,,,Hohe Wand | Unterer Almfrieden | Steinfeder Rose,,to create
Graue Kante,3+,1-4,sport,UIAA,Hohe Wand,Hochkogeleck,Österreich Ost,,,Hohe Wand | Hochkogeleck | Graue Kante,,to create
Yes We Can,7,5-7,sport,UIAA,Hohe Wand,Hochkogeleck,Österreich Ost,,,Hohe Wand | Hochkogeleck | Yes We Can,,to create
Miss Helsinki,8,8-11,sport,UIAA,Hohe Wand,Hochkogeleck,Österreich Ost,,,Hohe Wand | Hochkogeleck | Miss Helsinki,,to create
Trumpets Call,6-,5-7,sport,UIAA,Hohe Wand,Hochkogeleck,Österreich Ost,,,Hohe Wand | Hochkogeleck | Trumpets Call,,to create
Die Wende,5-,5-7,sport,UIAA,Hohe Wand,Hochkogeleck,Österreich Ost,,,Hohe Wand | Hochkogeleck | Die Wende,,to create
Bocksteig,2-,1-4,sport,UIAA,Hohe Wand,Hochkogeleck,Österreich Ost,,,Hohe Wand | Hochkogeleck | Bocksteig,,to create
Die neue Welle,5+,5-7,sport,UIAA,Hohe Wand,Hochkogeleck,Österreich Ost,,,Hohe Wand | Hochkogeleck | Die neue Welle,,to create
FCK System,6+,5-7,sport,UIAA,Hohe Wand,Hochkogeleck,Österreich Ost,,,Hohe Wand | Hochkogeleck | FCK System,,to create
Horusauge,6+,5-7,sport,UIAA,Hohe Wand,Hochkogeleck,Österreich Ost,,,Hohe Wand | Hochkogeleck | Horusauge,,to create
An Bahnsteigen stehn,7+,5-7,sport,UIAA,Hohe Wand,Hochkogeleck,Österreich Ost,,,Hohe Wand | Hochkogeleck | An Bahnsteigen stehn,,to create
Walknut,7,5-7,sport,UIAA,Hohe Wand,Hochkogeleck,Österreich Ost,,,Hohe Wand | Hochkogeleck | Walknut,,to create
Alek,7-,5-7,sport,UIAA,Hohe Wand,Hochkogeleck,Österreich Ost,,,Hohe Wand | Hochkogeleck | Alek,,to create
Drangsal,6-,5-7,sport,UIAA,Hohe Wand,Hochkogeleck,Österreich Ost,,,Hohe Wand | Hochkogeleck | Drangsal,,to create
Drangsal Lang,9/9+,8-11,multipitch,UIAA,Hohe Wand,Hochkogeleck,Österreich Ost,,,Hohe Wand | Hochkogeleck | Drangsal Lang,,to create
Gungnir,5-,5-7,sport,UIAA,Hohe Wand,Hochkogeleck,Österreich Ost,,,Hohe Wand | Hochkogeleck | Gungnir,,to create
Gungnir Lang,10-,8-11,multipitch,UIAA,Hohe Wand,Hochkogeleck,Österreich Ost,,,Hohe Wand | Hochkogeleck | Gungnir Lang,,to create
Feuropa + Neuer Einstieg,7,5-7,multipitch,UIAA,Hohe Wand,Hochkogeleck,Österreich Ost,,,Hohe Wand | Hochkogeleck | Feuropa + Neuer Einstieg,,to create
Feuropa,7,5-7,multipitch,UIAA,Hohe Wand,Hochkogeleck,Österreich Ost,,,Hohe Wand | Hochkogeleck | Feuropa,,to create
Wildhoney,7-,5-7,sport,UIAA,Hohe Wand,Hochkogel,Österreich Ost,,,Hohe Wand | Hochkogel | Wildhoney,,to create
Honeymoon,7-,5-7,sport,UIAA,Hohe Wand,Hochkogel,Österreich Ost,,,Hohe Wand | Hochkogel | Honeymoon,,to create
Zauberlehrling,7-,5-7,sport,UIAA,Hohe Wand,Hochkogel,Österreich Ost,,,Hohe Wand | Hochkogel | Zauberlehrling,,to create
Zauberflöte,7,5-7,sport,UIAA,Hohe Wand,Hochkogel,Österreich Ost,,,Hohe Wand | Hochkogel | Zauberflöte,,to create
Esparanza,7,5-7,sport,UIAA,Hohe Wand,Hochkogel,Österreich Ost,,,Hohe Wand | Hochkogel | Esparanza,,to create
Uovopeccare,7+,5-7,sport,UIAA,Hohe Wand,Hochkogel,Österreich Ost,,,Hohe Wand | Hochkogel | Uovopeccare,,to create
Geilspecht,8,8-11,sport,UIAA,Hohe Wand,Hochkogel,Österreich Ost,,,Hohe Wand | Hochkogel | Geilspecht,,to create
Iszeit,9-/9,8-11,sport,UIAA,Hohe Wand,Hochkogel,Österreich Ost,,,Hohe Wand | Hochkogel | Iszeit,,to create
Condor,8,8-11,sport,UIAA,Hohe Wand,Hochkogel,Österreich Ost,,,Hohe Wand | Hochkogel | Condor,,to create
König Uhu und die Gier,9-,8-11,sport,UIAA,Hohe Wand,Hochkogel,Österreich Ost,,,Hohe Wand | Hochkogel | König Uhu und die Gier,,to create
Urquell,8-,8-11,sport,UIAA,Hohe Wand,Hochkogel,Österreich Ost,,,Hohe Wand | Hochkogel | Urquell,,to create
Pokerface,7+,5-7,sport,UIAA,Hohe Wand,Hochkogel,Österreich Ost,,,Hohe Wand | Hochkogel | Pokerface,,to create
Kraftlicht,11-,8-11,sport,UIAA,Hohe Wand,Hochkogel,Österreich Ost,,,Hohe Wand | Hochkogel | Kraftlicht,,to create
Windkraft,10-,8-11,sport,UIAA,Hohe Wand,Hochkogel,Österreich Ost,,,Hohe Wand | Hochkogel | Windkraft,,to create
Zeitreise,10,8-11,sport,UIAA,Hohe Wand,Hochkogel,Österreich Ost,,,Hohe Wand | Hochkogel | Zeitreise,,to create
Finstertour,10,8-11,sport,UIAA,Hohe Wand,Hochkogel,Österreich Ost,,,Hohe Wand | Hochkogel | Finstertour,,to create
Im Reich des silbernen Löwen,10/10+,8-11,sport,UIAA,Hohe Wand,Hochkogel,Österreich Ost,,,Hohe Wand | Hochkogel | Im Reich des silbernen Löwen,,to create
Die Philosophie ist wie ein Gurkerl im Knie,10,8-11,sport,UIAA,Hohe Wand,Hochkogel,Österreich Ost,,,Hohe Wand | Hochkogel | Die Philosophie ist wie ein Gurkerl im Knie,,to create
Manitou,9-,8-11,sport,UIAA,Hohe Wand,Hochkogel,Österreich Ost,,,Hohe Wand | Hochkogel | Manitou,,to create
Back to the Roots,10+,8-11,sport,UIAA,Hohe Wand,Hochkogel,Österreich Ost,,,Hohe Wand | Hochkogel | Back to the Roots,,to create
Nobodi,9+/10-,8-11,sport,UIAA,Hohe Wand,Hochkogel,Österreich Ost,,,Hohe Wand | Hochkogel | Nobodi,,to create
1000 Liter Feuerwasser,10/10,8-11,sport,UIAA,Hohe Wand,Hochkogel,Österreich Ost,,,Hohe Wand | Hochkogel | 1000 Liter Feuerwasser,,to create
Tscho Tschi,10-/10,8-11,sport,UIAA,Hohe Wand,Hochkogel,Österreich Ost,,,Hohe Wand | Hochkogel | Tscho Tschi,,to create
Verliebter Leichnam,10,8-11,sport,UIAA,Hohe Wand,Hochkogel,Österreich Ost,,,Hohe Wand | Hochkogel | Verliebter Leichnam,,to create
Red Bull,9-/9,8-11,sport,UIAA,Hohe Wand,Hochkogel,Österreich Ost,,,Hohe Wand | Hochkogel | Red Bull,,to create
Nirvana,8+/9-,8-11,sport,UIAA,Hohe Wand,Hochkogel,Österreich Ost,,,Hohe Wand | Hochkogel | Nirvana,,to create
Winnitou,9-,8-11,sport,UIAA,Hohe Wand,Hochkogel,Österreich Ost,,,Hohe Wand | Hochkogel | Winnitou,,to create
Ballisto Vertikal,9-,8-11,sport,UIAA,Hohe Wand,Hochkogel,Österreich Ost,,,Hohe Wand | Hochkogel | Ballisto Vertikal,,to create
Hakoah,9+/10-,8-11,sport,UIAA,Hohe Wand,Hochkogel,Österreich Ost,,,Hohe Wand | Hochkogel | Hakoah,,to create
Impoposant,9+,8-11,sport,UIAA,Hohe Wand,Hochkogel,Österreich Ost,,,Hohe Wand | Hochkogel | Impoposant,,to create
Milchstau,9+/10-,8-11,sport,UIAA,Hohe Wand,Hochkogel,Österreich Ost,,,Hohe Wand | Hochkogel | Milchstau,,to create
Rex the Runt,10-,8-11,sport,UIAA,Hohe Wand,Hochkogel,Österreich Ost,,,Hohe Wand | Hochkogel | Rex the Runt,,to create
Cold Turkey,10-,8-11,sport,UIAA,Hohe Wand,Hochkogel,Österreich Ost,,,Hohe Wand | Hochkogel | Cold Turkey,,to create
Stilldemenz,10-,8-11,sport,UIAA,Hohe Wand,Hochkogel,Österreich Ost,,,Hohe Wand | Hochkogel | Stilldemenz,,to create
Missing Link,9-,8-11,sport,UIAA,Hohe Wand,Hochkogel,Österreich Ost,,,Hohe Wand | Hochkogel | Missing Link,,to create
Lucy in the Sky,7-,5-7,sport,UIAA,Hohe Wand,Hochkogel,Österreich Ost,,,Hohe Wand | Hochkogel | Lucy in the Sky,,to create
Lederstrumpf,6+,5-7,sport,UIAA,Hohe Wand,Hochkogel,Österreich Ost,,,Hohe Wand | Hochkogel | Lederstrumpf,,to create
Supermartinachtzeh,8-,8-11,sport,UIAA,Hohe Wand,Hochkogel,Österreich Ost,,,Hohe Wand | Hochkogel | Supermartinachtzeh,,to create
Hakuna Matata,10-,8-11,sport,UIAA,Hohe Wand,Hochfallbasis,Österreich Ost,,,Hohe Wand | Hochfallbasis | Hakuna Matata,,to create
Pfeilerharmonie,7,5-7,sport,UIAA,Hohe Wand,Hochfallbasis,Österreich Ost,,,Hohe Wand | Hochfallbasis | Pfeilerharmonie,,to create
Schilddrüsengenerator,7,5-7,sport,UIAA,Hohe Wand,Hochfallbasis,Österreich Ost,,,Hohe Wand | Hochfallbasis | Schilddrüsengenerator,,to create
Hochfallpfeiler,6+,5-7,sport,UIAA,Hohe Wand,Hochfallbasis,Österreich Ost,,,Hohe Wand | Hochfallbasis | Hochfallpfeiler,,to create
Potatoe Field,7+/8-,5-7,sport,UIAA,Hohe Wand,Hochfallbasis,Österreich Ost,,,Hohe Wand | Hochfallbasis | Potatoe Field,,to create
Knusperstilzchen,7+/8-,5-7,sport,UIAA,Hohe Wand,Hochfallbasis,Österreich Ost,,,Hohe Wand | Hochfallbasis | Knusperstilzchen,,to create
Eldorado,7,5-7,sport,UIAA,Hohe Wand,Hochfallbasis,Österreich Ost,,,Hohe Wand | Hochfallbasis | Eldorado,,to create
Tanz den Mussolini,8-,8-11,sport,UIAA,Hohe Wand,Hochfallbasis,Österreich Ost,,,Hohe Wand | Hochfallbasis | Tanz den Mussolini,,to create
Nullkommajosef,8-/8,8-11,sport,UIAA,Hohe Wand,Hochfallbasis,Österreich Ost,,,Hohe Wand | Hochfallbasis | Nullkommajosef,,to create
Thar,7+,5-7,sport,UIAA,Hohe Wand,Hochfallbasis,Österreich Ost,,,Hohe Wand | Hochfallbasis | Thar,,to create
Get a Grip,7+,5-7,sport,UIAA,Hohe Wand,Hochfallbasis,Österreich Ost,,,Hohe Wand | Hochfallbasis | Get a Grip,,to create
Take a Trip,8/8+,8-11,sport,UIAA,Hohe Wand,Hochfallbasis,Österreich Ost,,,Hohe Wand | Hochfallbasis | Take a Trip,,to create
Kein Kaffee kein Kuchen,8,8-11,sport,UIAA,Hohe Wand,Hochfallbasis,Österreich Ost,,,Hohe Wand | Hochfallbasis | Kein Kaffee kein Kuchen,,to create
Whales Forever,9-/10-,8-11,sport,UIAA,Hohe Wand,Hochfallbasis,Österreich Ost,,,Hohe Wand | Hochfallbasis | Whales Forever,,to create
Orca,8+,8-11,sport,UIAA,Hohe Wand,Hochfallbasis,Österreich Ost,,,Hohe Wand | Hochfallbasis | Orca,,to create
Kein Kaffee Originaleinstieg,7-,5-7,sport,UIAA,Hohe Wand,Hochfallbasis,Österreich Ost,,,Hohe Wand | Hochfallbasis | Kein Kaffee Originaleinstieg,,to create
Grünbachersteig,6+,5-7,sport,UIAA,Hohe Wand,Hochfallbasis,Österreich Ost,,,Hohe Wand | Hochfallbasis | Grünbachersteig,,to create
Michlweg,7+,5-7,sport,UIAA,Hohe Wand,Hochfallbasis,Österreich Ost,,,Hohe Wand | Hochfallbasis | Michlweg,,to create
Rave de Fair,7+,5-7,sport,UIAA,Hohe Wand,Hochfallbasis,Österreich Ost,,,Hohe Wand | Hochfallbasis | Rave de Fair,,to create
De Ja Vue,7+,5-7,sport,UIAA,Hohe Wand,Hochfallbasis,Österreich Ost,,,Hohe Wand | Hochfallbasis | De Ja Vue,,to create
Wilder Honig,7+/8-,5-7,sport,UIAA,Hohe Wand,Hochfallbasis,Österreich Ost,,,Hohe Wand | Hochfallbasis | Wilder Honig,,to create
Impressionskompressor,,,sport,UIAA,Hohe Wand,Hochfallbasis,Österreich Ost,,,Hohe Wand | Hochfallbasis | Impressionskompressor,,to create
Südwind,7-,5-7,sport,UIAA,Hohe Wand,Hochfallbasis,Österreich Ost,,,Hohe Wand | Hochfallbasis | Südwind,,to create
Charlies Traum,7+,5-7,sport,UIAA,Hohe Wand,Hochfallbasis,Österreich Ost,,,Hohe Wand | Hochfallbasis | Charlies Traum,,to create
Harter Aufriss,8-,8-11,sport,UIAA,Hohe Wand,Hochfallbasis,Österreich Ost,,,Hohe Wand | Hochfallbasis | Harter Aufriss,,to create
Holzertour,,,sport,UIAA,Hohe Wand,Hochfallbasis,Österreich Ost,,,Hohe Wand | Hochfallbasis | Holzertour,,to create
Grünbacherverschneidung,7-,5-7,sport,UIAA,Hohe Wand,Hochfallbasis,Österreich Ost,,,Hohe Wand | Hochfallbasis | Grünbacherverschneidung,,to create
Traumlos,10-,8-11,sport,UIAA,Hohe Wand,Hochfallbasis,Österreich Ost,,,Hohe Wand | Hochfallbasis | Traumlos,,to create
Inuendo,8+,8-11,sport,UIAA,Hohe Wand,Hochfallbasis,Österreich Ost,,,Hohe Wand | Hochfallbasis | Inuendo,,to create
Kindertour (Hochfall a),1+ bis 2+,1-4,sport,UIAA,Hohe Wand,Hochfallbasis,Österreich Ost,,,Hohe Wand | Hochfallbasis | Kindertour (Hochfall a),,to create
Land der Hämmer,9,8-11,multipitch,UIAA,Hohe Wand,Hochfallbasis,Österreich Ost,,,Hohe Wand | Hochfallbasis | Land der Hämmer,,to create
ÖTK-Jubiläumsführe,10-,8-11,multipitch,UIAA,Hohe Wand,Hochfallbasis,Österreich Ost,,,Hohe Wand | Hochfallbasis | ÖTK-Jubiläumsführe,,to create
Limbonic Art,8,8-11,sport,UIAA,Hohe Wand,Hochfallbasis,Österreich Ost,,,Hohe Wand | Hochfallbasis | Limbonic Art,,to create
Kurzer Prozess,6+,5-7,sport,UIAA,Hohe Wand,Hochfallbasis,Österreich Ost,,,Hohe Wand | Hochfallbasis | Kurzer Prozess,,to create
Orgasmus des Teufels,6+,5-7,multipitch,UIAA,Hohe Wand,Hochfallbasis,Österreich Ost,,,Hohe Wand | Hochfallbasis | Orgasmus des Teufels,,to create
Orgasmus 2.SL,9+/10-,8-11,sport,UIAA,Hohe Wand,Hochfallbasis,Österreich Ost,,,Hohe Wand | Hochfallbasis | Orgasmus 2.SL,,to create
Niagara,8,8-11,sport,UIAA,Hohe Wand,Hochfallbasis,Österreich Ost,,,Hohe Wand | Hochfallbasis | Niagara,,to create
Noch ein Überhang,8-,8-11,sport,UIAA,Hohe Wand,Hochfallbasis,Österreich Ost,,,Hohe Wand | Hochfallbasis | Noch ein Überhang,,to create
Fahrstuhl zu den Sternen,8,8-11,multipitch,UIAA,Hohe Wand,Hochfallbasis,Österreich Ost,,,Hohe Wand | Hochfallbasis | Fahrstuhl zu den Sternen,,to create
Für immer und selig,9+,8-11,sport,UIAA,Hohe Wand,Hochfallbasis,Österreich Ost,,,Hohe Wand | Hochfallbasis | Für immer und selig,,to create
Der fliegende Rudi,6+,5-7,sport,UIAA,Hohe Wand,Hochfallbasis,Österreich Ost,,,Hohe Wand | Hochfallbasis | Der fliegende Rudi,,to create
Seniorengymnastik,6,5-7,sport,UIAA,Hohe Wand,Hochfallbasis,Österreich Ost,,,Hohe Wand | Hochfallbasis | Seniorengymnastik,,to create
Sonnentor,6,5-7,sport,UIAA,Hohe Wand,Naglplatten,Österreich Ost,,,Hohe Wand | Naglplatten | Sonnentor,,to create
Tocotronic,7-,5-7,sport,UIAA,Hohe Wand,Naglplatten,Österreich Ost,,,Hohe Wand | Naglplatten | Tocotronic,,to create
Über den weiten Midgards,6-,5-7,sport,UIAA,Hohe Wand,Naglplatten,Österreich Ost,,,Hohe Wand | Naglplatten | Über den weiten Midgards,,to create
Obere Naglplatte,6-,5-7,sport,UIAA,Hohe Wand,Naglplatten,Österreich Ost,,,Hohe Wand | Naglplatten | Obere Naglplatte,,to create
Der Eiermann,6+,5-7,sport,UIAA,Hohe Wand,Naglplatten,Österreich Ost,,,Hohe Wand | Naglplatten | Der Eiermann,,to create
Obere Naglkante,6+,5-7,sport,UIAA,Hohe Wand,Naglplatten,Österreich Ost,,,Hohe Wand | Naglplatten | Obere Naglkante,,to create
Direkteinstieg,7-,5-7,sport,UIAA,Hohe Wand,Naglplatten,Österreich Ost,,,Hohe Wand | Naglplatten | Direkteinstieg,,to create
Schandwache,6,5-7,sport,UIAA,Hohe Wand,Naglplatten,Österreich Ost,,,Hohe Wand | Naglplatten | Schandwache,,to create
LP Ausstieg,5+,5-7,sport,UIAA,Hohe Wand,Naglplatten,Österreich Ost,,,Hohe Wand | Naglplatten | LP Ausstieg,,to create
Var (Naglplatten a),6+,5-7,sport,UIAA,Hohe Wand,Naglplatten,Österreich Ost,,,Hohe Wand | Naglplatten | Var (Naglplatten a),,to create
Sturzausstieg,5+,5-7,sport,UIAA,Hohe Wand,Naglplatten,Österreich Ost,,,Hohe Wand | Naglplatten | Sturzausstieg,,to create
Anwandler,6+,5-7,sport,UIAA,Hohe Wand,Naglplatten,Österreich Ost,,,Hohe Wand | Naglplatten | Anwandler,,to create
Schackltour,7-,5-7,sport,UIAA,Hohe Wand,Naglplatten,Österreich Ost,,,Hohe Wand | Naglplatten | Schackltour,,to create
Mister X,7+,5-7,sport,UIAA,Hohe Wand,Naglplatten,Österreich Ost,,,Hohe Wand | Naglplatten | Mister X,,to create
Puppisteig,7-,5-7,sport,UIAA,Hohe Wand,Naglplatten,Österreich Ost,,,Hohe Wand | Naglplatten | Puppisteig,,to create
Dirty Laundry,6,5-7,sport,UIAA,Hohe Wand,Naglplatten,Österreich Ost,,,Hohe Wand | Naglplatten | Dirty Laundry,,to create
Sturznummer 999,7-,5-7,sport,UIAA,Hohe Wand,Naglplatten,Österreich Ost,,,Hohe Wand | Naglplatten | Sturznummer 999,,to create
Nach Lust und Laune,7+,5-7,sport,UIAA,Hohe Wand,Naglplatten,Österreich Ost,,,Hohe Wand | Naglplatten | Nach Lust und Laune,,to create
Französinnenschreck,7-,5-7,sport,UIAA,Hohe Wand,Naglplatten,Österreich Ost,,,Hohe Wand | Naglplatten | Französinnenschreck,,to create
Elfisteig,5+,5-7,sport,UIAA,Hohe Wand,Naglplatten,Österreich Ost,,,Hohe Wand | Naglplatten | Elfisteig,,to create
Neue Elfi,6+,5-7,sport,UIAA,Hohe Wand,Naglplatten,Österreich Ost,,,Hohe Wand | Naglplatten | Neue Elfi,,to create
Simektour,6+,5-7,sport,UIAA,Hohe Wand,Naglplatten,Österreich Ost,,,Hohe Wand | Naglplatten | Simektour,,to create
Dynamisiert,8-,8-11,sport,UIAA,Hohe Wand,Naglplatten,Österreich Ost,,,Hohe Wand | Naglplatten | Dynamisiert,,to create
Höhlenunfug,8,8-11,sport,UIAA,Hohe Wand,Naglplatten,Österreich Ost,,,Hohe Wand | Naglplatten | Höhlenunfug,,to create
Höhlenquerung,6,5-7,sport,UIAA,Hohe Wand,Naglplatten,Österreich Ost,,,Hohe Wand | Naglplatten | Höhlenquerung,,to create
Eine hab ich noch,7+/8-,5-7,sport,UIAA,Hohe Wand,Naglplatten,Österreich Ost,,,Hohe Wand | Naglplatten | Eine hab ich noch,,to create
Fensterlgalerie,5,5-7,sport,UIAA,Hohe Wand,Naglplatten,Österreich Ost,,,Hohe Wand | Naglplatten | Fensterlgalerie,,to create
Open Window,7-,5-7,sport,UIAA,Hohe Wand,Naglplatten,Österreich Ost,,,Hohe Wand | Naglplatten | Open Window,,to create
Via Nelly,4-,1-4,sport,UIAA,Hohe Wand,Naglplatten,Österreich Ost,,,Hohe Wand | Naglplatten | Via Nelly,,to create
Var (Naglplatten b),7-,5-7,sport,UIAA,Hohe Wand,Naglplatten,Österreich Ost,,,Hohe Wand | Naglplatten | Var (Naglplatten b),,to create
Notnagl,7+,5-7,sport,UIAA,Hohe Wand,Naglplatten,Österreich Ost,,,Hohe Wand | Naglplatten | Notnagl,,to create
Linksdrall,7-,5-7,sport,UIAA,Hohe Wand,Naglplatten,Österreich Ost,,,Hohe Wand | Naglplatten | Linksdrall,,to create
Naglverschneidung,6,5-7,sport,UIAA,Hohe Wand,Naglplatten,Österreich Ost,,,Hohe Wand | Naglplatten | Naglverschneidung,,to create
Untere Naglkante,6+,5-7,sport,UIAA,Hohe Wand,Naglplatten,Österreich Ost,,,Hohe Wand | Naglplatten | Untere Naglkante,,to create
Untere Naglplatte,5+,5-7,sport,UIAA,Hohe Wand,Naglplatten,Österreich Ost,,,Hohe Wand | Naglplatten | Untere Naglplatte,,to create
Megafilou,7,5-7,sport,UIAA,Hohe Wand,Naglplatten,Österreich Ost,,,Hohe Wand | Naglplatten | Megafilou,,to create
Viel Spass und Vergnügen,6+,5-7,sport,UIAA,Hohe Wand,Naglplatten,Österreich Ost,,,Hohe Wand | Naglplatten | Viel Spass und Vergnügen,,to create
Var (Naglplatten c),6+,5-7,sport,UIAA,Hohe Wand,Naglplatten,Österreich Ost,,,Hohe Wand | Naglplatten | Var (Naglplatten c),,to create
Chaos Direkt,7-,5-7,sport,UIAA,Hohe Wand,Naglplatten,Österreich Ost,,,Hohe Wand | Naglplatten | Chaos Direkt,,to create
Heilsteig,6+,5-7,sport,UIAA,Hohe Wand,Naglplatten,Österreich Ost,,,Hohe Wand | Naglplatten | Heilsteig,,to create
Alte neue Direkte,7-,5-7,sport,UIAA,Hohe Wand,Naglplatten,Österreich Ost,,,Hohe Wand | Naglplatten | Alte neue Direkte,,to create
Eile mit Weile,7,5-7,sport,UIAA,Hohe Wand,Naglplatten,Österreich Ost,,,Hohe Wand | Naglplatten | Eile mit Weile,,to create
Bibi Blocksberg,7,5-7,sport,UIAA,Hohe Wand,Naglplatten,Österreich Ost,,,Hohe Wand | Naglplatten | Bibi Blocksberg,,to create
Heimattreu,6,5-7,sport,UIAA,Hohe Wand,Naglplatten,Österreich Ost,,,Hohe Wand | Naglplatten | Heimattreu,,to create
Plattenabschied,6,5-7,sport,UIAA,Hohe Wand,Naglplatten,Österreich Ost,,,Hohe Wand | Naglplatten | Plattenabschied,,to create
Quereinsteiger,8,8-11,sport,UIAA,Fischauer Vorberge,Engelsberg,Österreich Ost,,,Fischauer Vorberge | Engelsberg | Quereinsteiger,,to create
Hundstage,8,8-11,sport,UIAA,Fischauer Vorberge,Engelsberg,Österreich Ost,,,Fischauer Vorberge | Engelsberg | Hundstage,,to create
Freunde Baba,9+,8-11,sport,UIAA,Fischauer Vorberge,Engelsberg,Österreich Ost,,,Fischauer Vorberge | Engelsberg | Freunde Baba,,to create
Slick & Pain,8+,8-11,sport,UIAA,Fischauer Vorberge,Engelsberg,Österreich Ost,,,Fischauer Vorberge | Engelsberg | Slick & Pain,,to create
Mit Alles,8,8-11,sport,UIAA,Fischauer Vorberge,Engelsberg,Österreich Ost,,,Fischauer Vorberge | Engelsberg | Mit Alles,,to create
Zwingherr,9-,8-11,sport,UIAA,Fischauer Vorberge,Engelsberg,Österreich Ost,,,Fischauer Vorberge | Engelsberg | Zwingherr,,to create
Capri Sun,8-,8-11,sport,UIAA,Fischauer Vorberge,Engelsberg,Österreich Ost,,,Fischauer Vorberge | Engelsberg | Capri Sun,,to create
Grischnack,7+,5-7,sport,UIAA,Fischauer Vorberge,Engelsberg,Österreich Ost,,,Fischauer Vorberge | Engelsberg | Grischnack,,to create
Müllertour,8-,8-11,sport,UIAA,Fischauer Vorberge,Engelsberg,Österreich Ost,,,Fischauer Vorberge | Engelsberg | Müllertour,,to create
Weisse Pulver,7+/8-,5-7,sport,UIAA,Fischauer Vorberge,Engelsberg,Österreich Ost,,,Fischauer Vorberge | Engelsberg | Weisse Pulver,,to create
Kriegskunst,7+,5-7,sport,UIAA,Fischauer Vorberge,Engelsberg,Österreich Ost,,,Fischauer Vorberge | Engelsberg | Kriegskunst,,to create
Salami,6+,5-7,sport,UIAA,Fischauer Vorberge,Engelsberg,Österreich Ost,,,Fischauer Vorberge | Engelsberg | Salami,,to create
Namenloser Geist,8,8-11,sport,UIAA,Fischauer Vorberge,Engelsberg,Österreich Ost,,,Fischauer Vorberge | Engelsberg | Namenloser Geist,,to create
Namenlos (Engelsberg a),8-/8,8-11,sport,UIAA,Fischauer Vorberge,Engelsberg,Österreich Ost,,,Fischauer Vorberge | Engelsberg | Namenlos (Engelsberg a),,to create
Must noch wachsen,8+,8-11,sport,UIAA,Fischauer Vorberge,Engelsberg,Österreich Ost,,,Fischauer Vorberge | Engelsberg | Must noch wachsen,,to create
Gruppenkuscheln,6,5-7,sport,UIAA,Fischauer Vorberge,Engelsberg,Österreich Ost,,,Fischauer Vorberge | Engelsberg | Gruppenkuscheln,,to create
Bohrneider,8,8-11,sport,UIAA,Fischauer Vorberge,Engelsberg,Österreich Ost,,,Fischauer Vorberge | Engelsberg | Bohrneider,,to create
Atemlos durch die Tour,8-,8-11,sport,UIAA,Fischauer Vorberge,Engelsberg,Österreich Ost,,,Fischauer Vorberge | Engelsberg | Atemlos durch die Tour,,to create
Lilly vs Willy,8-,8-11,sport,UIAA,Fischauer Vorberge,Engelsberg,Österreich Ost,,,Fischauer Vorberge | Engelsberg | Lilly vs Willy,,to create
Herzen brechen nicht,7-,5-7,sport,UIAA,Fischauer Vorberge,Engelsberg,Österreich Ost,,,Fischauer Vorberge | Engelsberg | Herzen brechen nicht,,to create
Slab & Mantle,8-,8-11,sport,UIAA,Fischauer Vorberge,Kleiner Engelsberg,Österreich Ost,,,Fischauer Vorberge | Kleiner Engelsberg | Slab & Mantle,,to create
Ruckreisemanager,7,5-7,sport,UIAA,Fischauer Vorberge,Kleiner Engelsberg,Österreich Ost,,,Fischauer Vorberge | Kleiner Engelsberg | Ruckreisemanager,,to create
Engelberg Humperdinck,9+,8-11,sport,UIAA,Fischauer Vorberge,Kleiner Engelsberg,Österreich Ost,,,Fischauer Vorberge | Kleiner Engelsberg | Engelberg Humperdinck,,to create
Please Release Me,10,8-11,sport,UIAA,Fischauer Vorberge,Kleiner Engelsberg,Österreich Ost,,,Fischauer Vorberge | Kleiner Engelsberg | Please Release Me,,to create
Like Spain,10-,8-11,sport,UIAA,Fischauer Vorberge,Kleiner Engelsberg,Österreich Ost,,,Fischauer Vorberge | Kleiner Engelsberg | Like Spain,,to create
The Best of the Rest,8+,8-11,sport,UIAA,Fischauer Vorberge,Kleiner Engelsberg,Österreich Ost,,,Fischauer Vorberge | Kleiner Engelsberg | The Best of the Rest,,to create
Fang das Griff,8,8-11,sport,UIAA,Fischauer Vorberge,Kleiner Engelsberg,Österreich Ost,,,Fischauer Vorberge | Kleiner Engelsberg | Fang das Griff,,to create
Wolfsriss,6,5-7,sport,UIAA,Fischauer Vorberge,Kleiner Engelsberg,Österreich Ost,,,Fischauer Vorberge | Kleiner Engelsberg | Wolfsriss,,to create
This Is the End,8,8-11,sport,UIAA,Fischauer Vorberge,Kleiner Engelsberg,Österreich Ost,,,Fischauer Vorberge | Kleiner Engelsberg | This Is the End,,to create
Balla Balla,9,8-11,sport,UIAA,Fischauer Vorberge,Kleiner Engelsberg,Österreich Ost,,,Fischauer Vorberge | Kleiner Engelsberg | Balla Balla,,to create
Waldpfad,5c trav,5-7,sport,UIAA,Fischauer Vorberge,Kleiner Engelsberg,Österreich Ost,,,Fischauer Vorberge | Kleiner Engelsberg | Waldpfad,,to create
Traktor,6c trav,5-7,sport,UIAA,Fischauer Vorberge,Kleiner Engelsberg,Österreich Ost,,,Fischauer Vorberge | Kleiner Engelsberg | Traktor,,to create
Alpinist,6,5-7,sport,UIAA,Fischauer Vorberge,Kleiner Engelsberg,Österreich Ost,,,Fischauer Vorberge | Kleiner Engelsberg | Alpinist,,to create
Kalte Finger,6-,5-7,sport,UIAA,Fischauer Vorberge,Kleiner Engelsberg,Österreich Ost,,,Fischauer Vorberge | Kleiner Engelsberg | Kalte Finger,,to create
Pestpfeiler,6+,5-7,sport,UIAA,Fischauer Vorberge,Kleiner Engelsberg,Österreich Ost,,,Fischauer Vorberge | Kleiner Engelsberg | Pestpfeiler,,to create
Namenlos (Kl.Engelsberg a),6,5-7,sport,UIAA,Fischauer Vorberge,Kleiner Engelsberg,Österreich Ost,,,Fischauer Vorberge | Kleiner Engelsberg | Namenlos (Kl.Engelsberg a),,to create
Namenlos (Kl.Engelsberg b),6,5-7,sport,UIAA,Fischauer Vorberge,Kleiner Engelsberg,Österreich Ost,,,Fischauer Vorberge | Kleiner Engelsberg | Namenlos (Kl.Engelsberg b),,to create
Kamelbuckeln,7-,5-7,sport,UIAA,Fischauer Vorberge,Kleiner Engelsberg,Österreich Ost,,,Fischauer Vorberge | Kleiner Engelsberg | Kamelbuckeln,,to create
Muss man halt mögen,7-,5-7,sport,UIAA,Fischauer Vorberge,Kleiner Engelsberg,Österreich Ost,,,Fischauer Vorberge | Kleiner Engelsberg | Muss man halt mögen,,to create
Und täglich grüsst das Murmeltier,7+/8,5-7,sport,UIAA,Fischauer Vorberge,Kleiner Engelsberg,Österreich Ost,,,Fischauer Vorberge | Kleiner Engelsberg | Und täglich grüsst das Murmeltier,,to create
Namenlos (Kl.Engelsberg c),8-,8-11,sport,UIAA,Fischauer Vorberge,Kleiner Engelsberg,Österreich Ost,,,Fischauer Vorberge | Kleiner Engelsberg | Namenlos (Kl.Engelsberg c),,to create
Namenlos (Kl.Engelsberg d),8-,8-11,sport,UIAA,Fischauer Vorberge,Kleiner Engelsberg,Österreich Ost,,,Fischauer Vorberge | Kleiner Engelsberg | Namenlos (Kl.Engelsberg d),,to create
Kalium,9-,8-11,sport,UIAA,Fischauer Vorberge,Kleiner Engelsberg,Österreich Ost,,,Fischauer Vorberge | Kleiner Engelsberg | Kalium,,to create
Schöner Wald,8-,8-11,sport,UIAA,Fischauer Vorberge,Kleiner Engelsberg,Österreich Ost,,,Fischauer Vorberge | Kleiner Engelsberg | Schöner Wald,,to create
Lithium,8,8-11,sport,UIAA,Fischauer Vorberge,Kleiner Engelsberg,Österreich Ost,,,Fischauer Vorberge | Kleiner Engelsberg | Lithium,,to create
Kurzer Kamin (Kl.Engelsberg),5,5-7,sport,UIAA,Fischauer Vorberge,Kleiner Engelsberg,Österreich Ost,,,Fischauer Vorberge | Kleiner Engelsberg | Kurzer Kamin (Kl.Engelsberg),,to create
Dromedar,6+,5-7,sport,UIAA,Fischauer Vorberge,Kleiner Engelsberg,Österreich Ost,,,Fischauer Vorberge | Kleiner Engelsberg | Dromedar,,to create
Fleischwald,5,5-7,sport,UIAA,Fischauer Vorberge,Kleiner Engelsberg,Österreich Ost,,,Fischauer Vorberge | Kleiner Engelsberg | Fleischwald,,to create
Skaldensang,6,5-7,sport,UIAA,Fischauer Vorberge,Kleiner Engelsberg,Österreich Ost,,,Fischauer Vorberge | Kleiner Engelsberg | Skaldensang,,to create
Reisewinter,7,5-7,sport,UIAA,Fischauer Vorberge,Kleiner Engelsberg,Österreich Ost,,,Fischauer Vorberge | Kleiner Engelsberg | Reisewinter,,to create
Mac Gepp,8+,8-11,sport,UIAA,Fischauer Vorberge,Kleiner Engelsberg,Österreich Ost,,,Fischauer Vorberge | Kleiner Engelsberg | Mac Gepp,,to create
Glückliche Raben,7,5-7,sport,UIAA,Fischauer Vorberge,Marmorsteinbruch,Österreich Ost,,,Fischauer Vorberge | Marmorsteinbruch | Glückliche Raben,,to create
Strafplanet,7+,5-7,sport,UIAA,Fischauer Vorberge,Marmorsteinbruch,Österreich Ost,,,Fischauer Vorberge | Marmorsteinbruch | Strafplanet,,to create
Gedenkweg,5,5-7,sport,UIAA,Fischauer Vorberge,Marmorsteinbruch,Österreich Ost,,,Fischauer Vorberge | Marmorsteinbruch | Gedenkweg,,to create
Namenlos (Marmor a),7,5-7,sport,UIAA,Fischauer Vorberge,Marmorsteinbruch,Österreich Ost,,,Fischauer Vorberge | Marmorsteinbruch | Namenlos (Marmor a),,to create
Snake,6,5-7,sport,UIAA,Fischauer Vorberge,Marmorsteinbruch,Österreich Ost,,,Fischauer Vorberge | Marmorsteinbruch | Snake,,to create
Rutschpartie,7,5-7,sport,UIAA,Fischauer Vorberge,Marmorsteinbruch,Österreich Ost,,,Fischauer Vorberge | Marmorsteinbruch | Rutschpartie,,to create
Naturfreundeverschneidung,4+,1-4,sport,UIAA,Fischauer Vorberge,Marmorsteinbruch,Österreich Ost,,,Fischauer Vorberge | Marmorsteinbruch | Naturfreundeverschneidung,,to create
Grummkiwi,5+,5-7,sport,UIAA,Fischauer Vorberge,Marmorsteinbruch,Österreich Ost,,,Fischauer Vorberge | Marmorsteinbruch | Grummkiwi,,to create
Grünkiwi,5-,5-7,sport,UIAA,Fischauer Vorberge,Marmorsteinbruch,Österreich Ost,,,Fischauer Vorberge | Marmorsteinbruch | Grünkiwi,,to create
Sid,5,5-7,sport,UIAA,Fischauer Vorberge,Marmorsteinbruch,Österreich Ost,,,Fischauer Vorberge | Marmorsteinbruch | Sid,,to create
Scrat,5,5-7,sport,UIAA,Fischauer Vorberge,Marmorsteinbruch,Österreich Ost,,,Fischauer Vorberge | Marmorsteinbruch | Scrat,,to create
Scrat Junior,5+,5-7,sport,UIAA,Fischauer Vorberge,Marmorsteinbruch,Österreich Ost,,,Fischauer Vorberge | Marmorsteinbruch | Scrat Junior,,to create
Trollnase,4-,1-4,sport,UIAA,Fischauer Vorberge,Marmorsteinbruch,Österreich Ost,,,Fischauer Vorberge | Marmorsteinbruch | Trollnase,,to create
Vavö,7,5-7,sport,UIAA,Fischauer Vorberge,Willendorfer Wandl,Österreich Ost,,,Fischauer Vorberge | Willendorfer Wandl | Vavö,,to create
Döwi,6+,5-7,sport,UIAA,Fischauer Vorberge,Willendorfer Wandl,Österreich Ost,,,Fischauer Vorberge | Willendorfer Wandl | Döwi,,to create
Stolperstein,4+,1-4,sport,UIAA,Fischauer Vorberge,Willendorfer Wandl,Österreich Ost,,,Fischauer Vorberge | Willendorfer Wandl | Stolperstein,,to create
Kasperlpost,6,5-7,sport,UIAA,Fischauer Vorberge,Willendorfer Wandl,Österreich Ost,,,Fischauer Vorberge | Willendorfer Wandl | Kasperlpost,,to create
Roter Riss,7+,5-7,sport,UIAA,Fischauer Vorberge,Willendorfer Wandl,Österreich Ost,,,Fischauer Vorberge | Willendorfer Wandl | Roter Riss,,to create
Im Maschinenraum,8,8-11,sport,UIAA,Fischauer Vorberge,Willendorfer Wandl,Österreich Ost,,,Fischauer Vorberge | Willendorfer Wandl | Im Maschinenraum,,to create
Rostgewitter,7,5-7,sport,UIAA,Fischauer Vorberge,Willendorfer Wandl,Österreich Ost,,,Fischauer Vorberge | Willendorfer Wandl | Rostgewitter,,to create
Aschenregen,6+,5-7,sport,UIAA,Fischauer Vorberge,Willendorfer Wandl,Österreich Ost,,,Fischauer Vorberge | Willendorfer Wandl | Aschenregen,,to create
Aschensegen,5+,5-7,sport,UIAA,Fischauer Vorberge,Willendorfer Wandl,Österreich Ost,,,Fischauer Vorberge | Willendorfer Wandl | Aschensegen,,to create
PC-Wandl 1,7,5-7,sport,UIAA,Fischauer Vorberge,PC-Wandl,Österreich Ost,,,Fischauer Vorberge | PC-Wandl | PC-Wandl 1,,to create
PC-Wandl 2,7-,5-7,sport,UIAA,Fischauer Vorberge,PC-Wandl,Österreich Ost,,,Fischauer Vorberge | PC-Wandl | PC-Wandl 2,,to create
PC-Wandl 3,7+,5-7,sport,UIAA,Fischauer Vorberge,PC-Wandl,Österreich Ost,,,Fischauer Vorberge | PC-Wandl | PC-Wandl 3,,to create
PC-Wandl 4,7-,5-7,sport,UIAA,Fischauer Vorberge,PC-Wandl,Österreich Ost,,,Fischauer Vorberge | PC-Wandl | PC-Wandl 4,,to create
PC-Wandl 5,6+,5-7,sport,UIAA,Fischauer Vorberge,PC-Wandl,Österreich Ost,,,Fischauer Vorberge | PC-Wandl | PC-Wandl 5,,to create
PC-Wandl 6,6+,5-7,sport,UIAA,Fischauer Vorberge,PC-Wandl,Österreich Ost,,,Fischauer Vorberge | PC-Wandl | PC-Wandl 6,,to create
PC-Wandl 7,7+,5-7,sport,UIAA,Fischauer Vorberge,PC-Wandl,Österreich Ost,,,Fischauer Vorberge | PC-Wandl | PC-Wandl 7,,to create
PC-Wandl 8,8-,8-11,sport,UIAA,Fischauer Vorberge,PC-Wandl,Österreich Ost,,,Fischauer Vorberge | PC-Wandl | PC-Wandl 8,,to create
PC-Wandl 9,8-,8-11,sport,UIAA,Fischauer Vorberge,PC-Wandl,Österreich Ost,,,Fischauer Vorberge | PC-Wandl | PC-Wandl 9,,to create
PC-Wandl 10,5-,5-7,sport,UIAA,Fischauer Vorberge,PC-Wandl,Österreich Ost,,,Fischauer Vorberge | PC-Wandl | PC-Wandl 10,,to create
PC-Wandl 11,5+,5-7,sport,UIAA,Fischauer Vorberge,PC-Wandl,Österreich Ost,,,Fischauer Vorberge | PC-Wandl | PC-Wandl 11,,to create
Greta Thunfisch,6,5-7,sport,UIAA,Fischauer Vorberge,Bad Fischau Klettergarten,Österreich Ost,,,Fischauer Vorberge | Bad Fischau Klettergarten | Greta Thunfisch,,to create
Ihr glaubt auch alles,6,5-7,sport,UIAA,Fischauer Vorberge,Bad Fischau Klettergarten,Österreich Ost,,,Fischauer Vorberge | Bad Fischau Klettergarten | Ihr glaubt auch alles,,to create
Ürx,3,1-4,sport,UIAA,Fischauer Vorberge,Bad Fischau Klettergarten,Österreich Ost,,,Fischauer Vorberge | Bad Fischau Klettergarten | Ürx,,to create
Alpentarzan,4,1-4,sport,UIAA,Fischauer Vorberge,Bad Fischau Klettergarten,Österreich Ost,,,Fischauer Vorberge | Bad Fischau Klettergarten | Alpentarzan,,to create
KRX,4,1-4,sport,UIAA,Fischauer Vorberge,Bad Fischau Klettergarten,Österreich Ost,,,Fischauer Vorberge | Bad Fischau Klettergarten | KRX,,to create
Lupotour,7-,5-7,sport,UIAA,Fischauer Vorberge,Bad Fischau Klettergarten,Österreich Ost,,,Fischauer Vorberge | Bad Fischau Klettergarten | Lupotour,,to create
Klagemauer,8/9,8-11,sport,UIAA,Fischauer Vorberge,Bad Fischau Klettergarten,Österreich Ost,,,Fischauer Vorberge | Bad Fischau Klettergarten | Klagemauer,,to create
Hansi Hopp,7,5-7,sport,UIAA,Fischauer Vorberge,Bad Fischau Klettergarten,Österreich Ost,,,Fischauer Vorberge | Bad Fischau Klettergarten | Hansi Hopp,,to create
Weg durch den Fisch,6,5-7,sport,UIAA,Fischauer Vorberge,Bad Fischau Klettergarten,Österreich Ost,,,Fischauer Vorberge | Bad Fischau Klettergarten | Weg durch den Fisch,,to create
Muhriris,6-,5-7,sport,UIAA,Fischauer Vorberge,Bad Fischau Klettergarten,Österreich Ost,,,Fischauer Vorberge | Bad Fischau Klettergarten | Muhriris,,to create
Simaplatte,7,5-7,sport,UIAA,Fischauer Vorberge,Bad Fischau Klettergarten,Österreich Ost,,,Fischauer Vorberge | Bad Fischau Klettergarten | Simaplatte,,to create
Lächelt viel,8-,8-11,sport,UIAA,Fischauer Vorberge,Bad Fischau Klettergarten,Österreich Ost,,,Fischauer Vorberge | Bad Fischau Klettergarten | Lächelt viel,,to create
Direkter Einstieg (Bad Fischau a),7+,5-7,sport,UIAA,Fischauer Vorberge,Bad Fischau Klettergarten,Österreich Ost,,,Fischauer Vorberge | Bad Fischau Klettergarten | Direkter Einstieg (Bad Fischau a),,to create
Wilde Welt,7+,5-7,sport,UIAA,Fischauer Vorberge,Bad Fischau Klettergarten,Österreich Ost,,,Fischauer Vorberge | Bad Fischau Klettergarten | Wilde Welt,,to create
Kantka,8-/8,8-11,sport,UIAA,Fischauer Vorberge,Bad Fischau Klettergarten,Österreich Ost,,,Fischauer Vorberge | Bad Fischau Klettergarten | Kantka,,to create
Zappa,7+,5-7,sport,UIAA,Fischauer Vorberge,Bad Fischau Klettergarten,Österreich Ost,,,Fischauer Vorberge | Bad Fischau Klettergarten | Zappa,,to create
Schöne Tage,5,5-7,sport,UIAA,Fischauer Vorberge,Bad Fischau Klettergarten,Österreich Ost,,,Fischauer Vorberge | Bad Fischau Klettergarten | Schöne Tage,,to create
Schräge,6,5-7,sport,UIAA,Fischauer Vorberge,Bad Fischau Klettergarten,Österreich Ost,,,Fischauer Vorberge | Bad Fischau Klettergarten | Schräge,,to create
Silberpfeil,8,8-11,sport,UIAA,Fischauer Vorberge,Bad Fischau Klettergarten,Österreich Ost,,,Fischauer Vorberge | Bad Fischau Klettergarten | Silberpfeil,,to create
Cheap Thrills,7,5-7,sport,UIAA,Fischauer Vorberge,Bad Fischau Klettergarten,Österreich Ost,,,Fischauer Vorberge | Bad Fischau Klettergarten | Cheap Thrills,,to create
In the Air and You Fly,10-,8-11,sport,UIAA,Fischauer Vorberge,Bad Fischau Klettergarten,Österreich Ost,,,Fischauer Vorberge | Bad Fischau Klettergarten | In the Air and You Fly,,to create
Interjektion,9-,8-11,sport,UIAA,Fischauer Vorberge,Bad Fischau Klettergarten,Österreich Ost,,,Fischauer Vorberge | Bad Fischau Klettergarten | Interjektion,,to create
Achternbusch for President,8-,8-11,sport,UIAA,Fischauer Vorberge,Bad Fischau Klettergarten,Österreich Ost,,,Fischauer Vorberge | Bad Fischau Klettergarten | Achternbusch for President,,to create
Grobmotoriker,9-/9,8-11,sport,UIAA,Fischauer Vorberge,Bad Fischau Klettergarten,Österreich Ost,,,Fischauer Vorberge | Bad Fischau Klettergarten | Grobmotoriker,,to create
Pizza,8,8-11,sport,UIAA,Fischauer Vorberge,Bad Fischau Klettergarten,Österreich Ost,,,Fischauer Vorberge | Bad Fischau Klettergarten | Pizza,,to create
Kobis Weinkrampf,8-,8-11,sport,UIAA,Fischauer Vorberge,Bad Fischau Klettergarten,Österreich Ost,,,Fischauer Vorberge | Bad Fischau Klettergarten | Kobis Weinkrampf,,to create
Schiessmuskel,7-,5-7,sport,UIAA,Fischauer Vorberge,Bad Fischau Klettergarten,Österreich Ost,,,Fischauer Vorberge | Bad Fischau Klettergarten | Schiessmuskel,,to create
Miranda Orange,8,8-11,sport,UIAA,Fischauer Vorberge,Bad Fischau Klettergarten,Österreich Ost,,,Fischauer Vorberge | Bad Fischau Klettergarten | Miranda Orange,,to create
Elefantenschwanzcocktail,7-,5-7,sport,UIAA,Fischauer Vorberge,Bad Fischau Klettergarten,Österreich Ost,,,Fischauer Vorberge | Bad Fischau Klettergarten | Elefantenschwanzcocktail,,to create
Direkter Einstieg (Bad Fischau b),8+,8-11,sport,UIAA,Fischauer Vorberge,Bad Fischau Klettergarten,Österreich Ost,,,Fischauer Vorberge | Bad Fischau Klettergarten | Direkter Einstieg (Bad Fischau b),,to create
Lausbua,5,5-7,sport,UIAA,Fischauer Vorberge,Bad Fischau Klettergarten,Österreich Ost,,,Fischauer Vorberge | Bad Fischau Klettergarten | Lausbua,,to create
Comeback,7-,5-7,sport,UIAA,Fischauer Vorberge,Bad Fischau Klettergarten,Österreich Ost,,,Fischauer Vorberge | Bad Fischau Klettergarten | Comeback,,to create
Dreiecksdach,6+,5-7,sport,UIAA,Fischauer Vorberge,Bad Fischau Klettergarten,Österreich Ost,,,Fischauer Vorberge | Bad Fischau Klettergarten | Dreiecksdach,,to create
Chien Fatigue,7,5-7,sport,UIAA,Fischauer Vorberge,Bad Fischau Klettergarten,Österreich Ost,,,Fischauer Vorberge | Bad Fischau Klettergarten | Chien Fatigue,,to create
Genusstour,4+,1-4,sport,UIAA,Fischauer Vorberge,Bad Fischau Klettergarten,Österreich Ost,,,Fischauer Vorberge | Bad Fischau Klettergarten | Genusstour,,to create
All You Can Eat,8-,8-11,sport,UIAA,Fischauer Vorberge,Bad Fischau Klettergarten,Österreich Ost,,,Fischauer Vorberge | Bad Fischau Klettergarten | All You Can Eat,,to create
Stay Hungry,7+,5-7,sport,UIAA,Fischauer Vorberge,Bad Fischau Klettergarten,Österreich Ost,,,Fischauer Vorberge | Bad Fischau Klettergarten | Stay Hungry,,to create
Stay Hungry Direkt,8-,8-11,sport,UIAA,Fischauer Vorberge,Bad Fischau Klettergarten,Österreich Ost,,,Fischauer Vorberge | Bad Fischau Klettergarten | Stay Hungry Direkt,,to create
Kroatisch Österreichische Freundschaft,4,1-4,sport,UIAA,Fischauer Vorberge,Bad Fischau Klettergarten,Österreich Ost,,,Fischauer Vorberge | Bad Fischau Klettergarten | Kroatisch Österreichische Freundschaft,,to create
Salzburger Nockerl,5-,5-7,sport,UIAA,Fischauer Vorberge,Bad Fischau Klettergarten,Österreich Ost,,,Fischauer Vorberge | Bad Fischau Klettergarten | Salzburger Nockerl,,to create
Vampirella,6+,5-7,sport,UIAA,Fischauer Vorberge,Bad Fischau Klettergarten,Österreich Ost,,,Fischauer Vorberge | Bad Fischau Klettergarten | Vampirella,,to create
Piazking,5+,5-7,sport,UIAA,Fischauer Vorberge,Bad Fischau Klettergarten,Österreich Ost,,,Fischauer Vorberge | Bad Fischau Klettergarten | Piazking,,to create
Django,7+,5-7,sport,UIAA,Fischauer Vorberge,Bad Fischau Klettergarten,Österreich Ost,,,Fischauer Vorberge | Bad Fischau Klettergarten | Django,,to create
Werwolf,6+,5-7,sport,UIAA,Fischauer Vorberge,Bad Fischau Klettergarten,Österreich Ost,,,Fischauer Vorberge | Bad Fischau Klettergarten | Werwolf,,to create
MC Donalds Massaker,7,5-7,sport,UIAA,Fischauer Vorberge,Bad Fischau Klettergarten,Österreich Ost,,,Fischauer Vorberge | Bad Fischau Klettergarten | MC Donalds Massaker,,to create
Pfeilerverschneidung,5,5-7,sport,UIAA,Fischauer Vorberge,Bad Fischau Klettergarten,Österreich Ost,,,Fischauer Vorberge | Bad Fischau Klettergarten | Pfeilerverschneidung,,to create
Higher Level,7a+ trav,5-7,sport,UIAA,Fischauer Vorberge,Bad Fischau Klettergarten,Österreich Ost,,,Fischauer Vorberge | Bad Fischau Klettergarten | Higher Level,,to create
Pfeiler,7,5-7,sport,UIAA,Fischauer Vorberge,Bad Fischau Klettergarten,Österreich Ost,,,Fischauer Vorberge | Bad Fischau Klettergarten | Pfeiler,,to create
Trad ist Trend,8,8-11,sport,UIAA,Fischauer Vorberge,Bad Fischau Klettergarten,Österreich Ost,,,Fischauer Vorberge | Bad Fischau Klettergarten | Trad ist Trend,,to create
Afrika,8-,8-11,sport,UIAA,Fischauer Vorberge,Bad Fischau Klettergarten,Österreich Ost,,,Fischauer Vorberge | Bad Fischau Klettergarten | Afrika,,to create
Hödlmoser,5+,5-7,sport,UIAA,Fischauer Vorberge,Bad Fischau Klettergarten,Österreich Ost,,,Fischauer Vorberge | Bad Fischau Klettergarten | Hödlmoser,,to create
Endzeit,6+,5-7,sport,UIAA,Fischauer Vorberge,Bad Fischau Klettergarten,Österreich Ost,,,Fischauer Vorberge | Bad Fischau Klettergarten | Endzeit,,to create
Live Free or Die,7-,5-7,sport,UIAA,Fischauer Vorberge,Bad Fischau Klettergarten,Österreich Ost,,,Fischauer Vorberge | Bad Fischau Klettergarten | Live Free or Die,,to create
Meteora,6-,5-7,sport,UIAA,Fischauer Vorberge,Bad Fischau Klettergarten,Österreich Ost,,,Fischauer Vorberge | Bad Fischau Klettergarten | Meteora,,to create
Axelschweiss,8-,8-11,sport,UIAA,Fischauer Vorberge,Bad Fischau Klettergarten,Österreich Ost,,,Fischauer Vorberge | Bad Fischau Klettergarten | Axelschweiss,,to create
Gullyriss,6+,5-7,sport,UIAA,Fischauer Vorberge,Bad Fischau Klettergarten,Österreich Ost,,,Fischauer Vorberge | Bad Fischau Klettergarten | Gullyriss,,to create
White Russian,8+,8-11,sport,UIAA,Fischauer Vorberge,Bad Fischau Klettergarten,Österreich Ost,,,Fischauer Vorberge | Bad Fischau Klettergarten | White Russian,,to create
Mobutu,6,5-7,sport,UIAA,Fischauer Vorberge,Bad Fischau Klettergarten,Österreich Ost,,,Fischauer Vorberge | Bad Fischau Klettergarten | Mobutu,,to create
Lumumba,7-,5-7,sport,UIAA,Fischauer Vorberge,Bad Fischau Klettergarten,Österreich Ost,,,Fischauer Vorberge | Bad Fischau Klettergarten | Lumumba,,to create
Kettensäge,6+,5-7,sport,UIAA,Fischauer Vorberge,Bad Fischau Klettergarten,Österreich Ost,,,Fischauer Vorberge | Bad Fischau Klettergarten | Kettensäge,,to create
Bad Fischau Bobo,7,5-7,sport,UIAA,Fischauer Vorberge,Bad Fischau Klettergarten,Österreich Ost,,,Fischauer Vorberge | Bad Fischau Klettergarten | Bad Fischau Bobo,,to create
Rissal,3-,1-4,sport,UIAA,Hohe Wand,Haussteinmugal,Österreich Ost,,,Hohe Wand | Haussteinmugal | Rissal,,to create
Schnappal,5+,5-7,sport,UIAA,Hohe Wand,Haussteinmugal,Österreich Ost,,,Hohe Wand | Haussteinmugal | Schnappal,,to create
Diagonal,3+,1-4,sport,UIAA,Hohe Wand,Haussteinmugal,Österreich Ost,,,Hohe Wand | Haussteinmugal | Diagonal,,to create
Katastrophal,5-,5-7,sport,UIAA,Hohe Wand,Haussteinmugal,Österreich Ost,,,Hohe Wand | Haussteinmugal | Katastrophal,,to create
Lethal,8+,8-11,sport,UIAA,Hohe Wand,Haussteinmugal,Österreich Ost,,,Hohe Wand | Haussteinmugal | Lethal,,to create
Mental,9,8-11,sport,UIAA,Hohe Wand,Haussteinmugal,Österreich Ost,,,Hohe Wand | Haussteinmugal | Mental,,to create
Brutal,6+,5-7,sport,UIAA,Hohe Wand,Haussteinmugal,Österreich Ost,,,Hohe Wand | Haussteinmugal | Brutal,,to create
Kausal,6+,5-7,sport,UIAA,Hohe Wand,Haussteinmugal,Österreich Ost,,,Hohe Wand | Haussteinmugal | Kausal,,to create
Genial,8,8-11,sport,UIAA,Hohe Wand,Haussteinmugal,Österreich Ost,,,Hohe Wand | Haussteinmugal | Genial,,to create
Halal,6+,5-7,sport,UIAA,Hohe Wand,Haussteinmugal,Österreich Ost,,,Hohe Wand | Haussteinmugal | Halal,,to create
Suboptimal,6,5-7,sport,UIAA,Hohe Wand,Haussteinmugal,Österreich Ost,,,Hohe Wand | Haussteinmugal | Suboptimal,,to create
Deppal,4,1-4,sport,UIAA,Hohe Wand,Haussteinmugal,Österreich Ost,,,Hohe Wand | Haussteinmugal | Deppal,,to create
Dreckspatz,7,5-7,sport,UIAA,Pernitz,Steinwandklamm,Österreich Ost,,,Pernitz | Steinwandklamm | Dreckspatz,,to create
Not-Aus,7+/8-,5-7,sport,UIAA,Pernitz,Steinwandklamm,Österreich Ost,,,Pernitz | Steinwandklamm | Not-Aus,,to create
Not-Geil,8-,8-11,sport,UIAA,Pernitz,Steinwandklamm,Österreich Ost,,,Pernitz | Steinwandklamm | Not-Geil,,to create
Sadomaso,9+/10-,8-11,sport,UIAA,Pernitz,Steinwandklamm,Österreich Ost,,,Pernitz | Steinwandklamm | Sadomaso,,to create
Ready for SM,9+,8-11,sport,UIAA,Pernitz,Steinwandklamm,Österreich Ost,,,Pernitz | Steinwandklamm | Ready for SM,,to create
Ready or Not,9-,8-11,sport,UIAA,Pernitz,Steinwandklamm,Österreich Ost,,,Pernitz | Steinwandklamm | Ready or Not,,to create
All Girls Are 18,9+/10-,8-11,sport,UIAA,Pernitz,Steinwandklamm,Österreich Ost,,,Pernitz | Steinwandklamm | All Girls Are 18,,to create
Die Welle,8+,8-11,sport,UIAA,Pernitz,Steinwandklamm,Österreich Ost,,,Pernitz | Steinwandklamm | Die Welle,,to create
Verlängerung (Steinwandklamm),,,sport,UIAA,Pernitz,Steinwandklamm,Österreich Ost,,,Pernitz | Steinwandklamm | Verlängerung (Steinwandklamm),,to create
Speichelfäden in der Buttermilch,8,8-11,sport,UIAA,Pernitz,Steinwandklamm,Österreich Ost,,,Pernitz | Steinwandklamm | Speichelfäden in der Buttermilch,,to create
Push Me Into a Cage,7+,5-7,sport,UIAA,Pernitz,Steinwandklamm,Österreich Ost,,,Pernitz | Steinwandklamm | Push Me Into a Cage,,to create
Dirty Sanchez,9+,8-11,sport,UIAA,Pernitz,Steinwandklamm,Österreich Ost,,,Pernitz | Steinwandklamm | Dirty Sanchez,,to create
Anassazi,7,5-7,sport,UIAA,Pernitz,Steinwandklamm,Österreich Ost,,,Pernitz | Steinwandklamm | Anassazi,,to create
Krabblplatte,5-,5-7,sport,UIAA,Pernitz,Kalkofenwand,Österreich Ost,,,Pernitz | Kalkofenwand | Krabblplatte,,to create
Schnifix,7,5-7,sport,UIAA,Pernitz,Kalkofenwand,Österreich Ost,,,Pernitz | Kalkofenwand | Schnifix,,to create
Todesverschneidung,5,5-7,sport,UIAA,Pernitz,Kalkofenwand,Österreich Ost,,,Pernitz | Kalkofenwand | Todesverschneidung,,to create
Chalking Heads,7,5-7,sport,UIAA,Pernitz,Kalkofenwand,Österreich Ost,,,Pernitz | Kalkofenwand | Chalking Heads,,to create
Bluff,7,5-7,sport,UIAA,Pernitz,Kalkofenwand,Österreich Ost,,,Pernitz | Kalkofenwand | Bluff,,to create
Sintal,8-,8-11,sport,UIAA,Pernitz,Kalkofenwand,Österreich Ost,,,Pernitz | Kalkofenwand | Sintal,,to create
Ofenverschneidung,6,5-7,sport,UIAA,Pernitz,Kalkofenwand,Österreich Ost,,,Pernitz | Kalkofenwand | Ofenverschneidung,,to create
Ofenkante,7-,5-7,sport,UIAA,Pernitz,Kalkofenwand,Österreich Ost,,,Pernitz | Kalkofenwand | Ofenkante,,to create
Riss mit Biss,6,5-7,sport,UIAA,Pernitz,Kalkofenwand,Österreich Ost,,,Pernitz | Kalkofenwand | Riss mit Biss,,to create
Kalkbrand,9-,8-11,sport,UIAA,Pernitz,Kalkofenwand,Österreich Ost,,,Pernitz | Kalkofenwand | Kalkbrand,,to create
Maxi,5,5-7,sport,UIAA,Pernitz,Kalkofenwand,Österreich Ost,,,Pernitz | Kalkofenwand | Maxi,,to create
Morizi,8,8-11,sport,UIAA,Pernitz,Kalkofenwand,Österreich Ost,,,Pernitz | Kalkofenwand | Morizi,,to create
Schweinernes mit Krenn,8+,8-11,sport,UIAA,Pernitz,Kalkofenwand,Österreich Ost,,,Pernitz | Kalkofenwand | Schweinernes mit Krenn,,to create
Leider Geil,8,8-11,sport,UIAA,Pernitz,Kalkofenwand,Österreich Ost,,,Pernitz | Kalkofenwand | Leider Geil,,to create
Nötsch,9,8-11,sport,UIAA,Pernitz,Kalkofenwand,Österreich Ost,,,Pernitz | Kalkofenwand | Nötsch,,to create
Erste Schritte,1+,1-4,sport,UIAA,Pernitz,Kalkofenwand,Österreich Ost,,,Pernitz | Kalkofenwand | Erste Schritte,,to create
Krabbelstube,1+,1-4,sport,UIAA,Pernitz,Kalkofenwand,Österreich Ost,,,Pernitz | Kalkofenwand | Krabbelstube,,to create
Gehschule,2,1-4,sport,UIAA,Pernitz,Kalkofenwand,Österreich Ost,,,Pernitz | Kalkofenwand | Gehschule,,to create
Frühfoerderung,2,1-4,sport,UIAA,Pernitz,Kalkofenwand,Österreich Ost,,,Pernitz | Kalkofenwand | Frühfoerderung,,to create
Früh übt sich,2+,1-4,sport,UIAA,Pernitz,Kalkofenwand,Österreich Ost,,,Pernitz | Kalkofenwand | Früh übt sich,,to create
Kindergarten,2+,1-4,sport,UIAA,Pernitz,Kalkofenwand,Österreich Ost,,,Pernitz | Kalkofenwand | Kindergarten,,to create
Volksschule,3+,1-4,sport,UIAA,Pernitz,Kalkofenwand,Österreich Ost,,,Pernitz | Kalkofenwand | Volksschule,,to create
Schulreife,3-,1-4,sport,UIAA,Pernitz,Kalkofenwand,Österreich Ost,,,Pernitz | Kalkofenwand | Schulreife,,to create
Verbale Benotung,3-,1-4,sport,UIAA,Pernitz,Kalkofenwand,Österreich Ost,,,Pernitz | Kalkofenwand | Verbale Benotung,,to create
Erstes Training,5,5-7,sport,UIAA,Pernitz,Kalkofenwand,Österreich Ost,,,Pernitz | Kalkofenwand | Erstes Training,,to create
Detailschulung,5,5-7,sport,UIAA,Pernitz,Kalkofenwand,Österreich Ost,,,Pernitz | Kalkofenwand | Detailschulung,,to create
Übungskante,4,1-4,sport,UIAA,Pernitz,Kalkofenwand,Österreich Ost,,,Pernitz | Kalkofenwand | Übungskante,,to create
Kamin-Einschulung,4,1-4,sport,UIAA,Pernitz,Kalkofenwand,Österreich Ost,,,Pernitz | Kalkofenwand | Kamin-Einschulung,,to create
Nichts für Kinder,7,5-7,sport,UIAA,Pernitz,Kalkofenwand,Österreich Ost,,,Pernitz | Kalkofenwand | Nichts für Kinder,,to create
Ausweiche,6+,5-7,sport,UIAA,Pernitz,Kalkofenwand,Österreich Ost,,,Pernitz | Kalkofenwand | Ausweiche,,to create
Schattengrat,2+,1-4,sport,UIAA,Pernitz,Kalkofenwand,Österreich Ost,,,Pernitz | Kalkofenwand | Schattengrat,,to create
Nicht warum fragen,7,5-7,sport,UIAA,Pernitz,Kraftwandl,Österreich Ost,,,Pernitz | Kraftwandl | Nicht warum fragen,,to create
Nicht verzagen,6+,5-7,sport,UIAA,Pernitz,Kraftwandl,Österreich Ost,,,Pernitz | Kraftwandl | Nicht verzagen,,to create
Muggendance,7,5-7,sport,UIAA,Pernitz,Kraftwandl,Österreich Ost,,,Pernitz | Kraftwandl | Muggendance,,to create
Power Control,8,8-11,sport,UIAA,Pernitz,Kraftwandl,Österreich Ost,,,Pernitz | Kraftwandl | Power Control,,to create
A Riss der Kana is,9-/9,8-11,sport,UIAA,Pernitz,Kraftwandl,Österreich Ost,,,Pernitz | Kraftwandl | A Riss der Kana is,,to create
Meerschweine,7+,5-7,sport,UIAA,Pernitz,Kraftwandl,Österreich Ost,,,Pernitz | Kraftwandl | Meerschweine,,to create
Proteinminister,7+/8-,5-7,sport,UIAA,Pernitz,Kraftwandl,Österreich Ost,,,Pernitz | Kraftwandl | Proteinminister,,to create
Ach wie gut dass niemand weiss,9-,8-11,sport,UIAA,Pernitz,Kraftwandl,Österreich Ost,,,Pernitz | Kraftwandl | Ach wie gut dass niemand weiss,,to create
Pe Jing Express,9+,8-11,sport,UIAA,Pernitz,Kraftwandl,Österreich Ost,,,Pernitz | Kraftwandl | Pe Jing Express,,to create
No Pain No Game,8/8+,8-11,sport,UIAA,Pernitz,Kraftwandl,Österreich Ost,,,Pernitz | Kraftwandl | No Pain No Game,,to create
Helmi,8,8-11,sport,UIAA,Pernitz,Kraftwandl,Österreich Ost,,,Pernitz | Kraftwandl | Helmi,,to create
Armarock,8,8-11,sport,UIAA,Pernitz,Kraftwandl,Österreich Ost,,,Pernitz | Kraftwandl | Armarock,,to create
Geile Sau,6b trav,5-7,sport,UIAA,Pernitz,Kraftwandl,Österreich Ost,,,Pernitz | Kraftwandl | Geile Sau,,to create
Waldquelle,6+/7-,5-7,sport,UIAA,Pernitz,Shadow Wall,Österreich Ost,,,Pernitz | Shadow Wall | Waldquelle,,to create
Nachtschattengewächs,7/7+,5-7,sport,UIAA,Pernitz,Shadow Wall,Österreich Ost,,,Pernitz | Shadow Wall | Nachtschattengewächs,,to create
Schattenspender,7-,5-7,sport,UIAA,Pernitz,Shadow Wall,Österreich Ost,,,Pernitz | Shadow Wall | Schattenspender,,to create
Schattenspiele,7+,5-7,sport,UIAA,Pernitz,Shadow Wall,Österreich Ost,,,Pernitz | Shadow Wall | Schattenspiele,,to create
Shadow on the Wall,9,8-11,sport,UIAA,Pernitz,Shadow Wall,Österreich Ost,,,Pernitz | Shadow Wall | Shadow on the Wall,,to create
Schattendasein,7+,5-7,sport,UIAA,Pernitz,Shadow Wall,Österreich Ost,,,Pernitz | Shadow Wall | Schattendasein,,to create
Balance of Power,8+/9-,8-11,sport,UIAA,Pernitz,Shadow Wall,Österreich Ost,,,Pernitz | Shadow Wall | Balance of Power,,to create
Mordstrum,6+,5-7,sport,UIAA,Pernitz,Kleine Klause,Österreich Ost,,,Pernitz | Kleine Klause | Mordstrum,,to create
Twittertäufer,7+/8-,5-7,sport,UIAA,Pernitz,Kleine Klause,Österreich Ost,,,Pernitz | Kleine Klause | Twittertäufer,,to create
Hintenrum,7+,5-7,sport,UIAA,Pernitz,Kleine Klause,Österreich Ost,,,Pernitz | Kleine Klause | Hintenrum,,to create
Tee mit Rum,7+,5-7,sport,UIAA,Pernitz,Kleine Klause,Österreich Ost,,,Pernitz | Kleine Klause | Tee mit Rum,,to create
Seisdrum,7,5-7,sport,UIAA,Pernitz,Kleine Klause,Österreich Ost,,,Pernitz | Kleine Klause | Seisdrum,,to create
Memorandum,6,5-7,sport,UIAA,Pernitz,Kleine Klause,Österreich Ost,,,Pernitz | Kleine Klause | Memorandum,,to create
Jägerslust,6,5-7,sport,UIAA,Pernitz,Kleine Klause,Österreich Ost,,,Pernitz | Kleine Klause | Jägerslust,,to create
Dirty Dancing,6+,5-7,sport,UIAA,Pernitz,Kleine Klause,Österreich Ost,,,Pernitz | Kleine Klause | Dirty Dancing,,to create
Martialische Kunst,7+,5-7,sport,UIAA,Pernitz,Kleine Klause,Österreich Ost,,,Pernitz | Kleine Klause | Martialische Kunst,,to create
Wopfinger Topfinger,8,8-11,sport,UIAA,Pernitz,Kleine Klause,Österreich Ost,,,Pernitz | Kleine Klause | Wopfinger Topfinger,,to create
Der Felsinator,9-,8-11,sport,UIAA,Pernitz,Kleine Klause,Österreich Ost,,,Pernitz | Kleine Klause | Der Felsinator,,to create
Steinerweg,8,8-11,sport,UIAA,Pernitz,Kleine Klause,Österreich Ost,,,Pernitz | Kleine Klause | Steinerweg,,to create
Klausenperle,9-,8-11,sport,UIAA,Pernitz,Kleine Klause,Österreich Ost,,,Pernitz | Kleine Klause | Klausenperle,,to create
Jos Projekt,9+,8-11,sport,UIAA,Pernitz,Kleine Klause,Österreich Ost,,,Pernitz | Kleine Klause | Jos Projekt,,to create
Ich Roque,8+/9-,8-11,sport,UIAA,Pernitz,Kleine Klause,Österreich Ost,,,Pernitz | Kleine Klause | Ich Roque,,to create
Ausdruckstanz,7+,5-7,sport,UIAA,Pernitz,Kleine Klause,Österreich Ost,,,Pernitz | Kleine Klause | Ausdruckstanz,,to create
Henkeldisco,6+,5-7,sport,UIAA,Pernitz,Kleine Klause,Österreich Ost,,,Pernitz | Kleine Klause | Henkeldisco,,to create
Disco Team,7+,5-7,sport,UIAA,Pernitz,Kleine Klause,Österreich Ost,,,Pernitz | Kleine Klause | Disco Team,,to create
Glückslos,7+,5-7,sport,UIAA,Pernitz,Badener Turm,Österreich Ost,,,Pernitz | Badener Turm | Glückslos,,to create
Was ist los,8+,8-11,sport,UIAA,Pernitz,Badener Turm,Österreich Ost,,,Pernitz | Badener Turm | Was ist los,,to create
Grosser schwarzer Vogel,7,5-7,sport,UIAA,Pernitz,Badener Turm,Österreich Ost,,,Pernitz | Badener Turm | Grosser schwarzer Vogel,,to create
Vogelfrei,7,5-7,sport,UIAA,Pernitz,Badener Turm,Österreich Ost,,,Pernitz | Badener Turm | Vogelfrei,,to create
Ende gut alles gut,8-,8-11,sport,UIAA,Pernitz,Badener Turm,Österreich Ost,,,Pernitz | Badener Turm | Ende gut alles gut,,to create
Galaktobureko,8-,8-11,sport,UIAA,Pernitz,Badener Turm,Österreich Ost,,,Pernitz | Badener Turm | Galaktobureko,,to create
Schlimmer Anfang-Böses Ende,8+/9-,8-11,sport,UIAA,Pernitz,Badener Turm,Österreich Ost,,,Pernitz | Badener Turm | Schlimmer Anfang-Böses Ende,,to create
Kleine Männer Variante,8,8-11,sport,UIAA,Pernitz,Badener Turm,Österreich Ost,,,Pernitz | Badener Turm | Kleine Männer Variante,,to create
Schräges Monster,8,8-11,sport,UIAA,Pernitz,Badener Turm,Österreich Ost,,,Pernitz | Badener Turm | Schräges Monster,,to create
Bröselmonster,8+,8-11,sport,UIAA,Pernitz,Badener Turm,Österreich Ost,,,Pernitz | Badener Turm | Bröselmonster,,to create
Kleiner Ausreisser,8+/9-,8-11,sport,UIAA,Pernitz,Badener Turm,Österreich Ost,,,Pernitz | Badener Turm | Kleiner Ausreisser,,to create
Schwere Jungs,9+/10-,8-11,sport,UIAA,Pernitz,Badener Turm,Österreich Ost,,,Pernitz | Badener Turm | Schwere Jungs,,to create
Im Sog der Tiefe,8+,8-11,sport,UIAA,Pernitz,Badener Turm,Österreich Ost,,,Pernitz | Badener Turm | Im Sog der Tiefe,,to create
Helmheimvorteil,8-,8-11,sport,UIAA,Pernitz,Badener Turm,Österreich Ost,,,Pernitz | Badener Turm | Helmheimvorteil,,to create
Hoch mit Gefühl,7-7,5-7,sport,UIAA,Pernitz,Badener Turm,Österreich Ost,,,Pernitz | Badener Turm | Hoch mit Gefühl,,to create
Plag dich hoch,8,8-11,sport,UIAA,Pernitz,Badener Turm,Österreich Ost,,,Pernitz | Badener Turm | Plag dich hoch,,to create
Morbider Höhenrausch,8+,8-11,sport,UIAA,Pernitz,Badener Turm,Österreich Ost,,,Pernitz | Badener Turm | Morbider Höhenrausch,,to create
Vertrau dich hoch,7+,5-7,sport,UIAA,Pernitz,Badener Turm,Österreich Ost,,,Pernitz | Badener Turm | Vertrau dich hoch,,to create
Klettern auf eigene Gefahr,8-,8-11,sport,UIAA,Pernitz,Badener Turm,Österreich Ost,,,Pernitz | Badener Turm | Klettern auf eigene Gefahr,,to create
Watson Direkt,8-,8-11,sport,UIAA,Pernitz,Badener Turm,Österreich Ost,,,Pernitz | Badener Turm | Watson Direkt,,to create
Paul Watson,7-,5-7,sport,UIAA,Pernitz,Badener Turm,Österreich Ost,,,Pernitz | Badener Turm | Paul Watson,,to create
Batida de Coco,9+,8-11,sport,UIAA,Pernitz,Schatzinsel,Österreich Ost,,,Pernitz | Schatzinsel | Batida de Coco,,to create
Rollin on Chrome,9-/9,8-11,sport,UIAA,Pernitz,Schatzinsel,Österreich Ost,,,Pernitz | Schatzinsel | Rollin on Chrome,,to create
Tat Twam Asi,9+/10-,8-11,sport,UIAA,Pernitz,Schatzinsel,Österreich Ost,,,Pernitz | Schatzinsel | Tat Twam Asi,,to create
Jumping Around,10-,8-11,sport,UIAA,Pernitz,Schatzinsel,Österreich Ost,,,Pernitz | Schatzinsel | Jumping Around,,to create
The Lost World,8/8+,8-11,sport,UIAA,Pernitz,Schatzinsel,Österreich Ost,,,Pernitz | Schatzinsel | The Lost World,,to create
Mei Thai,8-,8-11,sport,UIAA,Pernitz,Schatzinsel,Österreich Ost,,,Pernitz | Schatzinsel | Mei Thai,,to create
Dei Thai,9-,8-11,sport,UIAA,Pernitz,Schatzinsel,Österreich Ost,,,Pernitz | Schatzinsel | Dei Thai,,to create
Tanz der Schatten,10-,8-11,sport,UIAA,Pernitz,Schatzinsel,Österreich Ost,,,Pernitz | Schatzinsel | Tanz der Schatten,,to create
Totentanz,9+,8-11,sport,UIAA,Pernitz,Schatzinsel,Österreich Ost,,,Pernitz | Schatzinsel | Totentanz,,to create
Eng aber Sexy,8,8-11,sport,UIAA,Pernitz,Schatzinsel,Österreich Ost,,,Pernitz | Schatzinsel | Eng aber Sexy,,to create
Skywalker,10-,8-11,sport,UIAA,Pernitz,Schatzinsel,Österreich Ost,,,Pernitz | Schatzinsel | Skywalker,,to create
La Grande Fin,9,8-11,sport,UIAA,Pernitz,Schatzinsel,Österreich Ost,,,Pernitz | Schatzinsel | La Grande Fin,,to create
Käptn Iglo,8,8-11,sport,UIAA,Pernitz,Schatzinsel,Österreich Ost,,,Pernitz | Schatzinsel | Käptn Iglo,,to create
Via Maria,7+/8-,5-7,sport,UIAA,Pernitz,Schatzinsel,Österreich Ost,,,Pernitz | Schatzinsel | Via Maria,,to create
Hände falten Goschn halten,9,8-11,sport,UIAA,Pernitz,Schatzinsel,Österreich Ost,,,Pernitz | Schatzinsel | Hände falten Goschn halten,,to create
Zwischen Pest und Cholera,8+/9-,8-11,sport,UIAA,Pernitz,Schatzinsel,Österreich Ost,,,Pernitz | Schatzinsel | Zwischen Pest und Cholera,,to create
Boandlkramer,8-,8-11,sport,UIAA,Pernitz,Schatzinsel,Österreich Ost,,,Pernitz | Schatzinsel | Boandlkramer,,to create
Phönix aus der Asche,8,8-11,sport,UIAA,Pernitz,Schatzinsel,Österreich Ost,,,Pernitz | Schatzinsel | Phönix aus der Asche,,to create
Wie die Geier,9+/10-,8-11,sport,UIAA,Pernitz,Schatzinsel,Österreich Ost,,,Pernitz | Schatzinsel | Wie die Geier,,to create
Fluch der schwulen Piraten,8-,8-11,sport,UIAA,Pernitz,Schatzinsel,Österreich Ost,,,Pernitz | Schatzinsel | Fluch der schwulen Piraten,,to create
Namenlos (Schatzinsel),8+,8-11,sport,UIAA,Pernitz,Schatzinsel,Österreich Ost,,,Pernitz | Schatzinsel | Namenlos (Schatzinsel),,to create
Mozzies Live,7-,5-7,sport,UIAA,Pernitz,Schatzinsel,Österreich Ost,,,Pernitz | Schatzinsel | Mozzies Live,,to create
La Vie en Rose,6-,5-7,sport,UIAA,Pernitz,Schatzinsel,Österreich Ost,,,Pernitz | Schatzinsel | La Vie en Rose,,to create
Esperanza Clandestina,5+,5-7,sport,UIAA,Pernitz,Schatzinsel,Österreich Ost,,,Pernitz | Schatzinsel | Esperanza Clandestina,,to create
Gleichgewichtsstörung,7a,Boulder,boulder,Font,Pernitz,Schatzinsel (Boulder),Österreich Ost,,,Pernitz | Schatzinsel (Boulder) | Gleichgewichtsstörung,,to create
Fantasma de Luxe,6c,Boulder,boulder,Font,Pernitz,Schatzinsel (Boulder),Österreich Ost,,,Pernitz | Schatzinsel (Boulder) | Fantasma de Luxe,,to create
You Feel Good,6a,Boulder,boulder,Font,Pernitz,Schatzinsel (Boulder),Österreich Ost,,,Pernitz | Schatzinsel (Boulder) | You Feel Good,,to create
Romantisch Sterben,6c,Boulder,boulder,Font,Pernitz,Schatzinsel (Boulder),Österreich Ost,,,Pernitz | Schatzinsel (Boulder) | Romantisch Sterben,,to create
Calisto,6c,Boulder,boulder,Font,Pernitz,Schatzinsel (Boulder),Österreich Ost,,,Pernitz | Schatzinsel (Boulder) | Calisto,,to create
Squeezing My Ibanez,6c,Boulder,boulder,Font,Pernitz,Schatzinsel (Boulder),Österreich Ost,,,Pernitz | Schatzinsel (Boulder) | Squeezing My Ibanez,,to create
Like an Egyptian,6a,Boulder,boulder,Font,Pernitz,Schatzinsel (Boulder),Österreich Ost,,,Pernitz | Schatzinsel (Boulder) | Like an Egyptian,,to create
Sacred Spirit,8a,Boulder,boulder,Font,Pernitz,Schatzinsel (Boulder),Österreich Ost,,,Pernitz | Schatzinsel (Boulder) | Sacred Spirit,,to create
Mülhalde,6c,Boulder,boulder,Font,Pernitz,Schatzinsel (Boulder),Österreich Ost,,,Pernitz | Schatzinsel (Boulder) | Mülhalde,,to create
Things I've Seen,7a+,Boulder,boulder,Font,Pernitz,Schatzinsel (Boulder),Österreich Ost,,,Pernitz | Schatzinsel (Boulder) | Things I've Seen,,to create
No Justice,7b+,Boulder,boulder,Font,Pernitz,Schatzinsel (Boulder),Österreich Ost,,,Pernitz | Schatzinsel (Boulder) | No Justice,,to create
Sauer,6c,Boulder,boulder,Font,Pernitz,Schatzinsel (Boulder),Österreich Ost,,,Pernitz | Schatzinsel (Boulder) | Sauer,,to create
Justice,6b,Boulder,boulder,Font,Pernitz,Schatzinsel (Boulder),Österreich Ost,,,Pernitz | Schatzinsel (Boulder) | Justice,,to create
Zeckenattacke,6a,Boulder,boulder,Font,Pernitz,Schatzinsel (Boulder),Österreich Ost,,,Pernitz | Schatzinsel (Boulder) | Zeckenattacke,,to create
Zeck Muss Weg,6a,Boulder,boulder,Font,Pernitz,Schatzinsel (Boulder),Österreich Ost,,,Pernitz | Schatzinsel (Boulder) | Zeck Muss Weg,,to create
Traverse (Schatzinsel),6b+,Boulder,boulder,Font,Pernitz,Schatzinsel (Boulder),Österreich Ost,,,Pernitz | Schatzinsel (Boulder) | Traverse (Schatzinsel),,to create
Glory Hole,7+/8-,5-7,sport,UIAA,Pernitz,Gamswandl,Österreich Ost,,,Pernitz | Gamswandl | Glory Hole,,to create
Strassenstrich,8+,8-11,sport,UIAA,Pernitz,Gamswandl,Österreich Ost,,,Pernitz | Gamswandl | Strassenstrich,,to create
Eiertanz,9-,8-11,sport,UIAA,Pernitz,Gamswandl,Österreich Ost,,,Pernitz | Gamswandl | Eiertanz,,to create
Edelpuff,9-,8-11,sport,UIAA,Pernitz,Gamswandl,Österreich Ost,,,Pernitz | Gamswandl | Edelpuff,,to create
Brezlgriff,9-/9,8-11,sport,UIAA,Pernitz,Gamswandl,Österreich Ost,,,Pernitz | Gamswandl | Brezlgriff,,to create
Nix is Fix,8/8+,8-11,sport,UIAA,Pernitz,Gamswandl,Österreich Ost,,,Pernitz | Gamswandl | Nix is Fix,,to create
Nonstop,9+,8-11,sport,UIAA,Pernitz,Gamswandl,Österreich Ost,,,Pernitz | Gamswandl | Nonstop,,to create
Reiwalata,9/9+,8-11,sport,UIAA,Pernitz,Gamswandl,Österreich Ost,,,Pernitz | Gamswandl | Reiwalata,,to create
Hoppala,7+,5-7,sport,UIAA,Pernitz,Gamswandl,Österreich Ost,,,Pernitz | Gamswandl | Hoppala,,to create
United States of Nothing,7+,5-7,sport,UIAA,Pernitz,Gamswandl,Österreich Ost,,,Pernitz | Gamswandl | United States of Nothing,,to create
Namenlos (Gamswandl),8-,8-11,sport,UIAA,Pernitz,Gamswandl,Österreich Ost,,,Pernitz | Gamswandl | Namenlos (Gamswandl),,to create
Langer Weg zum schlechten Witz,8+,8-11,sport,UIAA,Pernitz,Gamswandl,Österreich Ost,,,Pernitz | Gamswandl | Langer Weg zum schlechten Witz,,to create
Lochstreifen,8+,8-11,sport,UIAA,Pernitz,Gamswandl,Österreich Ost,,,Pernitz | Gamswandl | Lochstreifen,,to create
Kane Händ Kane Keks,9-,8-11,sport,UIAA,Pernitz,Gamswandl,Österreich Ost,,,Pernitz | Gamswandl | Kane Händ Kane Keks,,to create
Michls Projekt,10/10+,8-11,sport,UIAA,Pernitz,Gamswandl,Österreich Ost,,,Pernitz | Gamswandl | Michls Projekt,,to create
Mini Phillip Flamm,7,5-7,sport,UIAA,Pernitz,Gamswandl,Österreich Ost,,,Pernitz | Gamswandl | Mini Phillip Flamm,,to create
Nemesis,6,5-7,sport,UIAA,Pernitz,Gamswand,Österreich Ost,,,Pernitz | Gamswand | Nemesis,,to create
Doppelwitz,6+,5-7,sport,UIAA,Pernitz,Gamswand,Österreich Ost,,,Pernitz | Gamswand | Doppelwitz,,to create
Vogelfrei (Gamswand),8,8-11,sport,UIAA,Pernitz,Gamswand,Österreich Ost,,,Pernitz | Gamswand | Vogelfrei (Gamswand),,to create
Gottlos,8-,8-11,sport,UIAA,Pernitz,Gamswand,Österreich Ost,,,Pernitz | Gamswand | Gottlos,,to create
Abtritt,9,8-11,sport,UIAA,Pernitz,Gamswand,Österreich Ost,,,Pernitz | Gamswand | Abtritt,,to create
Paolo Pinkel,8+/9-,8-11,sport,UIAA,Pernitz,Gamswand,Österreich Ost,,,Pernitz | Gamswand | Paolo Pinkel,,to create
Rabenkampf,8-,8-11,sport,UIAA,Pernitz,Gamswand,Österreich Ost,,,Pernitz | Gamswand | Rabenkampf,,to create
Waldteufel,8-,8-11,sport,UIAA,Pernitz,Gamswand,Österreich Ost,,,Pernitz | Gamswand | Waldteufel,,to create
Das schwarze Schaf,7/7+,5-7,sport,UIAA,Pernitz,Gamswand,Österreich Ost,,,Pernitz | Gamswand | Das schwarze Schaf,,to create
Ästhetische Mobilmachung,7,5-7,sport,UIAA,Pernitz,Gamswand,Österreich Ost,,,Pernitz | Gamswand | Ästhetische Mobilmachung,,to create
Deutsch Nepal,8/8+,8-11,sport,UIAA,Pernitz,Gamswand,Österreich Ost,,,Pernitz | Gamswand | Deutsch Nepal,,to create
Sturmpercht,7+,5-7,sport,UIAA,Pernitz,Gamswand,Österreich Ost,,,Pernitz | Gamswand | Sturmpercht,,to create
Marsch der Wampelreiter,8,8-11,sport,UIAA,Pernitz,Gamswand,Österreich Ost,,,Pernitz | Gamswand | Marsch der Wampelreiter,,to create
Spreu und Weizen,7+,5-7,sport,UIAA,Pernitz,Gamswand,Österreich Ost,,,Pernitz | Gamswand | Spreu und Weizen,,to create
Revier und Stubenreinigung,7-,5-7,sport,UIAA,Pernitz,Gamswand,Österreich Ost,,,Pernitz | Gamswand | Revier und Stubenreinigung,,to create
Die hohe Stube,7+,5-7,sport,UIAA,Pernitz,Gamswand,Österreich Ost,,,Pernitz | Gamswand | Die hohe Stube,,to create
MC Dreck,8/8+,8-11,sport,UIAA,Pernitz,Gamswand,Österreich Ost,,,Pernitz | Gamswand | MC Dreck,,to create
Namenlos (Gamswand),8,8-11,sport,UIAA,Pernitz,Gamswand,Österreich Ost,,,Pernitz | Gamswand | Namenlos (Gamswand),,to create
Stubenrein,6+,5-7,sport,UIAA,Pernitz,Gamswand,Österreich Ost,,,Pernitz | Gamswand | Stubenrein,,to create
Einheitsfrass,6,5-7,sport,UIAA,Pernitz,Gamswand,Österreich Ost,,,Pernitz | Gamswand | Einheitsfrass,,to create
Die Welt ist so ungerecht,5+,5-7,sport,UIAA,Hirschwände,Sektor 1 - Calimero Wall,Österreich Ost,,,Hirschwände | Sektor 1 - Calimero Wall | Die Welt ist so ungerecht,,to create
Immer auf die Kleinen,7-,5-7,sport,UIAA,Hirschwände,Sektor 1 - Calimero Wall,Österreich Ost,,,Hirschwände | Sektor 1 - Calimero Wall | Immer auf die Kleinen,,to create
Geistesblitz,7+,5-7,sport,UIAA,Hirschwände,Sektor 1 - Calimero Wall,Österreich Ost,,,Hirschwände | Sektor 1 - Calimero Wall | Geistesblitz,,to create
Calimero,8+,8-11,sport,UIAA,Hirschwände,Sektor 1 - Calimero Wall,Österreich Ost,,,Hirschwände | Sektor 1 - Calimero Wall | Calimero,,to create
Hirschen und Pirschen,8+,8-11,sport,UIAA,Hirschwände,Sektor 1 - Calimero Wall,Österreich Ost,,,Hirschwände | Sektor 1 - Calimero Wall | Hirschen und Pirschen,,to create
Ein Pfund Rauch,8,8-11,sport,UIAA,Hirschwände,Sektor 1 - Calimero Wall,Österreich Ost,,,Hirschwände | Sektor 1 - Calimero Wall | Ein Pfund Rauch,,to create
Hochzeitsnacht,8-,8-11,sport,UIAA,Hirschwände,Sektor 1 - Calimero Wall,Österreich Ost,,,Hirschwände | Sektor 1 - Calimero Wall | Hochzeitsnacht,,to create
Baba Rodellar,8+/9-,8-11,sport,UIAA,Hirschwände,Sektor 1 - Calimero Wall,Österreich Ost,,,Hirschwände | Sektor 1 - Calimero Wall | Baba Rodellar,,to create
Phobiker der Schwerkraft,9-,8-11,sport,UIAA,Hirschwände,Sektor 1 - Calimero Wall,Österreich Ost,,,Hirschwände | Sektor 1 - Calimero Wall | Phobiker der Schwerkraft,,to create
Steirische Weinstrasse,7+/8-,5-7,sport,UIAA,Hirschwände,Sektor 1 - Calimero Wall,Österreich Ost,,,Hirschwände | Sektor 1 - Calimero Wall | Steirische Weinstrasse,,to create
Das schwarze Reh,6+/7-,5-7,sport,UIAA,Hirschwände,Sektor 1 - Calimero Wall,Österreich Ost,,,Hirschwände | Sektor 1 - Calimero Wall | Das schwarze Reh,,to create
Geisterbahn,7+/8-,5-7,sport,UIAA,Hirschwände,Sektor 1 - Calimero Wall,Österreich Ost,,,Hirschwände | Sektor 1 - Calimero Wall | Geisterbahn,,to create
Hirschhänd,8+/9-,8-11,sport,UIAA,Hirschwände,Sektor 1 - Calimero Wall,Österreich Ost,,,Hirschwände | Sektor 1 - Calimero Wall | Hirschhänd,,to create
Aussteiger,8-,8-11,sport,UIAA,Hirschwände,Sektor 1 - Calimero Wall,Österreich Ost,,,Hirschwände | Sektor 1 - Calimero Wall | Aussteiger,,to create
Stotina Godine,5+,5-7,sport,UIAA,Hirschwände,Sektor 1 - Calimero Wall,Österreich Ost,,,Hirschwände | Sektor 1 - Calimero Wall | Stotina Godine,,to create
Trommelfell,6+,5-7,sport,UIAA,Hirschwände,Sektor 1 - Calimero Wall,Österreich Ost,,,Hirschwände | Sektor 1 - Calimero Wall | Trommelfell,,to create
Bushsnake,7+,5-7,sport,UIAA,Hirschwände,Sektor 1 - Calimero Wall,Österreich Ost,,,Hirschwände | Sektor 1 - Calimero Wall | Bushsnake,,to create
Transkei,7+,5-7,sport,UIAA,Hirschwände,Sektor 1 - Calimero Wall,Österreich Ost,,,Hirschwände | Sektor 1 - Calimero Wall | Transkei,,to create
Draken Direkt,8-,8-11,sport,UIAA,Hirschwände,Sektor 1 - Calimero Wall,Österreich Ost,,,Hirschwände | Sektor 1 - Calimero Wall | Draken Direkt,,to create
Drakenstour,7,5-7,sport,UIAA,Hirschwände,Sektor 1 - Calimero Wall,Österreich Ost,,,Hirschwände | Sektor 1 - Calimero Wall | Drakenstour,,to create
Soweto,6+,5-7,sport,UIAA,Hirschwände,Sektor 1 - Calimero Wall,Österreich Ost,,,Hirschwände | Sektor 1 - Calimero Wall | Soweto,,to create
Friss oder Stirb,7,5-7,sport,UIAA,Hirschwände,Sektor 2 - Messer,Österreich Ost,,,Hirschwände | Sektor 2 - Messer | Friss oder Stirb,,to create
Hour of Power,7,5-7,sport,UIAA,Hirschwände,Sektor 2 - Messer,Österreich Ost,,,Hirschwände | Sektor 2 - Messer | Hour of Power,,to create
Herr der Ringe,6+,5-7,sport,UIAA,Hirschwände,Sektor 2 - Messer,Österreich Ost,,,Hirschwände | Sektor 2 - Messer | Herr der Ringe,,to create
Namenlos (Messer a),8,8-11,sport,UIAA,Hirschwände,Sektor 2 - Messer,Österreich Ost,,,Hirschwände | Sektor 2 - Messer | Namenlos (Messer a),,to create
Namenlos (Messer b),7,5-7,sport,UIAA,Hirschwände,Sektor 2 - Messer,Österreich Ost,,,Hirschwände | Sektor 2 - Messer | Namenlos (Messer b),,to create
Leatherman Tool,7+,5-7,sport,UIAA,Hirschwände,Sektor 2 - Messer,Österreich Ost,,,Hirschwände | Sektor 2 - Messer | Leatherman Tool,,to create
Etwas Stumpf,7+,5-7,sport,UIAA,Hirschwände,Sektor 2 - Messer,Österreich Ost,,,Hirschwände | Sektor 2 - Messer | Etwas Stumpf,,to create
Centerfold,7,5-7,sport,UIAA,Hirschwände,Sektor 2 - Messer,Österreich Ost,,,Hirschwände | Sektor 2 - Messer | Centerfold,,to create
Dopingtest,7-,5-7,sport,UIAA,Hirschwände,Sektor 3 - Gamshöhlen,Österreich Ost,,,Hirschwände | Sektor 3 - Gamshöhlen | Dopingtest,,to create
Masterpiece,7,5-7,sport,UIAA,Hirschwände,Sektor 3 - Gamshöhlen,Österreich Ost,,,Hirschwände | Sektor 3 - Gamshöhlen | Masterpiece,,to create
Rap the Rock,6+,5-7,sport,UIAA,Hirschwände,Sektor 3 - Gamshöhlen,Österreich Ost,,,Hirschwände | Sektor 3 - Gamshöhlen | Rap the Rock,,to create
Exit,5,5-7,sport,UIAA,Hirschwände,Sektor 3 - Gamshöhlen,Österreich Ost,,,Hirschwände | Sektor 3 - Gamshöhlen | Exit,,to create
Bat Bitch (Gamshöhlen),7,5-7,sport,UIAA,Hirschwände,Sektor 3 - Gamshöhlen,Österreich Ost,,,Hirschwände | Sektor 3 - Gamshöhlen | Bat Bitch (Gamshöhlen),,to create
I Was Net,7+,5-7,sport,UIAA,Hirschwände,Sektor 4 - Links Aussen,Österreich Ost,,,Hirschwände | Sektor 4 - Links Aussen | I Was Net,,to create
Nicht mein Problem,8,8-11,sport,UIAA,Hirschwände,Sektor 4 - Links Aussen,Österreich Ost,,,Hirschwände | Sektor 4 - Links Aussen | Nicht mein Problem,,to create
Curettage a vif,7+,5-7,sport,UIAA,Hirschwände,Sektor 4 - Links Aussen,Österreich Ost,,,Hirschwände | Sektor 4 - Links Aussen | Curettage a vif,,to create
Klassischer Riss,6,5-7,sport,UIAA,Hirschwände,Sektor 4 - Links Aussen,Österreich Ost,,,Hirschwände | Sektor 4 - Links Aussen | Klassischer Riss,,to create
Scharfe Sache,7-,5-7,sport,UIAA,Hirschwände,Sektor 4 - Links Aussen,Österreich Ost,,,Hirschwände | Sektor 4 - Links Aussen | Scharfe Sache,,to create
Sternschnupperer,9-,8-11,sport,UIAA,Hirschwände,Sektor 4 - Links Aussen,Österreich Ost,,,Hirschwände | Sektor 4 - Links Aussen | Sternschnupperer,,to create
Bröselmaier,5+,5-7,sport,UIAA,Hirschwände,Sektor 4 - Links Aussen,Österreich Ost,,,Hirschwände | Sektor 4 - Links Aussen | Bröselmaier,,to create
Sternschnupperer 1.SL,6+,5-7,sport,UIAA,Hirschwände,Sektor 4 - Links Aussen,Österreich Ost,,,Hirschwände | Sektor 4 - Links Aussen | Sternschnupperer 1.SL,,to create
Les Petits Riens,5+,5-7,sport,UIAA,Hirschwände,Sektor 4 - Links Aussen,Österreich Ost,,,Hirschwände | Sektor 4 - Links Aussen | Les Petits Riens,,to create
Sand in Sicht,5,5-7,sport,UIAA,Hirschwände,Sektor 4 - Links Aussen,Österreich Ost,,,Hirschwände | Sektor 4 - Links Aussen | Sand in Sicht,,to create
Vivant Sequentes,8,8-11,sport,UIAA,Hirschwände,Sektor 4 - Links Aussen,Österreich Ost,,,Hirschwände | Sektor 4 - Links Aussen | Vivant Sequentes,,to create
Henkelversprechung,8+,8-11,sport,UIAA,Hirschwände,Sektor 4 - Links Aussen,Österreich Ost,,,Hirschwände | Sektor 4 - Links Aussen | Henkelversprechung,,to create
Moria,7-,5-7,sport,UIAA,Hirschwände,Sektor 5 - Kulisse,Österreich Ost,,,Hirschwände | Sektor 5 - Kulisse | Moria,,to create
Gomphidius,7,5-7,sport,UIAA,Hirschwände,Sektor 5 - Kulisse,Österreich Ost,,,Hirschwände | Sektor 5 - Kulisse | Gomphidius,,to create
Bad Boy Boogie,7+,5-7,sport,UIAA,Hirschwände,Sektor 5 - Kulisse,Österreich Ost,,,Hirschwände | Sektor 5 - Kulisse | Bad Boy Boogie,,to create
Hell Ain't a Bad Place to Be,8+/9-,8-11,sport,UIAA,Hirschwände,Sektor 5 - Kulisse,Österreich Ost,,,Hirschwände | Sektor 5 - Kulisse | Hell Ain't a Bad Place to Be,,to create
Ccenturio,9+,8-11,sport,UIAA,Hirschwände,Sektor 5 - Kulisse,Österreich Ost,,,Hirschwände | Sektor 5 - Kulisse | Ccenturio,,to create
Legionär,9,8-11,sport,UIAA,Hirschwände,Sektor 5 - Kulisse,Österreich Ost,,,Hirschwände | Sektor 5 - Kulisse | Legionär,,to create
Semirough,6,5-7,sport,UIAA,Hirschwände,Sektor 5 - Kulisse,Österreich Ost,,,Hirschwände | Sektor 5 - Kulisse | Semirough,,to create
Sadistenbehelf,8+/9-,8-11,sport,UIAA,Hirschwände,Sektor 5 - Kulisse,Österreich Ost,,,Hirschwände | Sektor 5 - Kulisse | Sadistenbehelf,,to create
Sonnendiagonale,7,5-7,sport,UIAA,Hirschwände,Sektor 5 - Kulisse,Österreich Ost,,,Hirschwände | Sektor 5 - Kulisse | Sonnendiagonale,,to create
Barbietour,7+,5-7,sport,UIAA,Hirschwände,Sektor 5 - Kulisse,Österreich Ost,,,Hirschwände | Sektor 5 - Kulisse | Barbietour,,to create
Var (Kulisse a),6,5-7,sport,UIAA,Hirschwände,Sektor 5 - Kulisse,Österreich Ost,,,Hirschwände | Sektor 5 - Kulisse | Var (Kulisse a),,to create
Var (Kulisse b),6,5-7,sport,UIAA,Hirschwände,Sektor 5 - Kulisse,Österreich Ost,,,Hirschwände | Sektor 5 - Kulisse | Var (Kulisse b),,to create
Scherzpfeiferl,8,8-11,sport,UIAA,Hirschwände,Sektor 5 - Kulisse,Österreich Ost,,,Hirschwände | Sektor 5 - Kulisse | Scherzpfeiferl,,to create
Immer nur Lächeln,9,8-11,sport,UIAA,Hirschwände,Sektor 5 - Kulisse,Österreich Ost,,,Hirschwände | Sektor 5 - Kulisse | Immer nur Lächeln,,to create
Zwergenfalle,9+/10-,8-11,sport,UIAA,Hirschwände,Sektor 5 - Kulisse,Österreich Ost,,,Hirschwände | Sektor 5 - Kulisse | Zwergenfalle,,to create
Singt mir ein Lied,9/9+,8-11,sport,UIAA,Hirschwände,Sektor 5 - Kulisse,Österreich Ost,,,Hirschwände | Sektor 5 - Kulisse | Singt mir ein Lied,,to create
Mir is Wurscht,7-,5-7,sport,UIAA,Hirschwände,Sektor 5 - Kulisse,Österreich Ost,,,Hirschwände | Sektor 5 - Kulisse | Mir is Wurscht,,to create
Riesenkamin,5+,5-7,sport,UIAA,Hirschwände,Sektor 5 - Kulisse,Österreich Ost,,,Hirschwände | Sektor 5 - Kulisse | Riesenkamin,,to create
Jägermeisterkamin,3,1-4,sport,UIAA,Hirschwände,Sektor 5 - Kulisse,Österreich Ost,,,Hirschwände | Sektor 5 - Kulisse | Jägermeisterkamin,,to create
Grantig Kantig,8,8-11,sport,UIAA,Hirschwände,Sektor 5 - Kulisse,Österreich Ost,,,Hirschwände | Sektor 5 - Kulisse | Grantig Kantig,,to create
Originaltrick,8,8-11,sport,UIAA,Hirschwände,Sektor 5 - Kulisse,Österreich Ost,,,Hirschwände | Sektor 5 - Kulisse | Originaltrick,,to create
Joyfight,8,8-11,sport,UIAA,Hirschwände,Sektor 5 - Kulisse,Österreich Ost,,,Hirschwände | Sektor 5 - Kulisse | Joyfight,,to create
Joyride,7+,5-7,sport,UIAA,Hirschwände,Sektor 5 - Kulisse,Österreich Ost,,,Hirschwände | Sektor 5 - Kulisse | Joyride,,to create
Plattenspiele,7-,5-7,sport,UIAA,Hirschwände,Sektor 5 - Kulisse,Österreich Ost,,,Hirschwände | Sektor 5 - Kulisse | Plattenspiele,,to create
Zaubernuss,8+,8-11,sport,UIAA,Hirschwände,Sektor 5 - Kulisse,Österreich Ost,,,Hirschwände | Sektor 5 - Kulisse | Zaubernuss,,to create
Zaubernussini,9-/9,8-11,sport,UIAA,Hirschwände,Sektor 5 - Kulisse,Österreich Ost,,,Hirschwände | Sektor 5 - Kulisse | Zaubernussini,,to create
Strenger Aufriss,8,8-11,sport,UIAA,Hirschwände,Sektor 5 - Kulisse,Österreich Ost,,,Hirschwände | Sektor 5 - Kulisse | Strenger Aufriss,,to create
Faites vous jeux,8+,8-11,sport,UIAA,Hirschwände,Sektor 5 - Kulisse,Österreich Ost,,,Hirschwände | Sektor 5 - Kulisse | Faites vous jeux,,to create
Same Player Tries Again,7+/8-,5-7,sport,UIAA,Hirschwände,Sektor 5 - Kulisse,Österreich Ost,,,Hirschwände | Sektor 5 - Kulisse | Same Player Tries Again,,to create
Schnurzilein,8+/9-,8-11,sport,UIAA,Hirschwände,Sektor 5 - Kulisse,Österreich Ost,,,Hirschwände | Sektor 5 - Kulisse | Schnurzilein,,to create
Procaine,10/10+,8-11,sport,UIAA,Hirschwände,Sektor 5 - Kulisse,Österreich Ost,,,Hirschwände | Sektor 5 - Kulisse | Procaine,,to create
Cierne Dni,9+,8-11,sport,UIAA,Hirschwände,Sektor 5 - Kulisse,Österreich Ost,,,Hirschwände | Sektor 5 - Kulisse | Cierne Dni,,to create
Anarchoprak,9+/10-,8-11,sport,UIAA,Hirschwände,Sektor 5 - Kulisse,Österreich Ost,,,Hirschwände | Sektor 5 - Kulisse | Anarchoprak,,to create
Pulvis et Umbra,9,8-11,sport,UIAA,Hirschwände,Sektor 5 - Kulisse,Österreich Ost,,,Hirschwände | Sektor 5 - Kulisse | Pulvis et Umbra,,to create
Chaosgasse 92,9,8-11,sport,UIAA,Hirschwände,Sektor 5 - Kulisse,Österreich Ost,,,Hirschwände | Sektor 5 - Kulisse | Chaosgasse 92,,to create
Ode Profanum Vulgos et Arceo,10-,8-11,sport,UIAA,Hirschwände,Sektor 5 - Kulisse,Österreich Ost,,,Hirschwände | Sektor 5 - Kulisse | Ode Profanum Vulgos et Arceo,,to create
Denken kannst da schenkn,8+,8-11,sport,UIAA,Hirschwände,Sektor 5 - Kulisse,Österreich Ost,,,Hirschwände | Sektor 5 - Kulisse | Denken kannst da schenkn,,to create
Happy Birthday Dr.Kromer,7+,5-7,sport,UIAA,Hirschwände,Sektor 5 - Kulisse,Österreich Ost,,,Hirschwände | Sektor 5 - Kulisse | Happy Birthday Dr.Kromer,,to create
Originaleinstieg,8,8-11,sport,UIAA,Hirschwände,Sektor 5 - Kulisse,Österreich Ost,,,Hirschwände | Sektor 5 - Kulisse | Originaleinstieg,,to create
Holde Täuschung,7,5-7,sport,UIAA,Hirschwände,Sektor 5 - Kulisse,Österreich Ost,,,Hirschwände | Sektor 5 - Kulisse | Holde Täuschung,,to create
Liebstling,6+,5-7,sport,UIAA,Hirschwände,Sektor 5 - Kulisse,Österreich Ost,,,Hirschwände | Sektor 5 - Kulisse | Liebstling,,to create
Ut Aliquid Fieri Videatur,7-,5-7,sport,UIAA,Hirschwände,Sektor 5 - Kulisse,Österreich Ost,,,Hirschwände | Sektor 5 - Kulisse | Ut Aliquid Fieri Videatur,,to create
B-Boulder,8-,8-11,sport,UIAA,Hirschwände,Sektor 5 - Kulisse,Österreich Ost,,,Hirschwände | Sektor 5 - Kulisse | B-Boulder,,to create
Mach dich leicht,9,8-11,sport,UIAA,Hirschwände,Sektor 5 - Kulisse,Österreich Ost,,,Hirschwände | Sektor 5 - Kulisse | Mach dich leicht,,to create
Amasake,9+,8-11,sport,UIAA,Hirschwände,Sektor 5 - Kulisse,Österreich Ost,,,Hirschwände | Sektor 5 - Kulisse | Amasake,,to create
No Way Back,8+,8-11,sport,UIAA,Hirschwände,Sektor 5 - Kulisse,Österreich Ost,,,Hirschwände | Sektor 5 - Kulisse | No Way Back,,to create
Verlängerung (Kulisse),10-,8-11,sport,UIAA,Hirschwände,Sektor 5 - Kulisse,Österreich Ost,,,Hirschwände | Sektor 5 - Kulisse | Verlängerung (Kulisse),,to create
Schräges Gelände,8,8-11,sport,UIAA,Hirschwände,Sektor 5 - Kulisse,Österreich Ost,,,Hirschwände | Sektor 5 - Kulisse | Schräges Gelände,,to create
"Erde, Dornen",,,sport,UIAA,Hirschwände,Sektor 6 - Zentrum,Österreich Ost,,,"Hirschwände | Sektor 6 - Zentrum | Erde, Dornen",,to create
Peinigl,8,8-11,sport,UIAA,Hirschwände,Sektor 6 - Zentrum,Österreich Ost,,,Hirschwände | Sektor 6 - Zentrum | Peinigl,,to create
Gucki Wucki,8,8-11,sport,UIAA,Hirschwände,Sektor 6 - Zentrum,Österreich Ost,,,Hirschwände | Sektor 6 - Zentrum | Gucki Wucki,,to create
Doppelt gerebelt,7,5-7,sport,UIAA,Hirschwände,Sektor 6 - Zentrum,Österreich Ost,,,Hirschwände | Sektor 6 - Zentrum | Doppelt gerebelt,,to create
Gusch Krampen,6,5-7,sport,UIAA,Hirschwände,Sektor 6 - Zentrum,Österreich Ost,,,Hirschwände | Sektor 6 - Zentrum | Gusch Krampen,,to create
Saxa Loquuntur,9,8-11,sport,UIAA,Hirschwände,Sektor 6 - Zentrum,Österreich Ost,,,Hirschwände | Sektor 6 - Zentrum | Saxa Loquuntur,,to create
Primus Inter Pares,10,8-11,sport,UIAA,Hirschwände,Sektor 6 - Zentrum,Österreich Ost,,,Hirschwände | Sektor 6 - Zentrum | Primus Inter Pares,,to create
Desiderio Desideravi,8+,8-11,sport,UIAA,Hirschwände,Sektor 6 - Zentrum,Österreich Ost,,,Hirschwände | Sektor 6 - Zentrum | Desiderio Desideravi,,to create
Die alten Wilden,7+,5-7,sport,UIAA,Hirschwände,Sektor 6 - Zentrum,Österreich Ost,,,Hirschwände | Sektor 6 - Zentrum | Die alten Wilden,,to create
De oide Pleschn,5,5-7,sport,UIAA,Hirschwände,Sektor 6 - Zentrum,Österreich Ost,,,Hirschwände | Sektor 6 - Zentrum | De oide Pleschn,,to create
2.SL von 101,8,8-11,sport,UIAA,Hirschwände,Sektor 6 - Zentrum,Österreich Ost,,,Hirschwände | Sektor 6 - Zentrum | 2.SL von 101,,to create
Ostarit,6,5-7,sport,UIAA,Hirschwände,Sektor 6 - Zentrum,Österreich Ost,,,Hirschwände | Sektor 6 - Zentrum | Ostarit,,to create
Crno Macka,7,5-7,sport,UIAA,Hirschwände,Sektor 6 - Zentrum,Österreich Ost,,,Hirschwände | Sektor 6 - Zentrum | Crno Macka,,to create
Bis zum bitteren Ende,6,5-7,sport,UIAA,Hirschwände,Sektor 6 - Zentrum,Österreich Ost,,,Hirschwände | Sektor 6 - Zentrum | Bis zum bitteren Ende,,to create
Paradies,5-,5-7,sport,UIAA,Hirschwände,Sektor 6 - Zentrum,Österreich Ost,,,Hirschwände | Sektor 6 - Zentrum | Paradies,,to create
Madelene,4+,1-4,sport,UIAA,Hirschwände,Sektor 6 - Zentrum,Österreich Ost,,,Hirschwände | Sektor 6 - Zentrum | Madelene,,to create
Wunderbare Reise,8,8-11,sport,UIAA,Hirschwände,Sektor 6 - Zentrum,Österreich Ost,,,Hirschwände | Sektor 6 - Zentrum | Wunderbare Reise,,to create
Zentralrisse,7+,5-7,sport,UIAA,Hirschwände,Sektor 6 - Zentrum,Österreich Ost,,,Hirschwände | Sektor 6 - Zentrum | Zentralrisse,,to create
Gelber Pfeiler,6+,5-7,sport,UIAA,Hirschwände,Sektor 6 - Zentrum,Österreich Ost,,,Hirschwände | Sektor 6 - Zentrum | Gelber Pfeiler,,to create
Pfeilerrisse,6,5-7,sport,UIAA,Hirschwände,Sektor 6 - Zentrum,Österreich Ost,,,Hirschwände | Sektor 6 - Zentrum | Pfeilerrisse,,to create
May Gods Love Be With You,7+,5-7,sport,UIAA,Hirschwände,Sektor 7 - Rechtsaussen,Österreich Ost,,,Hirschwände | Sektor 7 - Rechtsaussen | May Gods Love Be With You,,to create
Ut Aliquod Fiat,7+,5-7,sport,UIAA,Hirschwände,Sektor 7 - Rechtsaussen,Österreich Ost,,,Hirschwände | Sektor 7 - Rechtsaussen | Ut Aliquod Fiat,,to create
Sunset Boulevard,7-,5-7,sport,UIAA,Hirschwände,Sektor 7 - Rechtsaussen,Österreich Ost,,,Hirschwände | Sektor 7 - Rechtsaussen | Sunset Boulevard,,to create
Skidroad,7+,5-7,sport,UIAA,Hirschwände,Sektor 7 - Rechtsaussen,Österreich Ost,,,Hirschwände | Sektor 7 - Rechtsaussen | Skidroad,,to create
Direkter Ostgrat,6-,5-7,multipitch,UIAA,Hirschwände,Sektor 7 - Rechtsaussen,Österreich Ost,,,Hirschwände | Sektor 7 - Rechtsaussen | Direkter Ostgrat,,to create
Eintritt Frei,8,8-11,sport,UIAA,Hirschwände,Sektor 7 - Rechtsaussen,Österreich Ost,,,Hirschwände | Sektor 7 - Rechtsaussen | Eintritt Frei,,to create
Welcome to Thaligrat,6,5-7,sport,UIAA,Hocheck,Südwestwand,Österreich Ost,,,Hocheck | Südwestwand | Welcome to Thaligrat,,to create
Seitensprung,4,1-4,sport,UIAA,Hocheck,Südwestwand,Österreich Ost,,,Hocheck | Südwestwand | Seitensprung,,to create
Quicky,5,5-7,sport,UIAA,Hocheck,Südwestwand,Österreich Ost,,,Hocheck | Südwestwand | Quicky,,to create
Zu kurz geraten,5,5-7,sport,UIAA,Hocheck,Südwestwand,Österreich Ost,,,Hocheck | Südwestwand | Zu kurz geraten,,to create
Kein Höhepunkt,3,1-4,sport,UIAA,Hocheck,Südwestwand,Österreich Ost,,,Hocheck | Südwestwand | Kein Höhepunkt,,to create
Maulwurf,4,1-4,sport,UIAA,Hocheck,Südwestwand,Österreich Ost,,,Hocheck | Südwestwand | Maulwurf,,to create
Wühlmaus,6+,5-7,sport,UIAA,Hocheck,Südwestwand,Österreich Ost,,,Hocheck | Südwestwand | Wühlmaus,,to create
Thy(rannosaurus)rex,6,5-7,sport,UIAA,Hocheck,Südwestwand,Österreich Ost,,,Hocheck | Südwestwand | Thy(rannosaurus)rex,,to create
Christasteig,5,5-7,sport,UIAA,Hocheck,Südwestwand,Österreich Ost,,,Hocheck | Südwestwand | Christasteig,,to create
Bachelor Arbeit,7,5-7,sport,UIAA,Hocheck,Südwestwand,Österreich Ost,,,Hocheck | Südwestwand | Bachelor Arbeit,,to create
Maturavorbereitung,6+,5-7,sport,UIAA,Hocheck,Südwestwand,Österreich Ost,,,Hocheck | Südwestwand | Maturavorbereitung,,to create
Maturavorbereitung Direkt,6,5-7,sport,UIAA,Hocheck,Südwestwand,Österreich Ost,,,Hocheck | Südwestwand | Maturavorbereitung Direkt,,to create
Maturaprüfung,6,5-7,sport,UIAA,Hocheck,Südwestwand,Österreich Ost,,,Hocheck | Südwestwand | Maturaprüfung,,to create
Troubadour,7,5-7,sport,UIAA,Hocheck,Südwestwand,Österreich Ost,,,Hocheck | Südwestwand | Troubadour,,to create
Aufi Muassi,7,5-7,sport,UIAA,Hocheck,Südwestwand,Österreich Ost,,,Hocheck | Südwestwand | Aufi Muassi,,to create
Herbsttraum,7+,5-7,sport,UIAA,Hocheck,Untere Westwand,Österreich Ost,,,Hocheck | Untere Westwand | Herbsttraum,,to create
Fasten Seat Belts,7,5-7,sport,UIAA,Hocheck,Untere Westwand,Österreich Ost,,,Hocheck | Untere Westwand | Fasten Seat Belts,,to create
Direkter Annysteig,6+,5-7,sport,UIAA,Hocheck,Untere Westwand,Österreich Ost,,,Hocheck | Untere Westwand | Direkter Annysteig,,to create
Cholera,8-,8-11,sport,UIAA,Hocheck,Untere Westwand,Österreich Ost,,,Hocheck | Untere Westwand | Cholera,,to create
Annysteig,5,5-7,sport,UIAA,Hocheck,Untere Westwand,Österreich Ost,,,Hocheck | Untere Westwand | Annysteig,,to create
Struma Ade,7,5-7,sport,UIAA,Hocheck,Untere Westwand,Österreich Ost,,,Hocheck | Untere Westwand | Struma Ade,,to create
Thyphus,8,8-11,sport,UIAA,Hocheck,Untere Westwand,Österreich Ost,,,Hocheck | Untere Westwand | Thyphus,,to create
Höhenluft,5+,5-7,sport,UIAA,Hocheck,Untere Westwand,Österreich Ost,,,Hocheck | Untere Westwand | Höhenluft,,to create
Direkter Annysteig 2.Länge,5+,5-7,sport,UIAA,Hocheck,Untere Westwand,Österreich Ost,,,Hocheck | Untere Westwand | Direkter Annysteig 2.Länge,,to create
Malaria (Untere Westwand),8,8-11,sport,UIAA,Hocheck,Untere Westwand,Österreich Ost,,,Hocheck | Untere Westwand | Malaria (Untere Westwand),,to create
Ungeduld des Herzens,8+,8-11,sport,UIAA,Hocheck,Untere Westwand,Österreich Ost,,,Hocheck | Untere Westwand | Ungeduld des Herzens,,to create
Der Saustall,9-,8-11,sport,UIAA,Hocheck,Untere Westwand,Österreich Ost,,,Hocheck | Untere Westwand | Der Saustall,,to create
Kinderzimmer,9-,8-11,sport,UIAA,Hocheck,Untere Westwand,Österreich Ost,,,Hocheck | Untere Westwand | Kinderzimmer,,to create
Saxifraga,9+/10-,8-11,sport,UIAA,Hocheck,Untere Westwand,Österreich Ost,,,Hocheck | Untere Westwand | Saxifraga,,to create
Zen,9+/10-,8-11,sport,UIAA,Hocheck,Untere Westwand,Österreich Ost,,,Hocheck | Untere Westwand | Zen,,to create
Zen Light,8,8-11,sport,UIAA,Hocheck,Untere Westwand,Österreich Ost,,,Hocheck | Untere Westwand | Zen Light,,to create
Um ein Haar,8+,8-11,sport,UIAA,Hocheck,Untere Westwand,Österreich Ost,,,Hocheck | Untere Westwand | Um ein Haar,,to create
Complement Fou,8,8-11,sport,UIAA,Hocheck,Untere Westwand,Österreich Ost,,,Hocheck | Untere Westwand | Complement Fou,,to create
Novel Design,8-/9-,8-11,sport,UIAA,Hocheck,Untere Westwand,Österreich Ost,,,Hocheck | Untere Westwand | Novel Design,,to create
Tractatus Logico,8/8+,8-11,sport,UIAA,Hocheck,Untere Westwand,Österreich Ost,,,Hocheck | Untere Westwand | Tractatus Logico,,to create
"Soit, Soit",6+,5-7,sport,UIAA,Hocheck,Untere Westwand,Österreich Ost,,,"Hocheck | Untere Westwand | Soit, Soit",,to create
Tommy Is Bad,7+,5-7,sport,UIAA,Hocheck,Untere Westwand,Österreich Ost,,,Hocheck | Untere Westwand | Tommy Is Bad,,to create
Tommy Can You Hear Me,7-,5-7,sport,UIAA,Hocheck,Untere Westwand,Österreich Ost,,,Hocheck | Untere Westwand | Tommy Can You Hear Me,,to create
Tommy Be Nice,7,5-7,sport,UIAA,Hocheck,Untere Westwand,Österreich Ost,,,Hocheck | Untere Westwand | Tommy Be Nice,,to create
Lehrung,4,1-4,sport,UIAA,Hocheck,Obere Westwand,Österreich Ost,,,Hocheck | Obere Westwand | Lehrung,,to create
Geselle,6,5-7,sport,UIAA,Hocheck,Obere Westwand,Österreich Ost,,,Hocheck | Obere Westwand | Geselle,,to create
Meister,6+,5-7,sport,UIAA,Hocheck,Obere Westwand,Österreich Ost,,,Hocheck | Obere Westwand | Meister,,to create
Schabernack,7+,5-7,sport,UIAA,Hocheck,Obere Westwand,Österreich Ost,,,Hocheck | Obere Westwand | Schabernack,,to create
Taktiker,7+,5-7,sport,UIAA,Hocheck,Obere Westwand,Österreich Ost,,,Hocheck | Obere Westwand | Taktiker,,to create
Techniker,7/7+,5-7,sport,UIAA,Hocheck,Obere Westwand,Österreich Ost,,,Hocheck | Obere Westwand | Techniker,,to create
Love Me Tender,9+/10-,8-11,sport,UIAA,Hocheck,Obere Westwand,Österreich Ost,,,Hocheck | Obere Westwand | Love Me Tender,,to create
Love the Wind,10,8-11,sport,UIAA,Hocheck,Obere Westwand,Österreich Ost,,,Hocheck | Obere Westwand | Love the Wind,,to create
Aiolos,10/10+,8-11,sport,UIAA,Hocheck,Obere Westwand,Österreich Ost,,,Hocheck | Obere Westwand | Aiolos,,to create
Aölsharfen,11-,8-11,sport,UIAA,Hocheck,Obere Westwand,Österreich Ost,,,Hocheck | Obere Westwand | Aölsharfen,,to create
Soultime,8,8-11,sport,UIAA,Hocheck,Obere Westwand,Österreich Ost,,,Hocheck | Obere Westwand | Soultime,,to create
3 Freunde Spezial,5+,5-7,sport,UIAA,Hocheck,Obere Westwand,Österreich Ost,,,Hocheck | Obere Westwand | 3 Freunde Spezial,,to create
3 Freunde Steig,5-,5-7,sport,UIAA,Hocheck,Obere Westwand,Österreich Ost,,,Hocheck | Obere Westwand | 3 Freunde Steig,,to create
Kakadus,6,5-7,sport,UIAA,Hocheck,Obere Westwand,Österreich Ost,,,Hocheck | Obere Westwand | Kakadus,,to create
Klettersardine,5,5-7,sport,UIAA,Hocheck,Obere Westwand,Österreich Ost,,,Hocheck | Obere Westwand | Klettersardine,,to create
Mauerläufer,6+,5-7,sport,UIAA,Hocheck,Obere Westwand,Österreich Ost,,,Hocheck | Obere Westwand | Mauerläufer,,to create
Gecko,8+/9-,8-11,sport,UIAA,Hocheck,Obere Westwand,Österreich Ost,,,Hocheck | Obere Westwand | Gecko,,to create
Schrecksekunde,6+,5-7,sport,UIAA,Hocheck,Obere Westwand,Österreich Ost,,,Hocheck | Obere Westwand | Schrecksekunde,,to create
Glückstag,7-,5-7,sport,UIAA,Hocheck,Obere Westwand,Österreich Ost,,,Hocheck | Obere Westwand | Glückstag,,to create
Sturmwarnung,7+,5-7,sport,UIAA,Hocheck,Obere Westwand,Österreich Ost,,,Hocheck | Obere Westwand | Sturmwarnung,,to create
Mein Gott Anny (Westwand),7,5-7,sport,UIAA,Hocheck,Obere Westwand,Österreich Ost,,,Hocheck | Obere Westwand | Mein Gott Anny (Westwand),,to create
Malaria 2.Länge,6+,5-7,sport,UIAA,Hocheck,Obere Westwand,Österreich Ost,,,Hocheck | Obere Westwand | Malaria 2.Länge,,to create
Wirbelwind,6+,5-7,sport,UIAA,Hocheck,Obere Westwand,Österreich Ost,,,Hocheck | Obere Westwand | Wirbelwind,,to create
Windhose,7-,5-7,sport,UIAA,Hocheck,Obere Westwand,Österreich Ost,,,Hocheck | Obere Westwand | Windhose,,to create
Abseits aller Ängste,5,5-7,sport,UIAA,Hocheck,Obere Westwand,Österreich Ost,,,Hocheck | Obere Westwand | Abseits aller Ängste,,to create
1 Freund Steig,5+,5-7,sport,UIAA,Hocheck,Obere Westwand,Österreich Ost,,,Hocheck | Obere Westwand | 1 Freund Steig,,to create
2 Freunde Steig,5+,5-7,sport,UIAA,Hocheck,Obere Westwand,Österreich Ost,,,Hocheck | Obere Westwand | 2 Freunde Steig,,to create
Bierwampe,8,8-11,sport,UIAA,Hocheck,Obere Westwand,Österreich Ost,,,Hocheck | Obere Westwand | Bierwampe,,to create
Brauhauskante,7-,5-7,sport,UIAA,Hocheck,Obere Westwand,Österreich Ost,,,Hocheck | Obere Westwand | Brauhauskante,,to create
Malzriss,5,5-7,sport,UIAA,Hocheck,Obere Westwand,Österreich Ost,,,Hocheck | Obere Westwand | Malzriss,,to create
Hopfenriss,3+,1-4,sport,UIAA,Hocheck,Obere Westwand,Österreich Ost,,,Hocheck | Obere Westwand | Hopfenriss,,to create
Gott erhalts Platte,4+,1-4,sport,UIAA,Hocheck,Obere Westwand,Österreich Ost,,,Hocheck | Obere Westwand | Gott erhalts Platte,,to create
Die Stimme des Windes,7b trav,5-7,sport,UIAA,Hocheck,Obere Westwand,Österreich Ost,,,Hocheck | Obere Westwand | Die Stimme des Windes,,to create
Ratatouille Verschneidung,5,5-7,sport,UIAA,Hocheck,Untere Thalhoferwand,Österreich Ost,,,Hocheck | Untere Thalhoferwand | Ratatouille Verschneidung,,to create
Mäusekönig,5+,5-7,sport,UIAA,Hocheck,Untere Thalhoferwand,Österreich Ost,,,Hocheck | Untere Thalhoferwand | Mäusekönig,,to create
Mäusejagd,5,5-7,sport,UIAA,Hocheck,Untere Thalhoferwand,Österreich Ost,,,Hocheck | Untere Thalhoferwand | Mäusejagd,,to create
Mäusefutter,6,5-7,sport,UIAA,Hocheck,Untere Thalhoferwand,Österreich Ost,,,Hocheck | Untere Thalhoferwand | Mäusefutter,,to create
Mäusefalle,5-,5-7,sport,UIAA,Hocheck,Untere Thalhoferwand,Österreich Ost,,,Hocheck | Untere Thalhoferwand | Mäusefalle,,to create
Auf die Maus gekommen,6,5-7,sport,UIAA,Hocheck,Untere Thalhoferwand,Österreich Ost,,,Hocheck | Untere Thalhoferwand | Auf die Maus gekommen,,to create
Mäusehochzeit,6,5-7,sport,UIAA,Hocheck,Untere Thalhoferwand,Österreich Ost,,,Hocheck | Untere Thalhoferwand | Mäusehochzeit,,to create
Saurer Regen,6+,5-7,sport,UIAA,Hocheck,Untere Thalhoferwand,Österreich Ost,,,Hocheck | Untere Thalhoferwand | Saurer Regen,,to create
Ökopoli,7/7+,5-7,sport,UIAA,Hocheck,Untere Thalhoferwand,Österreich Ost,,,Hocheck | Untere Thalhoferwand | Ökopoli,,to create
Mit neuer Kraft,7+,5-7,sport,UIAA,Hocheck,Untere Thalhoferwand,Österreich Ost,,,Hocheck | Untere Thalhoferwand | Mit neuer Kraft,,to create
Gottardi Riss,6+,5-7,sport,UIAA,Hocheck,Untere Thalhoferwand,Österreich Ost,,,Hocheck | Untere Thalhoferwand | Gottardi Riss,,to create
Falco Live,7+,5-7,sport,UIAA,Hocheck,Untere Thalhoferwand,Österreich Ost,,,Hocheck | Untere Thalhoferwand | Falco Live,,to create
Amerika,8-,8-11,sport,UIAA,Hocheck,Untere Thalhoferwand,Österreich Ost,,,Hocheck | Untere Thalhoferwand | Amerika,,to create
Jeanny,7+,5-7,sport,UIAA,Hocheck,Untere Thalhoferwand,Österreich Ost,,,Hocheck | Untere Thalhoferwand | Jeanny,,to create
Amadeus,7+,5-7,sport,UIAA,Hocheck,Untere Thalhoferwand,Österreich Ost,,,Hocheck | Untere Thalhoferwand | Amadeus,,to create
Morgentau,7+,5-7,sport,UIAA,Hocheck,Untere Thalhoferwand,Österreich Ost,,,Hocheck | Untere Thalhoferwand | Morgentau,,to create
Morgengrauen,7+,5-7,sport,UIAA,Hocheck,Untere Thalhoferwand,Österreich Ost,,,Hocheck | Untere Thalhoferwand | Morgengrauen,,to create
Hulmeister,7-,5-7,sport,UIAA,Hocheck,Untere Thalhoferwand,Österreich Ost,,,Hocheck | Untere Thalhoferwand | Hulmeister,,to create
Don Albatros,6+/7-,5-7,sport,UIAA,Hocheck,Untere Thalhoferwand,Österreich Ost,,,Hocheck | Untere Thalhoferwand | Don Albatros,,to create
Don Roberto,6+,5-7,sport,UIAA,Hocheck,Untere Thalhoferwand,Österreich Ost,,,Hocheck | Untere Thalhoferwand | Don Roberto,,to create
Don Rosl,7,5-7,sport,UIAA,Hocheck,Untere Thalhoferwand,Österreich Ost,,,Hocheck | Untere Thalhoferwand | Don Rosl,,to create
Don Carlos,6+/7-,5-7,sport,UIAA,Hocheck,Untere Thalhoferwand,Österreich Ost,,,Hocheck | Untere Thalhoferwand | Don Carlos,,to create
Kuh Rosl,6+/7-,5-7,sport,UIAA,Hocheck,Untere Thalhoferwand,Österreich Ost,,,Hocheck | Untere Thalhoferwand | Kuh Rosl,,to create
Eine Kuh,6+,5-7,sport,UIAA,Hocheck,Untere Thalhoferwand,Österreich Ost,,,Hocheck | Untere Thalhoferwand | Eine Kuh,,to create
Coming Home,6+/7-,5-7,sport,UIAA,Hocheck,Untere Thalhoferwand,Österreich Ost,,,Hocheck | Untere Thalhoferwand | Coming Home,,to create
Der Kommissar,5-,5-7,sport,UIAA,Hocheck,Untere Thalhoferwand,Österreich Ost,,,Hocheck | Untere Thalhoferwand | Der Kommissar,,to create
Homerun,6b trav,5-7,sport,UIAA,Hocheck,Untere Thalhoferwand,Österreich Ost,,,Hocheck | Untere Thalhoferwand | Homerun,,to create
Kurze Gaude,7,5-7,sport,UIAA,Hocheck,Zentrale Thalhoferwand,Österreich Ost,,,Hocheck | Zentrale Thalhoferwand | Kurze Gaude,,to create
Sternschnuppe,7-,5-7,sport,UIAA,Hocheck,Zentrale Thalhoferwand,Österreich Ost,,,Hocheck | Zentrale Thalhoferwand | Sternschnuppe,,to create
Männer!,7,5-7,sport,UIAA,Hocheck,Zentrale Thalhoferwand,Österreich Ost,,,Hocheck | Zentrale Thalhoferwand | Männer!,,to create
Vogelstimmen,7+/8-,5-7,sport,UIAA,Hocheck,Zentrale Thalhoferwand,Österreich Ost,,,Hocheck | Zentrale Thalhoferwand | Vogelstimmen,,to create
Engpass Syndrom,7+/8-,5-7,sport,UIAA,Hocheck,Zentrale Thalhoferwand,Österreich Ost,,,Hocheck | Zentrale Thalhoferwand | Engpass Syndrom,,to create
Glühwürmchen,7,5-7,sport,UIAA,Hocheck,Zentrale Thalhoferwand,Österreich Ost,,,Hocheck | Zentrale Thalhoferwand | Glühwürmchen,,to create
Fulmen ex Mente,8-,8-11,sport,UIAA,Hocheck,Zentrale Thalhoferwand,Österreich Ost,,,Hocheck | Zentrale Thalhoferwand | Fulmen ex Mente,,to create
Startbahn,7+/8-,5-7,sport,UIAA,Hocheck,Zentrale Thalhoferwand,Österreich Ost,,,Hocheck | Zentrale Thalhoferwand | Startbahn,,to create
Zauberflöte,6,5-7,sport,UIAA,Hocheck,Zentrale Thalhoferwand,Österreich Ost,,,Hocheck | Zentrale Thalhoferwand | Zauberflöte,,to create
Papageno,5,5-7,sport,UIAA,Hocheck,Zentrale Thalhoferwand,Österreich Ost,,,Hocheck | Zentrale Thalhoferwand | Papageno,,to create
Sarastro,5,5-7,sport,UIAA,Hocheck,Zentrale Thalhoferwand,Österreich Ost,,,Hocheck | Zentrale Thalhoferwand | Sarastro,,to create
Tamino,4,1-4,sport,UIAA,Hocheck,Zentrale Thalhoferwand,Österreich Ost,,,Hocheck | Zentrale Thalhoferwand | Tamino,,to create
Ende gut alles gut,6+/7-,5-7,sport,UIAA,Hocheck,Obere Thalhoferwand,Österreich Ost,,,Hocheck | Obere Thalhoferwand | Ende gut alles gut,,to create
Alpin Aktuell,8,8-11,sport,UIAA,Hocheck,Obere Thalhoferwand,Österreich Ost,,,Hocheck | Obere Thalhoferwand | Alpin Aktuell,,to create
Vom Sturm verweht,6-,5-7,sport,UIAA,Hocheck,Obere Thalhoferwand,Österreich Ost,,,Hocheck | Obere Thalhoferwand | Vom Sturm verweht,,to create
Wanderbare Heimat,6+,5-7,sport,UIAA,Hocheck,Obere Thalhoferwand,Österreich Ost,,,Hocheck | Obere Thalhoferwand | Wanderbare Heimat,,to create
Morgenstern,6-,5-7,sport,UIAA,Hocheck,Obere Thalhoferwand,Österreich Ost,,,Hocheck | Obere Thalhoferwand | Morgenstern,,to create
Abendstern,7+,5-7,sport,UIAA,Hocheck,Obere Thalhoferwand,Österreich Ost,,,Hocheck | Obere Thalhoferwand | Abendstern,,to create
Jupiter,6-,5-7,sport,UIAA,Hocheck,Obere Thalhoferwand,Österreich Ost,,,Hocheck | Obere Thalhoferwand | Jupiter,,to create
Im Winter verblödet,6,5-7,sport,UIAA,Hocheck,Obere Thalhoferwand,Österreich Ost,,,Hocheck | Obere Thalhoferwand | Im Winter verblödet,,to create
Frühjahrsmüdigkeit,6,5-7,sport,UIAA,Hocheck,Obere Thalhoferwand,Österreich Ost,,,Hocheck | Obere Thalhoferwand | Frühjahrsmüdigkeit,,to create
Krampfhaft,5+,5-7,sport,UIAA,Hocheck,Obere Thalhoferwand,Österreich Ost,,,Hocheck | Obere Thalhoferwand | Krampfhaft,,to create
Superfeucht,8+,8-11,sport,UIAA,Hocheck,Obere Thalhoferwand,Österreich Ost,,,Hocheck | Obere Thalhoferwand | Superfeucht,,to create
Klettern Light,6-,5-7,sport,UIAA,Hocheck,Obere Thalhoferwand,Österreich Ost,,,Hocheck | Obere Thalhoferwand | Klettern Light,,to create
Das Mädchen aus 1001 Nacht,6,5-7,sport,UIAA,Hocheck,Obere Thalhoferwand,Österreich Ost,,,Hocheck | Obere Thalhoferwand | Das Mädchen aus 1001 Nacht,,to create
Hackerling,7-,5-7,sport,UIAA,Hocheck,Obere Thalhoferwand,Österreich Ost,,,Hocheck | Obere Thalhoferwand | Hackerling,,to create
Für dich Klausi,8,8-11,sport,UIAA,Hocheck,Obere Thalhoferwand,Österreich Ost,,,Hocheck | Obere Thalhoferwand | Für dich Klausi,,to create
Damokles,6+,5-7,sport,UIAA,Hocheck,Obere Thalhoferwand,Österreich Ost,,,Hocheck | Obere Thalhoferwand | Damokles,,to create
Für kleine Mädchen,5,5-7,sport,UIAA,Hocheck,Obere Thalhoferwand,Österreich Ost,,,Hocheck | Obere Thalhoferwand | Für kleine Mädchen,,to create
Pacem,6,5-7,sport,UIAA,Hocheck,Obere Thalhoferwand,Österreich Ost,,,Hocheck | Obere Thalhoferwand | Pacem,,to create
Platzangst im Hendlstall,7,5-7,sport,UIAA,Hocheck,Obere Thalhoferwand,Österreich Ost,,,Hocheck | Obere Thalhoferwand | Platzangst im Hendlstall,,to create
Henkel Trocken,7a,5-7,sport,UIAA,Hocheck,Obere Thalhoferwand,Österreich Ost,,,Hocheck | Obere Thalhoferwand | Henkel Trocken,,to create
Ohnmacht in mir,7-,5-7,sport,UIAA,Hocheck,Obere Thalhoferwand,Österreich Ost,,,Hocheck | Obere Thalhoferwand | Ohnmacht in mir,,to create
Nix,6+,5-7,sport,UIAA,Hocheck,Obere Thalhoferwand,Österreich Ost,,,Hocheck | Obere Thalhoferwand | Nix,,to create
Venus,6,5-7,sport,UIAA,Hocheck,Obere Thalhoferwand,Österreich Ost,,,Hocheck | Obere Thalhoferwand | Venus,,to create
Abel,7,5-7,sport,UIAA,Hocheck,Obere Thalhoferwand,Österreich Ost,,,Hocheck | Obere Thalhoferwand | Abel,,to create
The Five Finger Exercise,7,5-7,sport,UIAA,Hocheck,Obere Thalhoferwand,Österreich Ost,,,Hocheck | Obere Thalhoferwand | The Five Finger Exercise,,to create
Skorpiongrat,2+,1-4,sport,UIAA,Hocheck,Trinkratzahn,Österreich Ost,,,Hocheck | Trinkratzahn | Skorpiongrat,,to create
Skorpionwand,5+,5-7,sport,UIAA,Hocheck,Trinkratzahn,Österreich Ost,,,Hocheck | Trinkratzahn | Skorpionwand,,to create
Silvanakamin,4,1-4,sport,UIAA,Hocheck,Trinkratzahn,Österreich Ost,,,Hocheck | Trinkratzahn | Silvanakamin,,to create
Uferlos,7+,5-7,sport,UIAA,Hocheck,Trinkratzahn,Österreich Ost,,,Hocheck | Trinkratzahn | Uferlos,,to create
Tanz der 1000 Regentropfen,6,5-7,sport,UIAA,Hocheck,Trinkratzahn,Österreich Ost,,,Hocheck | Trinkratzahn | Tanz der 1000 Regentropfen,,to create
Donnerwetter,6+,5-7,sport,UIAA,Hocheck,Trinkratzahn,Österreich Ost,,,Hocheck | Trinkratzahn | Donnerwetter,,to create
Neue Trinkratplatte,6+,5-7,sport,UIAA,Hocheck,Trinkratzahn,Österreich Ost,,,Hocheck | Trinkratzahn | Neue Trinkratplatte,,to create
Let it be,7,5-7,sport,UIAA,Hocheck,Thalhoferkanzel,Österreich Ost,,,Hocheck | Thalhoferkanzel | Let it be,,to create
Yellow Submarine,9,8-11,sport,UIAA,Hocheck,Thalhoferkanzel,Österreich Ost,,,Hocheck | Thalhoferkanzel | Yellow Submarine,,to create
Tres Dure - Drehtür,7,5-7,sport,UIAA,Hocheck,Thalhoferkanzel,Österreich Ost,,,Hocheck | Thalhoferkanzel | Tres Dure - Drehtür,,to create
Keep Smiling,8+,8-11,sport,UIAA,Hocheck,Thalhoferkanzel,Österreich Ost,,,Hocheck | Thalhoferkanzel | Keep Smiling,,to create
Wer das Grauen sucht,7+,5-7,sport,UIAA,Hocheck,Thalhoferkanzel,Österreich Ost,,,Hocheck | Thalhoferkanzel | Wer das Grauen sucht,,to create
Bin schon wieder weg,8-,8-11,sport,UIAA,Hocheck,Thalhoferkanzel,Österreich Ost,,,Hocheck | Thalhoferkanzel | Bin schon wieder weg,,to create
Wer suchet der findet,7+,5-7,sport,UIAA,Hocheck,Thalhoferkanzel,Österreich Ost,,,Hocheck | Thalhoferkanzel | Wer suchet der findet,,to create
Schneetreiben,7,5-7,sport,UIAA,Hocheck,Thalhoferkanzel,Österreich Ost,,,Hocheck | Thalhoferkanzel | Schneetreiben,,to create
Rackerling,6+,5-7,sport,UIAA,Hocheck,Thalhoferkanzel,Österreich Ost,,,Hocheck | Thalhoferkanzel | Rackerling,,to create
Blutiger Samstag,7-,5-7,sport,UIAA,Hocheck,Thalhoferkanzel,Österreich Ost,,,Hocheck | Thalhoferkanzel | Blutiger Samstag,,to create
Die schmale Verschneidung,6+,5-7,sport,UIAA,Hocheck,Thalhoferkanzel,Österreich Ost,,,Hocheck | Thalhoferkanzel | Die schmale Verschneidung,,to create
Der schmale Grat,4+,1-4,sport,UIAA,Hocheck,Thalhoferkanzel,Österreich Ost,,,Hocheck | Thalhoferkanzel | Der schmale Grat,,to create
Ho Ruck Verschneidung,5-,5-7,sport,UIAA,Hocheck,Thalhoferkanzel,Österreich Ost,,,Hocheck | Thalhoferkanzel | Ho Ruck Verschneidung,,to create
Sonntagspredigt,6+,5-7,sport,UIAA,Hocheck,Thalhoferkanzel,Österreich Ost,,,Hocheck | Thalhoferkanzel | Sonntagspredigt,,to create
Moralpredigt,7-,5-7,sport,UIAA,Hocheck,Thalhoferkanzel,Österreich Ost,,,Hocheck | Thalhoferkanzel | Moralpredigt,,to create
Beichtstuhl,6,5-7,sport,UIAA,Hocheck,Thalhoferkanzel,Österreich Ost,,,Hocheck | Thalhoferkanzel | Beichtstuhl,,to create
Die Kollekte,5,5-7,sport,UIAA,Hocheck,Thalhoferkanzel,Österreich Ost,,,Hocheck | Thalhoferkanzel | Die Kollekte,,to create
Leisten-Schnapp-Quälgeist,7-,5-7,sport,UIAA,Hocheck,Philosophenzahn,Österreich Ost,,,Hocheck | Philosophenzahn | Leisten-Schnapp-Quälgeist,,to create
Ostriss,5+,5-7,sport,UIAA,Hocheck,Philosophenzahn,Österreich Ost,,,Hocheck | Philosophenzahn | Ostriss,,to create
Prusikanstieg,5-,5-7,sport,UIAA,Hocheck,Philosophenzahn,Österreich Ost,,,Hocheck | Philosophenzahn | Prusikanstieg,,to create
Originell,7,5-7,sport,UIAA,Hocheck,Philosophenzahn,Österreich Ost,,,Hocheck | Philosophenzahn | Originell,,to create
Original,7-,5-7,sport,UIAA,Hocheck,Philosophenzahn,Österreich Ost,,,Hocheck | Philosophenzahn | Original,,to create
Eichkätzerl lachen doof,7+/8-,5-7,sport,UIAA,Hocheck,Philosophenzahn,Österreich Ost,,,Hocheck | Philosophenzahn | Eichkätzerl lachen doof,,to create
Backenzahn,6-,5-7,sport,UIAA,Hocheck,Philosophenzahn,Österreich Ost,,,Hocheck | Philosophenzahn | Backenzahn,,to create
Eckzahn,6-,5-7,sport,UIAA,Hocheck,Philosophenzahn,Österreich Ost,,,Hocheck | Philosophenzahn | Eckzahn,,to create
Reden ist Silber,6-,5-7,sport,UIAA,Hocheck,Philosophenzahn,Österreich Ost,,,Hocheck | Philosophenzahn | Reden ist Silber,,to create
Hättest du geschwiegen,5+,5-7,sport,UIAA,Hocheck,Philosophenzahn,Österreich Ost,,,Hocheck | Philosophenzahn | Hättest du geschwiegen,,to create
Löcher-Blockier-Quälgeist,8,8-11,sport,UIAA,Hocheck,Philosophenzahn,Österreich Ost,,,Hocheck | Philosophenzahn | Löcher-Blockier-Quälgeist,,to create
Auenland,1,1-4,sport,UIAA,Hocheck,Auenland,Österreich Ost,,,Hocheck | Auenland | Auenland,,to create
Sam,2+,1-4,sport,UIAA,Hocheck,Auenland,Österreich Ost,,,Hocheck | Auenland | Sam,,to create
Frodo,6,5-7,sport,UIAA,Hocheck,Auenland,Österreich Ost,,,Hocheck | Auenland | Frodo,,to create
Bilbo,5,5-7,sport,UIAA,Hocheck,Auenland,Österreich Ost,,,Hocheck | Auenland | Bilbo,,to create
Gimli der Zwerg,6,5-7,sport,UIAA,Hocheck,Auenland,Österreich Ost,,,Hocheck | Auenland | Gimli der Zwerg,,to create
Aragorn der König,7,5-7,sport,UIAA,Hocheck,Auenland,Österreich Ost,,,Hocheck | Auenland | Aragorn der König,,to create
Merry,4,1-4,sport,UIAA,Hocheck,Auenland,Österreich Ost,,,Hocheck | Auenland | Merry,,to create
Pippin,4,1-4,sport,UIAA,Hocheck,Auenland,Österreich Ost,,,Hocheck | Auenland | Pippin,,to create
Legolas der Elb,5,5-7,sport,UIAA,Hocheck,Auenland,Österreich Ost,,,Hocheck | Auenland | Legolas der Elb,,to create
Gandalf der Zauberer,4,1-4,sport,UIAA,Hocheck,Auenland,Österreich Ost,,,Hocheck | Auenland | Gandalf der Zauberer,,to create
Himmelsfinger,5+,5-7,sport,UIAA,Hocheck,Himmelsfinger,Österreich Ost,,,Hocheck | Himmelsfinger | Himmelsfinger,,to create
Direkter Himmelsfinger,6+,5-7,sport,UIAA,Hocheck,Himmelsfinger,Österreich Ost,,,Hocheck | Himmelsfinger | Direkter Himmelsfinger,,to create
Himmelsleiter,6,5-7,sport,UIAA,Hocheck,Himmelsfinger,Österreich Ost,,,Hocheck | Himmelsfinger | Himmelsleiter,,to create
3 Freunde Steig (Himmelsfinger),4,1-4,sport,UIAA,Hocheck,Himmelsfinger,Österreich Ost,,,Hocheck | Himmelsfinger | 3 Freunde Steig (Himmelsfinger),,to create
Variante (Himmelsfinger),5+,5-7,sport,UIAA,Hocheck,Himmelsfinger,Österreich Ost,,,Hocheck | Himmelsfinger | Variante (Himmelsfinger),,to create
Sesamjoint,6,5-7,sport,UIAA,Hocheck,Himmelsfinger,Österreich Ost,,,Hocheck | Himmelsfinger | Sesamjoint,,to create
Sesambackstube,5+,5-7,sport,UIAA,Hocheck,Himmelsfinger,Österreich Ost,,,Hocheck | Himmelsfinger | Sesambackstube,,to create
Ojemine des is net schei,4,1-4,sport,UIAA,Hocheck,Himmelsfinger,Österreich Ost,,,Hocheck | Himmelsfinger | Ojemine des is net schei,,to create
Alibaba und das Sesambrötchen,4,1-4,sport,UIAA,Hocheck,Himmelsfinger,Österreich Ost,,,Hocheck | Himmelsfinger | Alibaba und das Sesambrötchen,,to create
Alibabas Räubergeschichten,4,1-4,sport,UIAA,Hocheck,Himmelsfinger,Österreich Ost,,,Hocheck | Himmelsfinger | Alibabas Räubergeschichten,,to create
Hotzenplotz,5-,5-7,sport,UIAA,Hocheck,Himmelsfinger,Österreich Ost,,,Hocheck | Himmelsfinger | Hotzenplotz,,to create
Potz Blitz,4,1-4,sport,UIAA,Hocheck,Himmelsfinger,Österreich Ost,,,Hocheck | Himmelsfinger | Potz Blitz,,to create
Zubringer,4+/5-,1-4,sport,UIAA,Hocheck,Himmelsfinger,Österreich Ost,,,Hocheck | Himmelsfinger | Zubringer,,to create
Herbstnacht,4+,1-4,sport,UIAA,Hocheck,Himmelsfinger,Österreich Ost,,,Hocheck | Himmelsfinger | Herbstnacht,,to create
Frühlingsmorgen,5-,5-7,sport,UIAA,Hocheck,Himmelsfinger,Österreich Ost,,,Hocheck | Himmelsfinger | Frühlingsmorgen,,to create
Betthupferl,7,5-7,sport,UIAA,Hocheck,Himmelsfinger,Österreich Ost,,,Hocheck | Himmelsfinger | Betthupferl,,to create
Bettsteigerl,4,1-4,sport,UIAA,Hocheck,Himmelsfinger,Österreich Ost,,,Hocheck | Himmelsfinger | Bettsteigerl,,to create
Fluch zum Bruch,4,1-4,sport,UIAA,Hocheck,Himmelsfinger,Österreich Ost,,,Hocheck | Himmelsfinger | Fluch zum Bruch,,to create
Bruch zum Loch,4,1-4,sport,UIAA,Hocheck,Himmelsfinger,Österreich Ost,,,Hocheck | Himmelsfinger | Bruch zum Loch,,to create
Fitze Fatze,6b trav,5-7,sport,UIAA,Hocheck,Himmelsfinger,Österreich Ost,,,Hocheck | Himmelsfinger | Fitze Fatze,,to create
Mein Gott Anny (Ostplatte),7,5-7,sport,UIAA,Hocheck,Ostplatte,Österreich Ost,,,Hocheck | Ostplatte | Mein Gott Anny (Ostplatte),,to create
Oberer Annysteig,5+,5-7,sport,UIAA,Hocheck,Ostplatte,Österreich Ost,,,Hocheck | Ostplatte | Oberer Annysteig,,to create
Anny's Delikt,7-,5-7,sport,UIAA,Hocheck,Ostplatte,Österreich Ost,,,Hocheck | Ostplatte | Anny's Delikt,,to create
Grantige Laus,7,5-7,sport,UIAA,Hocheck,Ostplatte,Österreich Ost,,,Hocheck | Ostplatte | Grantige Laus,,to create
Grizzly,6+/7-,5-7,sport,UIAA,Hocheck,Ostplatte,Österreich Ost,,,Hocheck | Ostplatte | Grizzly,,to create
Die wahre Komplizierte,7,5-7,sport,UIAA,Hocheck,Ostplatte,Österreich Ost,,,Hocheck | Ostplatte | Die wahre Komplizierte,,to create
Ab durch die Mitte,8,8-11,sport,UIAA,Hocheck,Ostplatte,Österreich Ost,,,Hocheck | Ostplatte | Ab durch die Mitte,,to create
Single Man,7+,5-7,sport,UIAA,Hocheck,Ostplatte,Österreich Ost,,,Hocheck | Ostplatte | Single Man,,to create
Augenblicke des Glücks,7+/8-,5-7,sport,UIAA,Hocheck,Ostplatte,Österreich Ost,,,Hocheck | Ostplatte | Augenblicke des Glücks,,to create
Rumpelstilzchen,8,8-11,sport,UIAA,Hocheck,Ostplatte,Österreich Ost,,,Hocheck | Ostplatte | Rumpelstilzchen,,to create
Grisu,7,5-7,sport,UIAA,Hocheck,Ostplatte,Österreich Ost,,,Hocheck | Ostplatte | Grisu,,to create
Voodoo,8+/9-,8-11,sport,UIAA,Hocheck,Ostplatte,Österreich Ost,,,Hocheck | Ostplatte | Voodoo,,to create
Wild Palms,9,8-11,sport,UIAA,Hocheck,Ostplatte,Österreich Ost,,,Hocheck | Ostplatte | Wild Palms,,to create
Uta Steig,9-,8-11,sport,UIAA,Hocheck,Ostplatte,Österreich Ost,,,Hocheck | Ostplatte | Uta Steig,,to create
Thalidach,9,8-11,sport,UIAA,Hocheck,Ostplatte,Österreich Ost,,,Hocheck | Ostplatte | Thalidach,,to create
Thalidynamisch,9-,8-11,sport,UIAA,Hocheck,Ostplatte,Österreich Ost,,,Hocheck | Ostplatte | Thalidynamisch,,to create
Thaliffizil,8+/9-,8-11,sport,UIAA,Hocheck,Ostplatte,Österreich Ost,,,Hocheck | Ostplatte | Thaliffizil,,to create
Thalistrophal,7+,5-7,sport,UIAA,Hocheck,Ostplatte,Österreich Ost,,,Hocheck | Ostplatte | Thalistrophal,,to create
Thalitastisch,7-,5-7,sport,UIAA,Hocheck,Ostplatte,Österreich Ost,,,Hocheck | Ostplatte | Thalitastisch,,to create
Thaliriss,7,5-7,sport,UIAA,Hocheck,Ostplatte,Österreich Ost,,,Hocheck | Ostplatte | Thaliriss,,to create
Thaliplatte,7,5-7,sport,UIAA,Hocheck,Ostplatte,Österreich Ost,,,Hocheck | Ostplatte | Thaliplatte,,to create
Schokoladenbauer,7,5-7,sport,UIAA,Hocheck,Ostplatte,Österreich Ost,,,Hocheck | Ostplatte | Schokoladenbauer,,to create
Schokokamin,6+,5-7,sport,UIAA,Hocheck,Ostplatte,Österreich Ost,,,Hocheck | Ostplatte | Schokokamin,,to create
Schoko Intensiv,6+,5-7,sport,UIAA,Hocheck,Ostplatte,Österreich Ost,,,Hocheck | Ostplatte | Schoko Intensiv,,to create
"Es geht weiter, Schoko",6,5-7,sport,UIAA,Hocheck,Ostplatte,Österreich Ost,,,"Hocheck | Ostplatte | Es geht weiter, Schoko",,to create
Schokoladenpudding,5,5-7,sport,UIAA,Hocheck,Ostplatte,Österreich Ost,,,Hocheck | Ostplatte | Schokoladenpudding,,to create
Fels-Sturz,6,5-7,sport,UIAA,Hocheck,Obere Ostwand,Österreich Ost,,,Hocheck | Obere Ostwand | Fels-Sturz,,to create
Leisten-Bruch,6,5-7,sport,UIAA,Hocheck,Obere Ostwand,Österreich Ost,,,Hocheck | Obere Ostwand | Leisten-Bruch,,to create
Notnagel,6,5-7,sport,UIAA,Hocheck,Obere Ostwand,Österreich Ost,,,Hocheck | Obere Ostwand | Notnagel,,to create
Sargnagel,6+,5-7,sport,UIAA,Hocheck,Obere Ostwand,Österreich Ost,,,Hocheck | Obere Ostwand | Sargnagel,,to create
Staubwedel,7+,5-7,sport,UIAA,Hocheck,Obere Ostwand,Österreich Ost,,,Hocheck | Obere Ostwand | Staubwedel,,to create
Palmwedel,7+,5-7,sport,UIAA,Hocheck,Obere Ostwand,Österreich Ost,,,Hocheck | Obere Ostwand | Palmwedel,,to create
Osterbraten,7-,5-7,sport,UIAA,Hocheck,Obere Ostwand,Österreich Ost,,,Hocheck | Obere Ostwand | Osterbraten,,to create
Osterhasi,6,5-7,sport,UIAA,Hocheck,Obere Ostwand,Österreich Ost,,,Hocheck | Obere Ostwand | Osterhasi,,to create
Osterei,8,8-11,sport,UIAA,Hocheck,Obere Ostwand,Österreich Ost,,,Hocheck | Obere Ostwand | Osterei,,to create
Gänsehaut,7,5-7,sport,UIAA,Hocheck,Obere Ostwand,Österreich Ost,,,Hocheck | Obere Ostwand | Gänsehaut,,to create
Gruselkabinett,7-,5-7,sport,UIAA,Hocheck,Obere Ostwand,Österreich Ost,,,Hocheck | Obere Ostwand | Gruselkabinett,,to create
Ostwandschocker,8,8-11,sport,UIAA,Hocheck,Obere Ostwand,Österreich Ost,,,Hocheck | Obere Ostwand | Ostwandschocker,,to create
Teamarbeit,8+,8-11,sport,UIAA,Hocheck,Obere Ostwand,Österreich Ost,,,Hocheck | Obere Ostwand | Teamarbeit,,to create
Gastarbeiter,8,8-11,sport,UIAA,Hocheck,Obere Ostwand,Österreich Ost,,,Hocheck | Obere Ostwand | Gastarbeiter,,to create
Die Perle des Ostens,9-,8-11,sport,UIAA,Hocheck,Obere Ostwand,Österreich Ost,,,Hocheck | Obere Ostwand | Die Perle des Ostens,,to create
Abyss,9-,8-11,sport,UIAA,Hocheck,Obere Ostwand,Österreich Ost,,,Hocheck | Obere Ostwand | Abyss,,to create
Sphere,8+,8-11,sport,UIAA,Hocheck,Obere Ostwand,Österreich Ost,,,Hocheck | Obere Ostwand | Sphere,,to create
Nichtraucherzone,8+,8-11,sport,UIAA,Hocheck,Obere Ostwand,Österreich Ost,,,Hocheck | Obere Ostwand | Nichtraucherzone,,to create
Hobby Extra,11-,8-11,sport,UIAA,Hocheck,Obere Ostwand,Österreich Ost,,,Hocheck | Obere Ostwand | Hobby Extra,,to create
Ein Wixer in der Arktis,10+,8-11,sport,UIAA,Hocheck,Obere Ostwand,Österreich Ost,,,Hocheck | Obere Ostwand | Ein Wixer in der Arktis,,to create
A rechte Verzweiflung,9-,8-11,sport,UIAA,Hocheck,Obere Ostwand,Österreich Ost,,,Hocheck | Obere Ostwand | A rechte Verzweiflung,,to create
Grottenolm,7,5-7,sport,UIAA,Hocheck,Obere Ostwand,Österreich Ost,,,Hocheck | Obere Ostwand | Grottenolm,,to create
Grottenmolch,6,5-7,sport,UIAA,Hocheck,Obere Ostwand,Österreich Ost,,,Hocheck | Obere Ostwand | Grottenmolch,,to create
Skantele,5,5-7,sport,UIAA,Hocheck,Obere Ostwand,Österreich Ost,,,Hocheck | Obere Ostwand | Skantele,,to create
Turmlos,5,5-7,sport,UIAA,Hocheck,Obere Ostwand,Österreich Ost,,,Hocheck | Obere Ostwand | Turmlos,,to create
Turmsteigverschneidung,4,1-4,sport,UIAA,Hocheck,Obere Ostwand,Österreich Ost,,,Hocheck | Obere Ostwand | Turmsteigverschneidung,,to create
"Spinnen, die singen",3-,1-4,sport,UIAA,Hocheck,Unterer Nordgrat,Österreich Ost,,,"Hocheck | Unterer Nordgrat | Spinnen, die singen",,to create
"Geissen, die scheissen",3-,1-4,sport,UIAA,Hocheck,Unterer Nordgrat,Österreich Ost,,,"Hocheck | Unterer Nordgrat | Geissen, die scheissen",,to create
"Schnecken, die schlecken",3,1-4,sport,UIAA,Hocheck,Unterer Nordgrat,Österreich Ost,,,"Hocheck | Unterer Nordgrat | Schnecken, die schlecken",,to create
"Ziegen, die liegen",6+,5-7,sport,UIAA,Hocheck,Unterer Nordgrat,Österreich Ost,,,"Hocheck | Unterer Nordgrat | Ziegen, die liegen",,to create
"Zecken, die necken",7+,5-7,sport,UIAA,Hocheck,Unterer Nordgrat,Österreich Ost,,,"Hocheck | Unterer Nordgrat | Zecken, die necken",,to create
"Asseln, die rasseln",7+,5-7,sport,UIAA,Hocheck,Unterer Nordgrat,Österreich Ost,,,"Hocheck | Unterer Nordgrat | Asseln, die rasseln",,to create
"Wanzen, die tanzen",7+,5-7,sport,UIAA,Hocheck,Unterer Nordgrat,Österreich Ost,,,"Hocheck | Unterer Nordgrat | Wanzen, die tanzen",,to create
"Hasen, die grasen",6,5-7,sport,UIAA,Hocheck,Unterer Nordgrat,Österreich Ost,,,"Hocheck | Unterer Nordgrat | Hasen, die grasen",,to create
Mäuse mit Läuse,6,5-7,sport,UIAA,Hocheck,Unterer Nordgrat,Österreich Ost,,,Hocheck | Unterer Nordgrat | Mäuse mit Läuse,,to create
"Affen, die gaffen",8,8-11,sport,UIAA,Hocheck,Unterer Nordgrat,Österreich Ost,,,"Hocheck | Unterer Nordgrat | Affen, die gaffen",,to create
"Schlangen, die sangen",7-,5-7,sport,UIAA,Hocheck,Unterer Nordgrat,Österreich Ost,,,"Hocheck | Unterer Nordgrat | Schlangen, die sangen",,to create
"Gimpeln, die pimpeln",5,5-7,sport,UIAA,Hocheck,Unterer Nordgrat,Österreich Ost,,,"Hocheck | Unterer Nordgrat | Gimpeln, die pimpeln",,to create
Herbstwind,5+,5-7,sport,UIAA,Hocheck,Unterer Nordgrat,Österreich Ost,,,Hocheck | Unterer Nordgrat | Herbstwind,,to create
Kurze Schönheit,7-,5-7,sport,UIAA,Hocheck,Unterer Nordgrat,Österreich Ost,,,Hocheck | Unterer Nordgrat | Kurze Schönheit,,to create
"Finken, die winken",6+/7-,5-7,sport,UIAA,Hocheck,Unterer Nordgrat,Österreich Ost,,,"Hocheck | Unterer Nordgrat | Finken, die winken",,to create
Raketenpfeiler,6,5-7,sport,UIAA,Hocheck,Unterer Nordgrat,Österreich Ost,,,Hocheck | Unterer Nordgrat | Raketenpfeiler,,to create
"Ottern, die stottern",5-,5-7,sport,UIAA,Hocheck,Unterer Nordgrat,Österreich Ost,,,"Hocheck | Unterer Nordgrat | Ottern, die stottern",,to create
Teppentraverse,7a trav,5-7,sport,UIAA,Hocheck,Unterer Nordgrat,Österreich Ost,,,Hocheck | Unterer Nordgrat | Teppentraverse,,to create
24 Std Arbeit = 2 min Klettern,,,sport,UIAA,Hocheck,Mittlerer Nordgrat,Österreich Ost,,,Hocheck | Mittlerer Nordgrat | 24 Std Arbeit = 2 min Klettern,,to create
Archeo Climb,7,5-7,sport,UIAA,Hocheck,Mittlerer Nordgrat,Österreich Ost,,,Hocheck | Mittlerer Nordgrat | Archeo Climb,,to create
AO = 00,8,8-11,sport,UIAA,Hocheck,Mittlerer Nordgrat,Österreich Ost,,,Hocheck | Mittlerer Nordgrat | AO = 00,,to create
Toridonia,7+,5-7,sport,UIAA,Hocheck,Mittlerer Nordgrat,Österreich Ost,,,Hocheck | Mittlerer Nordgrat | Toridonia,,to create
Hilfe Erwünscht,8,8-11,sport,UIAA,Hocheck,Mittlerer Nordgrat,Österreich Ost,,,Hocheck | Mittlerer Nordgrat | Hilfe Erwünscht,,to create
"Hennen, die rennen",8,8-11,sport,UIAA,Hocheck,Mittlerer Nordgrat,Österreich Ost,,,"Hocheck | Mittlerer Nordgrat | Hennen, die rennen",,to create
Wonderful World,7-,5-7,sport,UIAA,Hocheck,Mittlerer Nordgrat,Österreich Ost,,,Hocheck | Mittlerer Nordgrat | Wonderful World,,to create
Götterdiagonale,6,5-7,sport,UIAA,Hocheck,Mittlerer Nordgrat,Österreich Ost,,,Hocheck | Mittlerer Nordgrat | Götterdiagonale,,to create
Powerstation,7,5-7,sport,UIAA,Hocheck,Mittlerer Nordgrat,Österreich Ost,,,Hocheck | Mittlerer Nordgrat | Powerstation,,to create
"Meisen, die kreisen",6,5-7,sport,UIAA,Hocheck,Oberer Nordgrat,Österreich Ost,,,"Hocheck | Oberer Nordgrat | Meisen, die kreisen",,to create
Fatal Diagonal,8-,8-11,sport,UIAA,Hocheck,Oberer Nordgrat,Österreich Ost,,,Hocheck | Oberer Nordgrat | Fatal Diagonal,,to create
Space Cowboys,9+,8-11,sport,UIAA,Hocheck,Oberer Nordgrat,Österreich Ost,,,Hocheck | Oberer Nordgrat | Space Cowboys,,to create
"Katzen, die kratzen",8+,8-11,sport,UIAA,Hocheck,Oberer Nordgrat,Österreich Ost,,,"Hocheck | Oberer Nordgrat | Katzen, die kratzen",,to create
Abkürzung,6,5-7,sport,UIAA,Hocheck,Oberer Nordgrat,Österreich Ost,,,Hocheck | Oberer Nordgrat | Abkürzung,,to create
Sports for Spinners,7+,5-7,sport,UIAA,Hocheck,Oberer Nordgrat,Österreich Ost,,,Hocheck | Oberer Nordgrat | Sports for Spinners,,to create
Sports for Winners,7/7+,5-7,sport,UIAA,Hocheck,Oberer Nordgrat,Österreich Ost,,,Hocheck | Oberer Nordgrat | Sports for Winners,,to create
Mentale Prellung,8,8-11,sport,UIAA,Hocheck,Oberer Nordgrat,Österreich Ost,,,Hocheck | Oberer Nordgrat | Mentale Prellung,,to create
Indiana Jones,7,5-7,sport,UIAA,Hocheck,Oberer Nordgrat,Österreich Ost,,,Hocheck | Oberer Nordgrat | Indiana Jones,,to create
Weird Nights,7-,5-7,sport,UIAA,Hocheck,Oberer Nordgrat,Österreich Ost,,,Hocheck | Oberer Nordgrat | Weird Nights,,to create
More Junkie Than Monkey,8,8-11,sport,UIAA,Hocheck,Oberer Nordgrat,Österreich Ost,,,Hocheck | Oberer Nordgrat | More Junkie Than Monkey,,to create
Höllisch,9-,8-11,sport,UIAA,Hocheck,Oberer Nordgrat,Österreich Ost,,,Hocheck | Oberer Nordgrat | Höllisch,,to create
Höhlisch,9+/10-,8-11,sport,UIAA,Hocheck,Oberer Nordgrat,Österreich Ost,,,Hocheck | Oberer Nordgrat | Höhlisch,,to create
Foolish,8,8-11,sport,UIAA,Hocheck,Oberer Nordgrat,Österreich Ost,,,Hocheck | Oberer Nordgrat | Foolish,,to create
Sondereinsatz,6+,5-7,sport,UIAA,Hocheck,Oberer Nordgrat,Österreich Ost,,,Hocheck | Oberer Nordgrat | Sondereinsatz,,to create
Support Act,10-,8-11,sport,UIAA,Hocheck,Oberer Nordgrat,Österreich Ost,,,Hocheck | Oberer Nordgrat | Support Act,,to create
Nimm ihn schlecht,9/9+,8-11,sport,UIAA,Hocheck,Oberer Nordgrat,Österreich Ost,,,Hocheck | Oberer Nordgrat | Nimm ihn schlecht,,to create
Crux einer Freundschaft,8,8-11,sport,UIAA,Hocheck,Oberer Nordgrat,Österreich Ost,,,Hocheck | Oberer Nordgrat | Crux einer Freundschaft,,to create
Stone Head,7,5-7,sport,UIAA,Hocheck,Oberer Nordgrat,Österreich Ost,,,Hocheck | Oberer Nordgrat | Stone Head,,to create
Fingerschmalz,8+,8-11,sport,UIAA,Hocheck,Oberer Nordgrat,Österreich Ost,,,Hocheck | Oberer Nordgrat | Fingerschmalz,,to create
Hirschschmalz,8+/9-,8-11,sport,UIAA,Hocheck,Oberer Nordgrat,Österreich Ost,,,Hocheck | Oberer Nordgrat | Hirschschmalz,,to create
Sumito,9+/10-,8-11,sport,UIAA,Hocheck,Oberer Nordgrat,Österreich Ost,,,Hocheck | Oberer Nordgrat | Sumito,,to create
Hausbesetzung,8+,8-11,sport,UIAA,Hocheck,Oberer Nordgrat,Österreich Ost,,,Hocheck | Oberer Nordgrat | Hausbesetzung,,to create
Wie wird ihnen denn,9,8-11,sport,UIAA,Hocheck,Oberer Nordgrat,Österreich Ost,,,Hocheck | Oberer Nordgrat | Wie wird ihnen denn,,to create
Hannes kann es,7+,5-7,sport,UIAA,Hocheck,Oberer Nordgrat,Österreich Ost,,,Hocheck | Oberer Nordgrat | Hannes kann es,,to create
Jäger und Sammler,8-,8-11,sport,UIAA,Hocheck,Oberer Nordgrat,Österreich Ost,,,Hocheck | Oberer Nordgrat | Jäger und Sammler,,to create
Schlangenmensch,8-/9-,8-11,sport,UIAA,Hocheck,Oberer Nordgrat,Österreich Ost,,,Hocheck | Oberer Nordgrat | Schlangenmensch,,to create
Bösartiger Dachs,8,8-11,sport,UIAA,Hocheck,Oberer Nordgrat,Österreich Ost,,,Hocheck | Oberer Nordgrat | Bösartiger Dachs,,to create
Gutmütiger Dachs,8-,8-11,sport,UIAA,Hocheck,Oberer Nordgrat,Österreich Ost,,,Hocheck | Oberer Nordgrat | Gutmütiger Dachs,,to create
Dachsbau,7+/8,5-7,sport,UIAA,Hocheck,Oberer Nordgrat,Österreich Ost,,,Hocheck | Oberer Nordgrat | Dachsbau,,to create
Schadenfreudiger Dachs,8-,8-11,sport,UIAA,Hocheck,Oberer Nordgrat,Österreich Ost,,,Hocheck | Oberer Nordgrat | Schadenfreudiger Dachs,,to create
Im Angesicht des Dachses,8,8-11,sport,UIAA,Hocheck,Oberer Nordgrat,Österreich Ost,,,Hocheck | Oberer Nordgrat | Im Angesicht des Dachses,,to create
Ganzer Dach(s)lippenquergang,8,8-11,sport,UIAA,Hocheck,Oberer Nordgrat,Österreich Ost,,,Hocheck | Oberer Nordgrat | Ganzer Dach(s)lippenquergang,,to create
Tiefblick zum Dach,7-,5-7,sport,UIAA,Hocheck,Oberer Nordgrat,Österreich Ost,,,Hocheck | Oberer Nordgrat | Tiefblick zum Dach,,to create
Halber Dach(s)lippenquergang,8,8-11,sport,UIAA,Hocheck,Oberer Nordgrat,Österreich Ost,,,Hocheck | Oberer Nordgrat | Halber Dach(s)lippenquergang,,to create
Fluchtstollen,7,5-7,sport,UIAA,Hocheck,Oberer Nordgrat,Österreich Ost,,,Hocheck | Oberer Nordgrat | Fluchtstollen,,to create
Shorty,6c,Boulder,boulder,Font,Hocheck,Oberer Nordgrat (Boulder),Österreich Ost,,,Hocheck | Oberer Nordgrat (Boulder) | Shorty,,to create
Erdverwachsen,7-7,5-7,sport,UIAA,Hocheck,Prinzwiesentürme,Österreich Ost,,,Hocheck | Prinzwiesentürme | Erdverwachsen,,to create
Sturmfest,7+/8-,5-7,sport,UIAA,Hocheck,Prinzwiesentürme,Österreich Ost,,,Hocheck | Prinzwiesentürme | Sturmfest,,to create
Heimatleuchten,8-,8-11,sport,UIAA,Hocheck,Prinzwiesentürme,Österreich Ost,,,Hocheck | Prinzwiesentürme | Heimatleuchten,,to create
Abendhirsch,7-,5-7,sport,UIAA,Hocheck,Prinzwiesentürme,Österreich Ost,,,Hocheck | Prinzwiesentürme | Abendhirsch,,to create
Abendhirsch von rechts,6+,5-7,sport,UIAA,Hocheck,Prinzwiesentürme,Österreich Ost,,,Hocheck | Prinzwiesentürme | Abendhirsch von rechts,,to create
Hoagascht,4+,1-4,sport,UIAA,Hocheck,Prinzwiesentürme,Österreich Ost,,,Hocheck | Prinzwiesentürme | Hoagascht,,to create
Scheinheiligtum,5+,5-7,sport,UIAA,Hocheck,Prinzwiesentürme,Österreich Ost,,,Hocheck | Prinzwiesentürme | Scheinheiligtum,,to create
Mogelpackung,7-,5-7,sport,UIAA,Hocheck,Prinzwiesentürme,Österreich Ost,,,Hocheck | Prinzwiesentürme | Mogelpackung,,to create
Neue Abnormalität,8-,8-11,sport,UIAA,Hocheck,Prinzwiesentürme,Österreich Ost,,,Hocheck | Prinzwiesentürme | Neue Abnormalität,,to create
Schöne Percht,7+/8-,5-7,sport,UIAA,Hocheck,Prinzwiesentürme,Österreich Ost,,,Hocheck | Prinzwiesentürme | Schöne Percht,,to create
Schiaches Gretal,7-,5-7,sport,UIAA,Hocheck,Prinzwiesentürme,Österreich Ost,,,Hocheck | Prinzwiesentürme | Schiaches Gretal,,to create
Eigenbrötler,7+,5-7,sport,UIAA,Hocheck,Prinzwiesentürme,Österreich Ost,,,Hocheck | Prinzwiesentürme | Eigenbrötler,,to create
Wendehals,7+,5-7,sport,UIAA,Hocheck,Prinzwiesentürme,Österreich Ost,,,Hocheck | Prinzwiesentürme | Wendehals,,to create
Gipfel der Frechheit,6+,5-7,sport,UIAA,Hocheck,Prinzwiesentürme,Österreich Ost,,,Hocheck | Prinzwiesentürme | Gipfel der Frechheit,,to create
Heilige Ruh,6c/7a trav,Boulder,boulder,Font,Hocheck,Prinzwiesentürme (Boulder),Österreich Ost,,,Hocheck | Prinzwiesentürme (Boulder) | Heilige Ruh,,to create
Gegenwind,4,1-4,sport,UIAA,Hocheck,Holzschlag,Österreich Ost,,,Hocheck | Holzschlag | Gegenwind,,to create
Killerkrähen,5,5-7,sport,UIAA,Hocheck,Holzschlag,Österreich Ost,,,Hocheck | Holzschlag | Killerkrähen,,to create
Schmazo Piazo,8-,8-11,sport,UIAA,Hocheck,Holzschlag,Österreich Ost,,,Hocheck | Holzschlag | Schmazo Piazo,,to create
Mördermücken,6-,5-7,sport,UIAA,Hocheck,Holzschlag,Österreich Ost,,,Hocheck | Holzschlag | Mördermücken,,to create
Plattenboulder,4,1-4,sport,UIAA,Hocheck,Holzschlag,Österreich Ost,,,Hocheck | Holzschlag | Plattenboulder,,to create
Rissboulder,3,1-4,sport,UIAA,Hocheck,Holzschlag,Österreich Ost,,,Hocheck | Holzschlag | Rissboulder,,to create
Nix Boulder,7,5-7,sport,UIAA,Hocheck,Holzschlag,Österreich Ost,,,Hocheck | Holzschlag | Nix Boulder,,to create
Mystic Way,9-,8-11,sport,UIAA,Hocheck,Holzschlag,Österreich Ost,,,Hocheck | Holzschlag | Mystic Way,,to create
Rattenschwanz,7-,5-7,sport,UIAA,Hocheck,Holzschlag,Österreich Ost,,,Hocheck | Holzschlag | Rattenschwanz,,to create
Rats Eyes,6+,5-7,sport,UIAA,Hocheck,Holzschlag,Österreich Ost,,,Hocheck | Holzschlag | Rats Eyes,,to create
Smoke Crack,5+,5-7,sport,UIAA,Hocheck,Holzschlag,Österreich Ost,,,Hocheck | Holzschlag | Smoke Crack,,to create
Schleim!,4+,1-4,sport,UIAA,Hocheck,Holzschlag,Österreich Ost,,,Hocheck | Holzschlag | Schleim!,,to create
Kurze Kante,4,1-4,sport,UIAA,Hocheck,Holzschlag,Österreich Ost,,,Hocheck | Holzschlag | Kurze Kante,,to create
Scherz Wand,6,5-7,sport,UIAA,Hocheck,Holzschlag,Österreich Ost,,,Hocheck | Holzschlag | Scherz Wand,,to create
Dawn Wall,6-,5-7,sport,UIAA,Hocheck,Holzschlag,Österreich Ost,,,Hocheck | Holzschlag | Dawn Wall,,to create
Rollerball,8-,8-11,sport,UIAA,Hocheck,Holzschlag,Österreich Ost,,,Hocheck | Holzschlag | Rollerball,,to create
Stone Free,9-,8-11,sport,UIAA,Hocheck,Holzschlag,Österreich Ost,,,Hocheck | Holzschlag | Stone Free,,to create
Laika,10,8-11,sport,UIAA,Hocheck,Holzschlag,Österreich Ost,,,Hocheck | Holzschlag | Laika,,to create
Crackless I,9+,8-11,sport,UIAA,Hocheck,Holzschlag,Österreich Ost,,,Hocheck | Holzschlag | Crackless I,,to create
Der Zeck,6+,5-7,sport,UIAA,Hocheck,Holzschlag,Österreich Ost,,,Hocheck | Holzschlag | Der Zeck,,to create
Crackless II,9+/10-,8-11,sport,UIAA,Hocheck,Holzschlag,Österreich Ost,,,Hocheck | Holzschlag | Crackless II,,to create
Dope Crack,7-,5-7,sport,UIAA,Hocheck,Holzschlag,Österreich Ost,,,Hocheck | Holzschlag | Dope Crack,,to create
Milchzahn,6+,5-7,sport,UIAA,Hocheck,Holzschlag,Österreich Ost,,,Hocheck | Holzschlag | Milchzahn,,to create
Rückwand,4+,1-4,sport,UIAA,Hocheck,Holzschlag,Österreich Ost,,,Hocheck | Holzschlag | Rückwand,,to create
Ausweiche,4,1-4,sport,UIAA,Hocheck,Holzschlag,Österreich Ost,,,Hocheck | Holzschlag | Ausweiche,,to create
Sie baden gerade ihre Hände darin,9,8-11,sport,UIAA,Hocheck,Holzschlag,Österreich Ost,,,Hocheck | Holzschlag | Sie baden gerade ihre Hände darin,,to create
Damokles Blöcke,6,5-7,sport,UIAA,Hocheck,Holzschlag,Österreich Ost,,,Hocheck | Holzschlag | Damokles Blöcke,,to create
Ein absolutes Muss,3+,1-4,sport,UIAA,Hocheck,Holzschlag,Österreich Ost,,,Hocheck | Holzschlag | Ein absolutes Muss,,to create
Absolution,5+,5-7,sport,UIAA,Hocheck,Holzschlag,Österreich Ost,,,Hocheck | Holzschlag | Absolution,,to create
Bussgeld,6,5-7,sport,UIAA,Hocheck,Holzschlag,Österreich Ost,,,Hocheck | Holzschlag | Bussgeld,,to create
Jenseitig,7+,5-7,sport,UIAA,Hocheck,Holzschlag,Österreich Ost,,,Hocheck | Holzschlag | Jenseitig,,to create
Klassisch,5,5-7,sport,UIAA,Hocheck,Holzschlag,Österreich Ost,,,Hocheck | Holzschlag | Klassisch,,to create
Grenzgang,6+/7-,5-7,sport,UIAA,Hocheck,Holzschlag,Österreich Ost,,,Hocheck | Holzschlag | Grenzgang,,to create
Apokalyps Now,7,5-7,sport,UIAA,Hocheck,Holzschlag,Österreich Ost,,,Hocheck | Holzschlag | Apokalyps Now,,to create
The Day After,5,5-7,sport,UIAA,Hocheck,Holzschlag,Österreich Ost,,,Hocheck | Holzschlag | The Day After,,to create
Sozialschmarotzer,9+/10-,8-11,sport,UIAA,Hocheck,Holzschlag,Österreich Ost,,,Hocheck | Holzschlag | Sozialschmarotzer,,to create
Mein blonder Hund,8+,8-11,sport,UIAA,Hocheck,Holzschlag,Österreich Ost,,,Hocheck | Holzschlag | Mein blonder Hund,,to create
Enerchi,9+,8-11,sport,UIAA,Hocheck,Holzschlag,Österreich Ost,,,Hocheck | Holzschlag | Enerchi,,to create
Pan Tau,7+,5-7,sport,UIAA,Hocheck,Holzschlag,Österreich Ost,,,Hocheck | Holzschlag | Pan Tau,,to create
Peter Pan,7-,5-7,sport,UIAA,Hocheck,Holzschlag,Österreich Ost,,,Hocheck | Holzschlag | Peter Pan,,to create
Tau Frisch,5,5-7,sport,UIAA,Hocheck,Holzschlag,Österreich Ost,,,Hocheck | Holzschlag | Tau Frisch,,to create
Jo Mei,7-,5-7,sport,UIAA,Hocheck,Holzschlag,Österreich Ost,,,Hocheck | Holzschlag | Jo Mei,,to create
Romario,7-,5-7,sport,UIAA,Hocheck,Holzschlag,Österreich Ost,,,Hocheck | Holzschlag | Romario,,to create
Pepeto,7+,5-7,sport,UIAA,Hocheck,Holzschlag,Österreich Ost,,,Hocheck | Holzschlag | Pepeto,,to create
Brazil,7,5-7,sport,UIAA,Hocheck,Holzschlag,Österreich Ost,,,Hocheck | Holzschlag | Brazil,,to create
Ein weiterer Schritt,5,5-7,sport,UIAA,Hocheck,Holzschlag,Österreich Ost,,,Hocheck | Holzschlag | Ein weiterer Schritt,,to create
Der schmale Grat (Holzschlag),3+,1-4,sport,UIAA,Hocheck,Holzschlag,Österreich Ost,,,Hocheck | Holzschlag | Der schmale Grat (Holzschlag),,to create
Slimy,6c,Boulder,boulder,Font,Hocheck,Holzschlag (Boulder),Österreich Ost,,,Hocheck | Holzschlag (Boulder) | Slimy,,to create
Hinkelstein,5b,Boulder,boulder,Font,Hocheck,Holzschlag (Boulder),Österreich Ost,,,Hocheck | Holzschlag (Boulder) | Hinkelstein,,to create
Brösel,4a,Boulder,boulder,Font,Hocheck,Holzschlag (Boulder),Österreich Ost,,,Hocheck | Holzschlag (Boulder) | Brösel,,to create
Moonlight,6b,Boulder,boulder,Font,Hocheck,Holzschlag (Boulder),Österreich Ost,,,Hocheck | Holzschlag (Boulder) | Moonlight,,to create
Starke Susi,7a,Boulder,boulder,Font,Hocheck,Holzschlag (Boulder),Österreich Ost,,,Hocheck | Holzschlag (Boulder) | Starke Susi,,to create
Neutour ca 7-8,7-8,5-7,sport,UIAA,Wöllersdorf Hart,Linker Wandteil,Österreich Ost,,,Wöllersdorf Hart | Linker Wandteil | Neutour ca 7-8,,to create
Hollywood,7+,5-7,sport,UIAA,Wöllersdorf Hart,Linker Wandteil,Österreich Ost,,,Wöllersdorf Hart | Linker Wandteil | Hollywood,,to create
Beverly Hills,9-,8-11,sport,UIAA,Wöllersdorf Hart,Linker Wandteil,Österreich Ost,,,Wöllersdorf Hart | Linker Wandteil | Beverly Hills,,to create
Kaui,7-,5-7,sport,UIAA,Wöllersdorf Hart,Linker Wandteil,Österreich Ost,,,Wöllersdorf Hart | Linker Wandteil | Kaui,,to create
Hawai,6+,5-7,sport,UIAA,Wöllersdorf Hart,Linker Wandteil,Österreich Ost,,,Wöllersdorf Hart | Linker Wandteil | Hawai,,to create
Maui,4,1-4,sport,UIAA,Wöllersdorf Hart,Linker Wandteil,Österreich Ost,,,Wöllersdorf Hart | Linker Wandteil | Maui,,to create
Neutour,5+,5-7,sport,UIAA,Wöllersdorf Hart,Linker Wandteil,Österreich Ost,,,Wöllersdorf Hart | Linker Wandteil | Neutour,,to create
Wizo,9-,8-11,sport,UIAA,Wöllersdorf Hart,Linker Wandteil,Österreich Ost,,,Wöllersdorf Hart | Linker Wandteil | Wizo,,to create
Putzorgie,5,5-7,sport,UIAA,Wöllersdorf Hart,Zentraler Wandteil,Österreich Ost,,,Wöllersdorf Hart | Zentraler Wandteil | Putzorgie,,to create
Fistful of Power,7,5-7,sport,UIAA,Wöllersdorf Hart,Zentraler Wandteil,Österreich Ost,,,Wöllersdorf Hart | Zentraler Wandteil | Fistful of Power,,to create
Das Knie ist hie,8-,8-11,sport,UIAA,Wöllersdorf Hart,Zentraler Wandteil,Österreich Ost,,,Wöllersdorf Hart | Zentraler Wandteil | Das Knie ist hie,,to create
Il Gufo,8,8-11,sport,UIAA,Wöllersdorf Hart,Zentraler Wandteil,Österreich Ost,,,Wöllersdorf Hart | Zentraler Wandteil | Il Gufo,,to create
Le Champ de Chanvre,7+/8-,5-7,sport,UIAA,Wöllersdorf Hart,Zentraler Wandteil,Österreich Ost,,,Wöllersdorf Hart | Zentraler Wandteil | Le Champ de Chanvre,,to create
Return of Tangram,6+,5-7,sport,UIAA,Wöllersdorf Hart,Zentraler Wandteil,Österreich Ost,,,Wöllersdorf Hart | Zentraler Wandteil | Return of Tangram,,to create
It's a Pleasure,4+,1-4,sport,UIAA,Wöllersdorf Hart,Zentraler Wandteil,Österreich Ost,,,Wöllersdorf Hart | Zentraler Wandteil | It's a Pleasure,,to create
Wepsenstich,5,5-7,sport,UIAA,Wöllersdorf Hart,Zentraler Wandteil,Österreich Ost,,,Wöllersdorf Hart | Zentraler Wandteil | Wepsenstich,,to create
A Beda's Place is on the Top,5+,5-7,sport,UIAA,Wöllersdorf Hart,Zentraler Wandteil,Österreich Ost,,,Wöllersdorf Hart | Zentraler Wandteil | A Beda's Place is on the Top,,to create
Wop Ebene,6,5-7,sport,UIAA,Wöllersdorf Hart,Zentraler Wandteil,Österreich Ost,,,Wöllersdorf Hart | Zentraler Wandteil | Wop Ebene,,to create
Kasperltheater,5,5-7,sport,UIAA,Wöllersdorf Hart,Zentraler Wandteil,Österreich Ost,,,Wöllersdorf Hart | Zentraler Wandteil | Kasperltheater,,to create
Confetti Show,4,1-4,sport,UIAA,Wöllersdorf Hart,Zentraler Wandteil,Österreich Ost,,,Wöllersdorf Hart | Zentraler Wandteil | Confetti Show,,to create
Chiemsee,7+,5-7,sport,UIAA,Wöllersdorf Hart,Zentraler Wandteil,Österreich Ost,,,Wöllersdorf Hart | Zentraler Wandteil | Chiemsee,,to create
Make Your Way to the Matura,6-,5-7,sport,UIAA,Wöllersdorf Hart,Zentraler Wandteil,Österreich Ost,,,Wöllersdorf Hart | Zentraler Wandteil | Make Your Way to the Matura,,to create
Fuck the Army,6,5-7,sport,UIAA,Wöllersdorf Hart,Zentraler Wandteil,Österreich Ost,,,Wöllersdorf Hart | Zentraler Wandteil | Fuck the Army,,to create
Vollrausch,7-,5-7,sport,UIAA,Wöllersdorf Hart,Zentraler Wandteil,Österreich Ost,,,Wöllersdorf Hart | Zentraler Wandteil | Vollrausch,,to create
Blede Gschicht,6+,5-7,sport,UIAA,Wöllersdorf Hart,Zentraler Wandteil,Österreich Ost,,,Wöllersdorf Hart | Zentraler Wandteil | Blede Gschicht,,to create
The Nose,7+,5-7,sport,UIAA,Wöllersdorf Hart,Zentraler Wandteil,Österreich Ost,,,Wöllersdorf Hart | Zentraler Wandteil | The Nose,,to create
Höhlenbär,8,8-11,sport,UIAA,Wöllersdorf Hart,Zentraler Wandteil,Österreich Ost,,,Wöllersdorf Hart | Zentraler Wandteil | Höhlenbär,,to create
XTC,8,8-11,sport,UIAA,Wöllersdorf Hart,Zentraler Wandteil,Österreich Ost,,,Wöllersdorf Hart | Zentraler Wandteil | XTC,,to create
Hallo Kitty,4,1-4,sport,UIAA,Wöllersdorf Hart,Kinderwand,Österreich Ost,,,Wöllersdorf Hart | Kinderwand | Hallo Kitty,,to create
Mama Muh Räumtauf,4,1-4,sport,UIAA,Wöllersdorf Hart,Kinderwand,Österreich Ost,,,Wöllersdorf Hart | Kinderwand | Mama Muh Räumtauf,,to create
Bimbulli,5-,5-7,sport,UIAA,Wöllersdorf Hart,Kinderwand,Österreich Ost,,,Wöllersdorf Hart | Kinderwand | Bimbulli,,to create
Wickie,6+,5-7,sport,UIAA,Wöllersdorf Hart,Kinderwand,Österreich Ost,,,Wöllersdorf Hart | Kinderwand | Wickie,,to create
Halvar,7+,5-7,sport,UIAA,Wöllersdorf Hart,Kinderwand,Österreich Ost,,,Wöllersdorf Hart | Kinderwand | Halvar,,to create
Crash Pad Test,6a+,Boulder,boulder,Font,Wöllersdorf Hart,Wöllersdorf Hart (Boulder),Österreich Ost,,,Wöllersdorf Hart | Wöllersdorf Hart (Boulder) | Crash Pad Test,,to create
Stealth,5c,Boulder,boulder,Font,Wöllersdorf Hart,Wöllersdorf Hart (Boulder),Österreich Ost,,,Wöllersdorf Hart | Wöllersdorf Hart (Boulder) | Stealth,,to create
Hugh,6c,Boulder,boulder,Font,Wöllersdorf Hart,Wöllersdorf Hart (Boulder),Österreich Ost,,,Wöllersdorf Hart | Wöllersdorf Hart (Boulder) | Hugh,,to create
Grüner Quergang,5b,Boulder,boulder,Font,Wöllersdorf Hart,Wöllersdorf Hart (Boulder),Österreich Ost,,,Wöllersdorf Hart | Wöllersdorf Hart (Boulder) | Grüner Quergang,,to create
Quergang,5c,Boulder,boulder,Font,Wöllersdorf Hart,Wöllersdorf Hart (Boulder),Österreich Ost,,,Wöllersdorf Hart | Wöllersdorf Hart (Boulder) | Quergang,,to create
Miraculix,4a,Boulder,boulder,Font,Wöllersdorf Hart,Wöllersdorf Hart (Boulder),Österreich Ost,,,Wöllersdorf Hart | Wöllersdorf Hart (Boulder) | Miraculix,,to create
Flashpoint,5b,Boulder,boulder,Font,Wöllersdorf Hart,Wöllersdorf Hart (Boulder),Österreich Ost,,,Wöllersdorf Hart | Wöllersdorf Hart (Boulder) | Flashpoint,,to create
Struck a Nerve,5a,Boulder,boulder,Font,Wöllersdorf Hart,Wöllersdorf Hart (Boulder),Österreich Ost,,,Wöllersdorf Hart | Wöllersdorf Hart (Boulder) | Struck a Nerve,,to create
Floods,4c,Boulder,boulder,Font,Wöllersdorf Hart,Wöllersdorf Hart (Boulder),Österreich Ost,,,Wöllersdorf Hart | Wöllersdorf Hart (Boulder) | Floods,,to create
No End in Sight,6b,Boulder,boulder,Font,Wöllersdorf Hart,Wöllersdorf Hart (Boulder),Österreich Ost,,,Wöllersdorf Hart | Wöllersdorf Hart (Boulder) | No End in Sight,,to create
Nur die Kanten,6b,Boulder,boulder,Font,Wöllersdorf Hart,Wöllersdorf Hart (Boulder),Österreich Ost,,,Wöllersdorf Hart | Wöllersdorf Hart (Boulder) | Nur die Kanten,,to create
Space Avenue,5c,Boulder,boulder,Font,Wöllersdorf Hart,Wöllersdorf Hart (Boulder),Österreich Ost,,,Wöllersdorf Hart | Wöllersdorf Hart (Boulder) | Space Avenue,,to create
Traverse (Wöllersdorf),4a,Boulder,boulder,Font,Wöllersdorf Hart,Wöllersdorf Hart (Boulder),Österreich Ost,,,Wöllersdorf Hart | Wöllersdorf Hart (Boulder) | Traverse (Wöllersdorf),,to create
Highly Officious,5b,Boulder,boulder,Font,Wöllersdorf Hart,Wöllersdorf Hart (Boulder),Österreich Ost,,,Wöllersdorf Hart | Wöllersdorf Hart (Boulder) | Highly Officious,,to create
Fringe Benefits,6b,Boulder,boulder,Font,Wöllersdorf Hart,Wöllersdorf Hart (Boulder),Österreich Ost,,,Wöllersdorf Hart | Wöllersdorf Hart (Boulder) | Fringe Benefits,,to create
Afterburner,6c+,Boulder,boulder,Font,Wöllersdorf Hart,Wöllersdorf Hart (Boulder),Österreich Ost,,,Wöllersdorf Hart | Wöllersdorf Hart (Boulder) | Afterburner,,to create
Shrink to Fit,6b,Boulder,boulder,Font,Wöllersdorf Hart,Wöllersdorf Hart (Boulder),Österreich Ost,,,Wöllersdorf Hart | Wöllersdorf Hart (Boulder) | Shrink to Fit,,to create
Löchriges Vergnügen,6a,Boulder,boulder,Font,Wöllersdorf Hart,Wöllersdorf Hart (Boulder),Österreich Ost,,,Wöllersdorf Hart | Wöllersdorf Hart (Boulder) | Löchriges Vergnügen,,to create
Scharfes Eck,4b,Boulder,boulder,Font,Wöllersdorf Hart,Wöllersdorf Hart (Boulder),Österreich Ost,,,Wöllersdorf Hart | Wöllersdorf Hart (Boulder) | Scharfes Eck,,to create
Tintifax,5a,Boulder,boulder,Font,Wöllersdorf Hart,Wöllersdorf Hart (Boulder),Österreich Ost,,,Wöllersdorf Hart | Wöllersdorf Hart (Boulder) | Tintifax,,to create
Südföhn,6+/7-,5-7,sport,UIAA,Arnstein,Arnsteinblöcke,Österreich Ost,,,Arnstein | Arnsteinblöcke | Südföhn,,to create
Direkter Schock,3+,1-4,sport,UIAA,Arnstein,Arnsteinblöcke,Österreich Ost,,,Arnstein | Arnsteinblöcke | Direkter Schock,,to create
Kreislaufstillstand,4+,1-4,sport,UIAA,Arnstein,Arnsteinblöcke,Österreich Ost,,,Arnstein | Arnsteinblöcke | Kreislaufstillstand,,to create
Schock,3,1-4,sport,UIAA,Arnstein,Arnsteinblöcke,Österreich Ost,,,Arnstein | Arnsteinblöcke | Schock,,to create
Eiswind,6+,5-7,sport,UIAA,Arnstein,Arnsteinblöcke,Österreich Ost,,,Arnstein | Arnsteinblöcke | Eiswind,,to create
Polarsturm,6+,5-7,sport,UIAA,Arnstein,Arnsteinblöcke,Österreich Ost,,,Arnstein | Arnsteinblöcke | Polarsturm,,to create
Geentert,2,1-4,sport,UIAA,Arnstein,Arnsteinblöcke,Österreich Ost,,,Arnstein | Arnsteinblöcke | Geentert,,to create
Gekentert,7+,5-7,sport,UIAA,Arnstein,Arnsteinblöcke,Österreich Ost,,,Arnstein | Arnsteinblöcke | Gekentert,,to create
Steuerbord,3+,1-4,sport,UIAA,Arnstein,Arnsteinblöcke,Österreich Ost,,,Arnstein | Arnsteinblöcke | Steuerbord,,to create
Nebelhorn,3,1-4,sport,UIAA,Arnstein,Arnsteinblöcke,Österreich Ost,,,Arnstein | Arnsteinblöcke | Nebelhorn,,to create
Schiffsbug,7-,5-7,sport,UIAA,Arnstein,Arnsteinblöcke,Österreich Ost,,,Arnstein | Arnsteinblöcke | Schiffsbug,,to create
Reling,7-,5-7,sport,UIAA,Arnstein,Arnsteinblöcke,Österreich Ost,,,Arnstein | Arnsteinblöcke | Reling,,to create
Backbord,6+,5-7,sport,UIAA,Arnstein,Arnsteinblöcke,Österreich Ost,,,Arnstein | Arnsteinblöcke | Backbord,,to create
Beziehungskrise,6+,5-7,sport,UIAA,Arnstein,Arnsteinblöcke,Österreich Ost,,,Arnstein | Arnsteinblöcke | Beziehungskrise,,to create
Gespaltene Beziehung,7-,5-7,sport,UIAA,Arnstein,Arnsteinblöcke,Österreich Ost,,,Arnstein | Arnsteinblöcke | Gespaltene Beziehung,,to create
Easy Rider (Arnstein),3b,Boulder,boulder,Font,Arnstein,Arnsteinblöcke (Boulder),Österreich Ost,,,Arnstein | Arnsteinblöcke (Boulder) | Easy Rider (Arnstein),,to create
Scherbendiagorauf,4a,Boulder,boulder,Font,Arnstein,Arnsteinblöcke (Boulder),Österreich Ost,,,Arnstein | Arnsteinblöcke (Boulder) | Scherbendiagorauf,,to create
Gigant,4a,Boulder,boulder,Font,Arnstein,Arnsteinblöcke (Boulder),Österreich Ost,,,Arnstein | Arnsteinblöcke (Boulder) | Gigant,,to create
Felskamasutra,7-,5-7,sport,UIAA,Arnstein,Arnsteinturm,Österreich Ost,,,Arnstein | Arnsteinturm | Felskamasutra,,to create
Hot Sex Movie,7+,5-7,sport,UIAA,Arnstein,Arnsteinturm,Österreich Ost,,,Arnstein | Arnsteinturm | Hot Sex Movie,,to create
Heisse Liebe,7-/7,5-7,sport,UIAA,Arnstein,Arnsteinturm,Österreich Ost,,,Arnstein | Arnsteinturm | Heisse Liebe,,to create
Selbstbetrug,7+,5-7,sport,UIAA,Arnstein,Arnsteinturm,Österreich Ost,,,Arnstein | Arnsteinturm | Selbstbetrug,,to create
TIA,7+,5-7,sport,UIAA,Arnstein,Arnsteinturm,Österreich Ost,,,Arnstein | Arnsteinturm | TIA,,to create
HM,7+,5-7,sport,UIAA,Arnstein,Arnsteinturm,Österreich Ost,,,Arnstein | Arnsteinturm | HM,,to create
Vergnügen Pur,8/8+,8-11,sport,UIAA,Arnstein,Arnsteinturm,Österreich Ost,,,Arnstein | Arnsteinturm | Vergnügen Pur,,to create
Schreck Pur,8,8-11,sport,UIAA,Arnstein,Arnsteinturm,Österreich Ost,,,Arnstein | Arnsteinturm | Schreck Pur,,to create
Undertacker,8-,8-11,sport,UIAA,Arnstein,Arnsteinturm,Österreich Ost,,,Arnstein | Arnsteinturm | Undertacker,,to create
Quertacker,6-,5-7,sport,UIAA,Arnstein,Arnsteinturm,Österreich Ost,,,Arnstein | Arnsteinturm | Quertacker,,to create
Nordwestkante,6+,5-7,sport,UIAA,Arnstein,Arnsteinturm,Österreich Ost,,,Arnstein | Arnsteinturm | Nordwestkante,,to create
Fluch der Karibik,8-,8-11,sport,UIAA,Arnstein,Arnsteinturm,Österreich Ost,,,Arnstein | Arnsteinturm | Fluch der Karibik,,to create
Seifenblase,7/7+,5-7,sport,UIAA,Arnstein,Arnsteinturm,Österreich Ost,,,Arnstein | Arnsteinturm | Seifenblase,,to create
Massa Buana,7-/7,5-7,sport,UIAA,Arnstein,Arnsteinturm,Österreich Ost,,,Arnstein | Arnsteinturm | Massa Buana,,to create
Zwei Herzen aus Stein,6+,5-7,sport,UIAA,Arnstein,Arnsteinturm,Österreich Ost,,,Arnstein | Arnsteinturm | Zwei Herzen aus Stein,,to create
Träume sind Schäume,7-,5-7,sport,UIAA,Arnstein,Arnsteinturm,Österreich Ost,,,Arnstein | Arnsteinturm | Träume sind Schäume,,to create
Das erste Mal tut immer weh,6+/7-,5-7,sport,UIAA,Arnstein,Arnsteinturm,Österreich Ost,,,Arnstein | Arnsteinturm | Das erste Mal tut immer weh,,to create
Mauerläufer (Arnsteinturm),5+,5-7,sport,UIAA,Arnstein,Arnsteinturm,Österreich Ost,,,Arnstein | Arnsteinturm | Mauerläufer (Arnsteinturm),,to create
Griffls,6b+,Boulder,boulder,Font,Arnstein,Arnsteinturm (Boulder),Österreich Ost,,,Arnstein | Arnsteinturm (Boulder) | Griffls,,to create
Liebe ist für alle da,6b,Boulder,boulder,Font,Arnstein,Arnsteinturm (Boulder),Österreich Ost,,,Arnstein | Arnsteinturm (Boulder) | Liebe ist für alle da,,to create
Cause I'm a Sexmachine,6c,Boulder,boulder,Font,Arnstein,Arnsteinturm (Boulder),Österreich Ost,,,Arnstein | Arnsteinturm (Boulder) | Cause I'm a Sexmachine,,to create
Fly wie Paul Preuss,7a,Boulder,boulder,Font,Arnstein,Arnsteinturm (Boulder),Österreich Ost,,,Arnstein | Arnsteinturm (Boulder) | Fly wie Paul Preuss,,to create
Links 2 3 4,6c,Boulder,boulder,Font,Arnstein,Arnsteinturm (Boulder),Österreich Ost,,,Arnstein | Arnsteinturm (Boulder) | Links 2 3 4,,to create
In Love with Robert Carpa,7a,Boulder,boulder,Font,Arnstein,Arnsteinturm (Boulder),Österreich Ost,,,Arnstein | Arnsteinturm (Boulder) | In Love with Robert Carpa,,to create
Route 55,6a,Boulder,boulder,Font,Arnstein,Arnsteinturm (Boulder),Österreich Ost,,,Arnstein | Arnsteinturm (Boulder) | Route 55,,to create
Kindervia,2,1-4,sport,UIAA,Arnstein,Arnstein Hauptwand,Österreich Ost,,,Arnstein | Arnstein Hauptwand | Kindervia,,to create
Mayerfährte,2+,1-4,sport,UIAA,Arnstein,Arnstein Hauptwand,Österreich Ost,,,Arnstein | Arnstein Hauptwand | Mayerfährte,,to create
Burgfräulein,4,1-4,sport,UIAA,Arnstein,Arnstein Hauptwand,Österreich Ost,,,Arnstein | Arnstein Hauptwand | Burgfräulein,,to create
Ziegenquergang,3+,1-4,sport,UIAA,Arnstein,Arnstein Hauptwand,Österreich Ost,,,Arnstein | Arnstein Hauptwand | Ziegenquergang,,to create
Burgherr,6,5-7,sport,UIAA,Arnstein,Arnstein Hauptwand,Österreich Ost,,,Arnstein | Arnstein Hauptwand | Burgherr,,to create
Bruder Baum,5,5-7,sport,UIAA,Arnstein,Arnstein Hauptwand,Österreich Ost,,,Arnstein | Arnstein Hauptwand | Bruder Baum,,to create
Linke Löcher,5+,5-7,sport,UIAA,Arnstein,Arnstein Hauptwand,Österreich Ost,,,Arnstein | Arnstein Hauptwand | Linke Löcher,,to create
Vorsicht Max,7-,5-7,sport,UIAA,Arnstein,Arnstein Hauptwand,Österreich Ost,,,Arnstein | Arnstein Hauptwand | Vorsicht Max,,to create
Oh Mutzi,6+,5-7,sport,UIAA,Arnstein,Arnstein Hauptwand,Österreich Ost,,,Arnstein | Arnstein Hauptwand | Oh Mutzi,,to create
Direkte Rampe,6,5-7,sport,UIAA,Arnstein,Arnstein Hauptwand,Österreich Ost,,,Arnstein | Arnstein Hauptwand | Direkte Rampe,,to create
Triceratop,6+,5-7,sport,UIAA,Arnstein,Arnstein Hauptwand,Österreich Ost,,,Arnstein | Arnstein Hauptwand | Triceratop,,to create
Rock Ballett,9/9+,8-11,sport,UIAA,Arnstein,Arnstein Hauptwand,Österreich Ost,,,Arnstein | Arnstein Hauptwand | Rock Ballett,,to create
Mojito,8,8-11,sport,UIAA,Arnstein,Arnstein Hauptwand,Österreich Ost,,,Arnstein | Arnstein Hauptwand | Mojito,,to create
Mutzsteig,5,5-7,sport,UIAA,Arnstein,Arnstein Hauptwand,Österreich Ost,,,Arnstein | Arnstein Hauptwand | Mutzsteig,,to create
Pausenfüller,6,5-7,sport,UIAA,Arnstein,Arnstein Hauptwand,Österreich Ost,,,Arnstein | Arnstein Hauptwand | Pausenfüller,,to create
Marriage Exorbitant,10-,8-11,sport,UIAA,Arnstein,Arnstein Hauptwand,Österreich Ost,,,Arnstein | Arnstein Hauptwand | Marriage Exorbitant,,to create
Under Pressure,10,8-11,sport,UIAA,Arnstein,Arnstein Hauptwand,Österreich Ost,,,Arnstein | Arnstein Hauptwand | Under Pressure,,to create
Schneller als die Schwerkraft,8,8-11,sport,UIAA,Arnstein,Arnstein Hauptwand,Österreich Ost,,,Arnstein | Arnstein Hauptwand | Schneller als die Schwerkraft,,to create
Zustieg,5-,5-7,sport,UIAA,Arnstein,Arnstein Hauptwand,Österreich Ost,,,Arnstein | Arnstein Hauptwand | Zustieg,,to create
Hofnarr,5,5-7,sport,UIAA,Arnstein,Arnstein Hauptwand,Österreich Ost,,,Arnstein | Arnstein Hauptwand | Hofnarr,,to create
Minimundus,7,5-7,sport,UIAA,Arnstein,Arnstein Hauptwand,Österreich Ost,,,Arnstein | Arnstein Hauptwand | Minimundus,,to create
Kleinigkeiten,7,5-7,sport,UIAA,Arnstein,Arnstein Hauptwand,Österreich Ost,,,Arnstein | Arnstein Hauptwand | Kleinigkeiten,,to create
Nichtigkeiten,7,5-7,sport,UIAA,Arnstein,Arnstein Hauptwand,Österreich Ost,,,Arnstein | Arnstein Hauptwand | Nichtigkeiten,,to create
Melange,6,5-7,sport,UIAA,Arnstein,Arnstein Hauptwand,Österreich Ost,,,Arnstein | Arnstein Hauptwand | Melange,,to create
Cafe Bequem,6,5-7,sport,UIAA,Arnstein,Arnstein Hauptwand,Österreich Ost,,,Arnstein | Arnstein Hauptwand | Cafe Bequem,,to create
Hals- und Steinbruch,8-,8-11,sport,UIAA,Arnstein,Arnstein Hauptwand,Österreich Ost,,,Arnstein | Arnstein Hauptwand | Hals- und Steinbruch,,to create
Der weite Horizont,7+,5-7,sport,UIAA,Arnstein,Arnstein Hauptwand,Österreich Ost,,,Arnstein | Arnstein Hauptwand | Der weite Horizont,,to create
Serpentinen,7,5-7,sport,UIAA,Arnstein,Arnstein Hauptwand,Österreich Ost,,,Arnstein | Arnstein Hauptwand | Serpentinen,,to create
Unmittelbare Westwand,8,8-11,sport,UIAA,Arnstein,Arnstein Hauptwand,Österreich Ost,,,Arnstein | Arnstein Hauptwand | Unmittelbare Westwand,,to create
Der Lebensfaden,8+,8-11,sport,UIAA,Arnstein,Arnstein Hauptwand,Österreich Ost,,,Arnstein | Arnstein Hauptwand | Der Lebensfaden,,to create
Sonnenkönig,8-,8-11,sport,UIAA,Arnstein,Arnstein Hauptwand,Österreich Ost,,,Arnstein | Arnstein Hauptwand | Sonnenkönig,,to create
Schattenreich,7/7+,5-7,sport,UIAA,Arnstein,Arnstein Hauptwand,Österreich Ost,,,Arnstein | Arnstein Hauptwand | Schattenreich,,to create
Im Vollrausch,6+,5-7,sport,UIAA,Arnstein,Arnstein Hauptwand,Österreich Ost,,,Arnstein | Arnstein Hauptwand | Im Vollrausch,,to create
Stocknüchtern,7,5-7,sport,UIAA,Arnstein,Arnstein Hauptwand,Österreich Ost,,,Arnstein | Arnstein Hauptwand | Stocknüchtern,,to create
Batzenfett,6/6+,5-7,sport,UIAA,Arnstein,Arnstein Hauptwand,Österreich Ost,,,Arnstein | Arnstein Hauptwand | Batzenfett,,to create
Sonne Mond und Sterne,6+,5-7,sport,UIAA,Arnstein,Arnstein Hauptwand,Österreich Ost,,,Arnstein | Arnstein Hauptwand | Sonne Mond und Sterne,,to create
Meteoritenschauer,5,5-7,sport,UIAA,Arnstein,Arnstein Hauptwand,Österreich Ost,,,Arnstein | Arnstein Hauptwand | Meteoritenschauer,,to create
Südwestriss (Hauptwand),4,1-4,sport,UIAA,Arnstein,Arnstein Hauptwand,Österreich Ost,,,Arnstein | Arnstein Hauptwand | Südwestriss (Hauptwand),,to create
Zgonc,6a,Boulder,boulder,Font,Arnstein,Arnstein Hauptwand (Boulder),Österreich Ost,,,Arnstein | Arnstein Hauptwand (Boulder) | Zgonc,,to create
Omo,5a,Boulder,boulder,Font,Arnstein,Arnstein Hauptwand (Boulder),Österreich Ost,,,Arnstein | Arnstein Hauptwand (Boulder) | Omo,,to create
Innerer Mutz,7,5-7,sport,UIAA,Arnstein,Arnsteinhöhle Innen,Österreich Ost,,,Arnstein | Arnsteinhöhle Innen | Innerer Mutz,,to create
Torbogen,7-,5-7,sport,UIAA,Arnstein,Arnsteinhöhle Innen,Österreich Ost,,,Arnstein | Arnsteinhöhle Innen | Torbogen,,to create
Santa Klaus,3+,1-4,sport,UIAA,Arnstein,Arnsteinhöhle Innen,Österreich Ost,,,Arnstein | Arnsteinhöhle Innen | Santa Klaus,,to create
Desire,9,8-11,sport,UIAA,Arnstein,Arnsteinhöhle Innen,Österreich Ost,,,Arnstein | Arnsteinhöhle Innen | Desire,,to create
Das 3. Auge der Kundalini,9,8-11,sport,UIAA,Arnstein,Arnsteinhöhle Innen,Österreich Ost,,,Arnstein | Arnsteinhöhle Innen | Das 3. Auge der Kundalini,,to create
Horizontaler Kraftakt,8,8-11,sport,UIAA,Arnstein,Arnsteinhöhle Innen,Österreich Ost,,,Arnstein | Arnsteinhöhle Innen | Horizontaler Kraftakt,,to create
Outlaw,8,8-11,sport,UIAA,Arnstein,Arnsteinhöhle Innen,Österreich Ost,,,Arnstein | Arnsteinhöhle Innen | Outlaw,,to create
Kraftlos und nicht schwerlos,9,8-11,sport,UIAA,Arnstein,Arnsteinhöhle Innen,Österreich Ost,,,Arnstein | Arnsteinhöhle Innen | Kraftlos und nicht schwerlos,,to create
Von der hohen Kante fliegen,9-/9,8-11,sport,UIAA,Arnstein,Arnsteinhöhle Innen,Österreich Ost,,,Arnstein | Arnsteinhöhle Innen | Von der hohen Kante fliegen,,to create
Auf die hohe Kante legen,8,8-11,sport,UIAA,Arnstein,Arnsteinhöhle Innen,Österreich Ost,,,Arnstein | Arnsteinhöhle Innen | Auf die hohe Kante legen,,to create
Rot vor Wut,7+,5-7,sport,UIAA,Arnstein,Arnsteinhöhle Innen,Österreich Ost,,,Arnstein | Arnsteinhöhle Innen | Rot vor Wut,,to create
Diagonalkante,8,8-11,sport,UIAA,Arnstein,Arnsteinhöhle Innen,Österreich Ost,,,Arnstein | Arnsteinhöhle Innen | Diagonalkante,,to create
Warmduscher Querung,5,5-7,sport,UIAA,Arnstein,Arnsteinhöhle Innen,Österreich Ost,,,Arnstein | Arnsteinhöhle Innen | Warmduscher Querung,,to create
NRG Embargo,9,8-11,sport,UIAA,Arnstein,Arnsteinhöhle Innen,Österreich Ost,,,Arnstein | Arnsteinhöhle Innen | NRG Embargo,,to create
Full Pull,9,8-11,sport,UIAA,Arnstein,Arnsteinhöhle Innen,Österreich Ost,,,Arnstein | Arnsteinhöhle Innen | Full Pull,,to create
Fragil Stabil,9-,8-11,sport,UIAA,Arnstein,Arnsteinhöhle Innen,Österreich Ost,,,Arnstein | Arnsteinhöhle Innen | Fragil Stabil,,to create
Füsse Runter,5a,Boulder,boulder,Font,Arnstein,Arnsteinhöhle Innen (Boulder),Österreich Ost,,,Arnstein | Arnsteinhöhle Innen (Boulder) | Füsse Runter,,to create
Everdry,6a,Boulder,boulder,Font,Arnstein,Arnsteinhöhle Innen (Boulder),Österreich Ost,,,Arnstein | Arnsteinhöhle Innen (Boulder) | Everdry,,to create
Blue in the Face,6c,Boulder,boulder,Font,Arnstein,Arnsteinhöhle Innen (Boulder),Österreich Ost,,,Arnstein | Arnsteinhöhle Innen (Boulder) | Blue in the Face,,to create
Hyäne,7a,Boulder,boulder,Font,Arnstein,Arnsteinhöhle Innen (Boulder),Österreich Ost,,,Arnstein | Arnsteinhöhle Innen (Boulder) | Hyäne,,to create
Sternenstaub,7,5-7,sport,UIAA,Arnstein,Tigerturm,Österreich Ost,,,Arnstein | Tigerturm | Sternenstaub,,to create
Supernova,7+,5-7,sport,UIAA,Arnstein,Tigerturm,Österreich Ost,,,Arnstein | Tigerturm | Supernova,,to create
Schwarzes Loch,8/8+,8-11,sport,UIAA,Arnstein,Tigerturm,Österreich Ost,,,Arnstein | Tigerturm | Schwarzes Loch,,to create
Kometenschweif,8-,8-11,sport,UIAA,Arnstein,Tigerturm,Österreich Ost,,,Arnstein | Tigerturm | Kometenschweif,,to create
Sternschnuppe,7-,5-7,sport,UIAA,Arnstein,Tigerturm,Österreich Ost,,,Arnstein | Tigerturm | Sternschnuppe,,to create
Tiger sind Gelenkig,6,5-7,sport,UIAA,Arnstein,Tigerturm,Österreich Ost,,,Arnstein | Tigerturm | Tiger sind Gelenkig,,to create
Tiger Schnapp zu,9-,8-11,sport,UIAA,Arnstein,Tigerturm,Österreich Ost,,,Arnstein | Tigerturm | Tiger Schnapp zu,,to create
Tiger Katzi-Tatzi,8,8-11,sport,UIAA,Arnstein,Tigerturm,Österreich Ost,,,Arnstein | Tigerturm | Tiger Katzi-Tatzi,,to create
Der Hangelnde Tiger,7+,5-7,sport,UIAA,Arnstein,Tigerturm,Österreich Ost,,,Arnstein | Tigerturm | Der Hangelnde Tiger,,to create
Tigerspalt,5+,5-7,sport,UIAA,Arnstein,Tigerturm,Österreich Ost,,,Arnstein | Tigerturm | Tigerspalt,,to create
Tigerkamin,3+,1-4,sport,UIAA,Arnstein,Tigerturm,Österreich Ost,,,Arnstein | Tigerturm | Tigerkamin,,to create
Westriss,6,5-7,sport,UIAA,Arnstein,Tigerturm,Österreich Ost,,,Arnstein | Tigerturm | Westriss,,to create
Tigernase,5+,5-7,sport,UIAA,Arnstein,Tigerturm,Österreich Ost,,,Arnstein | Tigerturm | Tigernase,,to create
Tigerkante,4+,1-4,sport,UIAA,Arnstein,Tigerturm,Österreich Ost,,,Arnstein | Tigerturm | Tigerkante,,to create
Tiger auf Streifgang,4+,1-4,sport,UIAA,Arnstein,Tigerturm,Österreich Ost,,,Arnstein | Tigerturm | Tiger auf Streifgang,,to create
Fragiler Tiger,5,5-7,sport,UIAA,Arnstein,Tigerturm,Österreich Ost,,,Arnstein | Tigerturm | Fragiler Tiger,,to create
Südwestkante,4,1-4,sport,UIAA,Arnstein,Tigerturm,Österreich Ost,,,Arnstein | Tigerturm | Südwestkante,,to create
Südwestriss (Tigerturm),3,1-4,sport,UIAA,Arnstein,Tigerturm,Österreich Ost,,,Arnstein | Tigerturm | Südwestriss (Tigerturm),,to create
Tigerbiss,6,5-7,sport,UIAA,Arnstein,Tigerturm,Österreich Ost,,,Arnstein | Tigerturm | Tigerbiss,,to create
Südwestkamin,3+,1-4,sport,UIAA,Arnstein,Tigerturm,Österreich Ost,,,Arnstein | Tigerturm | Südwestkamin,,to create
Tigerland,6+/7-,5-7,sport,UIAA,Arnstein,Tigerturm,Österreich Ost,,,Arnstein | Tigerturm | Tigerland,,to create
D(y)namischer Tiger,8-,8-11,sport,UIAA,Arnstein,Tigerturm,Österreich Ost,,,Arnstein | Tigerturm | D(y)namischer Tiger,,to create
Tigersprung,6+,5-7,sport,UIAA,Arnstein,Tigerturm,Österreich Ost,,,Arnstein | Tigerturm | Tigersprung,,to create
Alpine Meisterprüfung,5,5-7,sport,UIAA,Arnstein,Alpinwandl,Österreich Ost,,,Arnstein | Alpinwandl | Alpine Meisterprüfung,,to create
Alpine Aufnahmeprüfung,5+,5-7,sport,UIAA,Arnstein,Alpinwandl,Österreich Ost,,,Arnstein | Alpinwandl | Alpine Aufnahmeprüfung,,to create
Aussenseiterzwerg,5+,5-7,sport,UIAA,Arnstein,Alpinwandl,Österreich Ost,,,Arnstein | Alpinwandl | Aussenseiterzwerg,,to create
Giftzwerg,7+/8-,5-7,sport,UIAA,Arnstein,Alpinwandl,Österreich Ost,,,Arnstein | Alpinwandl | Giftzwerg,,to create
Zwergenaufstand,7/7+,5-7,sport,UIAA,Arnstein,Alpinwandl,Österreich Ost,,,Arnstein | Alpinwandl | Zwergenaufstand,,to create
Der 7-Zwerg von links/rechts,6+/7-,5-7,sport,UIAA,Arnstein,Alpinwandl,Österreich Ost,,,Arnstein | Alpinwandl | Der 7-Zwerg von links/rechts,,to create
Zwergenk(r)ampf,6,5-7,sport,UIAA,Arnstein,Alpinwandl,Österreich Ost,,,Arnstein | Alpinwandl | Zwergenk(r)ampf,,to create
Zwergenmarathon,6,5-7,sport,UIAA,Arnstein,Alpinwandl,Österreich Ost,,,Arnstein | Alpinwandl | Zwergenmarathon,,to create
Morgenfrust,4+,1-4,sport,UIAA,Arnstein,Kurze Liebe,Österreich Ost,,,Arnstein | Kurze Liebe | Morgenfrust,,to create
Kurze Liebe,6,5-7,sport,UIAA,Arnstein,Kurze Liebe,Österreich Ost,,,Arnstein | Kurze Liebe | Kurze Liebe,,to create
Heisse Nächte,4+,1-4,sport,UIAA,Arnstein,Kurze Liebe,Österreich Ost,,,Arnstein | Kurze Liebe | Heisse Nächte,,to create
Feenwald,7-,5-7,sport,UIAA,Arnstein,Feenturm,Österreich Ost,,,Arnstein | Feenturm | Feenwald,,to create
Die steile Fee,7/7+,5-7,sport,UIAA,Arnstein,Feenturm,Österreich Ost,,,Arnstein | Feenturm | Die steile Fee,,to create
Oh it's a Fee,7/7+,5-7,sport,UIAA,Arnstein,Feenturm,Österreich Ost,,,Arnstein | Feenturm | Oh it's a Fee,,to create
Bück dich Fee!,8,8-11,sport,UIAA,Arnstein,Feenturm,Österreich Ost,,,Arnstein | Feenturm | Bück dich Fee!,,to create
Die aufrechte Fee,5+,5-7,sport,UIAA,Arnstein,Feenturm,Österreich Ost,,,Arnstein | Feenturm | Die aufrechte Fee,,to create
Feentraverse,5b,Boulder,boulder,Font,Arnstein,Feenturm (Boulder),Österreich Ost,,,Arnstein | Feenturm (Boulder) | Feentraverse,,to create
