route,grade,grade_band,discipline,grade_system,area,wall,source,latitude,longitude,row_key,notion_page_id,status,coord_source
4einhalb,6b+,Boulder,boulder,Font,Bucklige Welt,Black Metal,Keltenkalk,47.65241,16.139402,Bucklige Welt | Black Metal | 4einhalb,,in Notion DB,outdooractive: Bucklige Welt / Black Metal Block (272950208)
Babymaus,5c,Boulder,boulder,Font,Bucklige Welt,Black Metal,Keltenkalk,47.65241,16.139402,Bucklige Welt | Black Metal | Babymaus,,in Notion DB,outdooractive: Bucklige Welt / Black Metal Block (272950208)
Black Metal,7a,Boulder,boulder,Font,Bucklige Welt,Black Metal,Keltenkalk,47.65241,16.139402,Bucklige Welt | Black Metal | Black Metal,,in Notion DB,outdooractive: Bucklige Welt / Black Metal Block (272950208)
Blut und Nieten,5b,Boulder,boulder,Font,Bucklige Welt,Black Metal,Keltenkalk,47.65241,16.139402,Bucklige Welt | Black Metal | Blut und Nieten,,in Notion DB,outdooractive: Bucklige Welt / Black Metal Block (272950208)
Bronx River Parkway,6c+,Boulder,boulder,Font,Bucklige Welt,Black Metal,Keltenkalk,47.65241,16.139402,Bucklige Welt | Black Metal | Bronx River Parkway,,in Notion DB,outdooractive: Bucklige Welt / Black Metal Block (272950208)
Cosmic Shop,7a+,Boulder,boulder,Font,Bucklige Welt,Black Metal,Keltenkalk,47.65241,16.139402,Bucklige Welt | Black Metal | Cosmic Shop,,in Notion DB,outdooractive: Bucklige Welt / Black Metal Block (272950208)
Coyote Ugly,6a,Boulder,boulder,Font,Bucklige Welt,Black Metal,Keltenkalk,47.65241,16.139402,Bucklige Welt | Black Metal | Coyote Ugly,,in Notion DB,outdooractive: Bucklige Welt / Black Metal Block (272950208)
Crush Mode,7b+,Boulder,boulder,Font,Bucklige Welt,Black Metal,Keltenkalk,47.65241,16.139402,Bucklige Welt | Black Metal | Crush Mode,,in Notion DB,outdooractive: Bucklige Welt / Black Metal Block (272950208)
Crushmode,7b+,Boulder,boulder,Font,Bucklige Welt,Black Metal,Keltenkalk,47.65241,16.139402,Bucklige Welt | Black Metal | Crushmode,,in Notion DB,outdooractive: Bucklige Welt / Black Metal Block (272950208)
Death of the Undertaker,6c,Boulder,boulder,Font,Bucklige Welt,Black Metal,Keltenkalk,47.65241,16.139402,Bucklige Welt | Black Metal | Death of the Undertaker,,in Notion DB,outdooractive: Bucklige Welt / Black Metal Block (272950208)
Doppelschneck,6a+,Boulder,boulder,Font,Bucklige Welt,Black Metal,Keltenkalk,47.65241,16.139402,Bucklige Welt | Black Metal | Doppelschneck,,in Notion DB,outdooractive: Bucklige Welt / Black Metal Block (272950208)
Dust,5a,Boulder,boulder,Font,Bucklige Welt,Black Metal,Keltenkalk,47.65241,16.139402,Bucklige Welt | Black Metal | Dust,,in Notion DB,outdooractive: Bucklige Welt / Black Metal Block (272950208)
Gejagter Jäger,7c,Boulder,boulder,Font,Bucklige Welt,Black Metal,Keltenkalk,47.65241,16.139402,Bucklige Welt | Black Metal | Gejagter Jäger,,in Notion DB,outdooractive: Bucklige Welt / Black Metal Block (272950208)
Gipfelstürmer,4c,Boulder,boulder,Font,Bucklige Welt,Black Metal,Keltenkalk,47.65241,16.139402,Bucklige Welt | Black Metal | Gipfelstürmer,,in Notion DB,outdooractive: Bucklige Welt / Black Metal Block (272950208)
Hasibär,5b,Boulder,boulder,Font,Bucklige Welt,Black Metal,Keltenkalk,47.65241,16.139402,Bucklige Welt | Black Metal | Hasibär,,in Notion DB,outdooractive: Bucklige Welt / Black Metal Block (272950208)
Holy Bastard,7a+,Boulder,boulder,Font,Bucklige Welt,Black Metal,Keltenkalk,47.65241,16.139402,Bucklige Welt | Black Metal | Holy Bastard,,in Notion DB,outdooractive: Bucklige Welt / Black Metal Block (272950208)
Kum Oida Press,6c,Boulder,boulder,Font,Bucklige Welt,Black Metal,Keltenkalk,47.65241,16.139402,Bucklige Welt | Black Metal | Kum Oida Press,,in Notion DB,outdooractive: Bucklige Welt / Black Metal Block (272950208)
Lustwandel,6b,Boulder,boulder,Font,Bucklige Welt,Black Metal,Keltenkalk,47.65241,16.139402,Bucklige Welt | Black Metal | Lustwandel,,in Notion DB,outdooractive: Bucklige Welt / Black Metal Block (272950208)
Mei Tante is a Kante,7a+,Boulder,boulder,Font,Bucklige Welt,Black Metal,Keltenkalk,47.65241,16.139402,Bucklige Welt | Black Metal | Mei Tante is a Kante,,in Notion DB,outdooractive: Bucklige Welt / Black Metal Block (272950208)
Metal Battle,8a,Boulder,boulder,Font,Bucklige Welt,Black Metal,Keltenkalk,47.65241,16.139402,Bucklige Welt | Black Metal | Metal Battle,,in Notion DB,outdooractive: Bucklige Welt / Black Metal Block (272950208)
Möbius,5a,Boulder,boulder,Font,Bucklige Welt,Black Metal,Keltenkalk,47.65241,16.139402,Bucklige Welt | Black Metal | Möbius,,in Notion DB,outdooractive: Bucklige Welt / Black Metal Block (272950208)
Nein,5a,Boulder,boulder,Font,Bucklige Welt,Black Metal,Keltenkalk,47.65241,16.139402,Bucklige Welt | Black Metal | Nein,,in Notion DB,outdooractive: Bucklige Welt / Black Metal Block (272950208)
No Fun,5c,Boulder,boulder,Font,Bucklige Welt,Black Metal,Keltenkalk,47.65241,16.139402,Bucklige Welt | Black Metal | No Fun,,in Notion DB,outdooractive: Bucklige Welt / Black Metal Block (272950208)
Out of the Staub,7a,Boulder,boulder,Font,Bucklige Welt,Black Metal,Keltenkalk,47.65241,16.139402,Bucklige Welt | Black Metal | Out of the Staub,,in Notion DB,outdooractive: Bucklige Welt / Black Metal Block (272950208)
Schattenwelt,5b,Boulder,boulder,Font,Bucklige Welt,Black Metal,Keltenkalk,47.65241,16.139402,Bucklige Welt | Black Metal | Schattenwelt,,in Notion DB,outdooractive: Bucklige Welt / Black Metal Block (272950208)
Sharp Bulls Eye,6a+,Boulder,boulder,Font,Bucklige Welt,Black Metal,Keltenkalk,47.65241,16.139402,Bucklige Welt | Black Metal | Sharp Bulls Eye,,in Notion DB,outdooractive: Bucklige Welt / Black Metal Block (272950208)
Soft Bulls Eye,5c,Boulder,boulder,Font,Bucklige Welt,Black Metal,Keltenkalk,47.65241,16.139402,Bucklige Welt | Black Metal | Soft Bulls Eye,,in Notion DB,outdooractive: Bucklige Welt / Black Metal Block (272950208)
Sweet Meat,6b,Boulder,boulder,Font,Bucklige Welt,Black Metal,Keltenkalk,47.65241,16.139402,Bucklige Welt | Black Metal | Sweet Meat,,in Notion DB,outdooractive: Bucklige Welt / Black Metal Block (272950208)
The Green Machine,7a+,Boulder,boulder,Font,Bucklige Welt,Black Metal,Keltenkalk,47.65241,16.139402,Bucklige Welt | Black Metal | The Green Machine,,in Notion DB,outdooractive: Bucklige Welt / Black Metal Block (272950208)
Willi End,5a,Boulder,boulder,Font,Bucklige Welt,Black Metal,Keltenkalk,47.65241,16.139402,Bucklige Welt | Black Metal | Willi End,,in Notion DB,outdooractive: Bucklige Welt / Black Metal Block (272950208)
Woozle Goozle,7b+,Boulder,boulder,Font,Bucklige Welt,Black Metal,Keltenkalk,47.65241,16.139402,Bucklige Welt | Black Metal | Woozle Goozle,,in Notion DB,outdooractive: Bucklige Welt / Black Metal Block (272950208)
Zorn,6b+,Boulder,boulder,Font,Bucklige Welt,Black Metal,Keltenkalk,47.65241,16.139402,Bucklige Welt | Black Metal | Zorn,,in Notion DB,outdooractive: Bucklige Welt / Black Metal Block (272950208)
Altriss,4,1-4,sport,UIAA,Bucklige Welt,Gretlwandl,Keltenkalk,47.651395,16.133521,Bucklige Welt | Gretlwandl | Altriss,,in Notion DB,master xlsx (pre-existing)
Bauchweh,5+,5-7,sport,UIAA,Bucklige Welt,Gretlwandl,Keltenkalk,47.651395,16.133521,Bucklige Welt | Gretlwandl | Bauchweh,,in Notion DB,master xlsx (pre-existing)
Dämon,7-,5-7,sport,UIAA,Bucklige Welt,Gretlwandl,Keltenkalk,47.651395,16.133521,Bucklige Welt | Gretlwandl | Dämon,,in Notion DB,master xlsx (pre-existing)
Frisch Saftig Steirisch,7,5-7,sport,UIAA,Bucklige Welt,Gretlwandl,Keltenkalk,47.651395,16.133521,Bucklige Welt | Gretlwandl | Frisch Saftig Steirisch,,in Notion DB,master xlsx (pre-existing)
Gretchencrack,5+,5-7,sport,UIAA,Bucklige Welt,Gretlwandl,Keltenkalk,47.651395,16.133521,Bucklige Welt | Gretlwandl | Gretchencrack,,in Notion DB,master xlsx (pre-existing)
Herbsthorst,7-,5-7,sport,UIAA,Bucklige Welt,Gretlwandl,Keltenkalk,47.651395,16.133521,Bucklige Welt | Gretlwandl | Herbsthorst,,in Notion DB,master xlsx (pre-existing)
Jungle Rot,7-,5-7,sport,UIAA,Bucklige Welt,Gretlwandl,Keltenkalk,47.651395,16.133521,Bucklige Welt | Gretlwandl | Jungle Rot,,in Notion DB,master xlsx (pre-existing)
Opyros,7+,5-7,sport,UIAA,Bucklige Welt,Gretlwandl,Keltenkalk,47.651395,16.133521,Bucklige Welt | Gretlwandl | Opyros,,in Notion DB,master xlsx (pre-existing)
Orlok,7+,5-7,sport,UIAA,Bucklige Welt,Gretlwandl,Keltenkalk,47.651395,16.133521,Bucklige Welt | Gretlwandl | Orlok,,in Notion DB,master xlsx (pre-existing)
Rasluka,6+,5-7,sport,UIAA,Bucklige Welt,Gretlwandl,Keltenkalk,47.651395,16.133521,Bucklige Welt | Gretlwandl | Rasluka,,in Notion DB,master xlsx (pre-existing)
Rote Schlaufe,7+,5-7,sport,UIAA,Bucklige Welt,Gretlwandl,Keltenkalk,47.651395,16.133521,Bucklige Welt | Gretlwandl | Rote Schlaufe,,in Notion DB,master xlsx (pre-existing)
Runenzauber,7-,5-7,sport,UIAA,Bucklige Welt,Gretlwandl,Keltenkalk,47.651395,16.133521,Bucklige Welt | Gretlwandl | Runenzauber,,in Notion DB,master xlsx (pre-existing)
So wie Freunde sind,7,5-7,sport,UIAA,Bucklige Welt,Gretlwandl,Keltenkalk,47.651395,16.133521,Bucklige Welt | Gretlwandl | So wie Freunde sind,,in Notion DB,master xlsx (pre-existing)
Svart,7,5-7,sport,UIAA,Bucklige Welt,Gretlwandl,Keltenkalk,47.651395,16.133521,Bucklige Welt | Gretlwandl | Svart,,in Notion DB,master xlsx (pre-existing)
Triaskalk,7,5-7,sport,UIAA,Bucklige Welt,Gretlwandl,Keltenkalk,47.651395,16.133521,Bucklige Welt | Gretlwandl | Triaskalk,,in Notion DB,master xlsx (pre-existing)
Boten des Todes,7-,5-7,sport,UIAA,Bucklige Welt,Grimmwand,Keltenkalk,47.65307,16.133806,Bucklige Welt | Grimmwand | Boten des Todes,,in Notion DB,master xlsx (pre-existing)
Das kluge Gretl,4-,1-4,sport,UIAA,Bucklige Welt,Grimmwand,Keltenkalk,47.65307,16.133806,Bucklige Welt | Grimmwand | Das kluge Gretl,,in Notion DB,master xlsx (pre-existing)
Der Hase und der Igel,6,5-7,sport,UIAA,Bucklige Welt,Grimmwand,Keltenkalk,47.65307,16.133806,Bucklige Welt | Grimmwand | Der Hase und der Igel,,in Notion DB,master xlsx (pre-existing)
Der alte Sultan,4+,1-4,sport,UIAA,Bucklige Welt,Grimmwand,Keltenkalk,47.65307,16.133806,Bucklige Welt | Grimmwand | Der alte Sultan,,in Notion DB,master xlsx (pre-existing)
Der singende Knochen,4+,1-4,sport,UIAA,Bucklige Welt,Grimmwand,Keltenkalk,47.65307,16.133806,Bucklige Welt | Grimmwand | Der singende Knochen,,in Notion DB,master xlsx (pre-existing)
Die 12 Brüder,5+,5-7,sport,UIAA,Bucklige Welt,Grimmwand,Keltenkalk,47.65307,16.133806,Bucklige Welt | Grimmwand | Die 12 Brüder,,in Notion DB,master xlsx (pre-existing)
Die 7 Raben,4,1-4,sport,UIAA,Bucklige Welt,Grimmwand,Keltenkalk,47.65307,16.133806,Bucklige Welt | Grimmwand | Die 7 Raben,,in Notion DB,master xlsx (pre-existing)
Die Alte im Wald,4-,1-4,sport,UIAA,Bucklige Welt,Grimmwand,Keltenkalk,47.65307,16.133806,Bucklige Welt | Grimmwand | Die Alte im Wald,,in Notion DB,master xlsx (pre-existing)
Die weisse Schlange,5+,5-7,sport,UIAA,Bucklige Welt,Grimmwand,Keltenkalk,47.65307,16.133806,Bucklige Welt | Grimmwand | Die weisse Schlange,,in Notion DB,master xlsx (pre-existing)
Dreschflegel,5-,5-7,sport,UIAA,Bucklige Welt,Grimmwand,Keltenkalk,47.65307,16.133806,Bucklige Welt | Grimmwand | Dreschflegel,,in Notion DB,master xlsx (pre-existing)
Eisenhans,6,5-7,sport,UIAA,Bucklige Welt,Grimmwand,Keltenkalk,47.65307,16.133806,Bucklige Welt | Grimmwand | Eisenhans,,in Notion DB,master xlsx (pre-existing)
Eisenofen,6+,5-7,sport,UIAA,Bucklige Welt,Grimmwand,Keltenkalk,47.65307,16.133806,Bucklige Welt | Grimmwand | Eisenofen,,in Notion DB,master xlsx (pre-existing)
Eiserner Heinrich,5+,5-7,sport,UIAA,Bucklige Welt,Grimmwand,Keltenkalk,47.65307,16.133806,Bucklige Welt | Grimmwand | Eiserner Heinrich,,in Notion DB,master xlsx (pre-existing)
Gevatter Tod,6-,5-7,sport,UIAA,Bucklige Welt,Grimmwand,Keltenkalk,47.65307,16.133806,Bucklige Welt | Grimmwand | Gevatter Tod,,in Notion DB,master xlsx (pre-existing)
Goldesel,7,5-7,sport,UIAA,Bucklige Welt,Grimmwand,Keltenkalk,47.65307,16.133806,Bucklige Welt | Grimmwand | Goldesel,,in Notion DB,master xlsx (pre-existing)
Goldesel Direkt,7+,5-7,sport,UIAA,Bucklige Welt,Grimmwand,Keltenkalk,47.65307,16.133806,Bucklige Welt | Grimmwand | Goldesel Direkt,,in Notion DB,master xlsx (pre-existing)
Hans im Glück,4,1-4,sport,UIAA,Bucklige Welt,Grimmwand,Keltenkalk,47.65307,16.133806,Bucklige Welt | Grimmwand | Hans im Glück,,in Notion DB,master xlsx (pre-existing)
Knüppel aus dem Sack,6+,5-7,sport,UIAA,Bucklige Welt,Grimmwand,Keltenkalk,47.65307,16.133806,Bucklige Welt | Grimmwand | Knüppel aus dem Sack,,in Notion DB,master xlsx (pre-existing)
Krautesel,6,5-7,sport,UIAA,Bucklige Welt,Grimmwand,Keltenkalk,47.65307,16.133806,Bucklige Welt | Grimmwand | Krautesel,,in Notion DB,master xlsx (pre-existing)
Kristallkugel,6+,5-7,sport,UIAA,Bucklige Welt,Grimmwand,Keltenkalk,47.65307,16.133806,Bucklige Welt | Grimmwand | Kristallkugel,,in Notion DB,master xlsx (pre-existing)
Lumpengesindel,6-,5-7,sport,UIAA,Bucklige Welt,Grimmwand,Keltenkalk,47.65307,16.133806,Bucklige Welt | Grimmwand | Lumpengesindel,,in Notion DB,master xlsx (pre-existing)
Piazeinstieg,5-,5-7,sport,UIAA,Bucklige Welt,Grimmwand,Keltenkalk,47.65307,16.133806,Bucklige Welt | Grimmwand | Piazeinstieg,,in Notion DB,master xlsx (pre-existing)
Prinzessin Mäusehaut,6,5-7,sport,UIAA,Bucklige Welt,Grimmwand,Keltenkalk,47.65307,16.133806,Bucklige Welt | Grimmwand | Prinzessin Mäusehaut,,in Notion DB,master xlsx (pre-existing)
Treuer Johannes,6+,5-7,sport,UIAA,Bucklige Welt,Grimmwand,Keltenkalk,47.65307,16.133806,Bucklige Welt | Grimmwand | Treuer Johannes,,in Notion DB,master xlsx (pre-existing)
Wichtelmänner,6-,5-7,sport,UIAA,Bucklige Welt,Grimmwand,Keltenkalk,47.65307,16.133806,Bucklige Welt | Grimmwand | Wichtelmänner,,in Notion DB,master xlsx (pre-existing)
6meup,6-,5-7,sport,UIAA,Bucklige Welt,Scheiblingkirchner Wandl,Keltenkalk,47.660037,16.138196,Bucklige Welt | Scheiblingkirchner Wandl | 6meup,,in Notion DB,master xlsx (pre-existing)
Alles Porno,9+,8-11,sport,UIAA,Bucklige Welt,Scheiblingkirchner Wandl,Keltenkalk,47.660037,16.138196,Bucklige Welt | Scheiblingkirchner Wandl | Alles Porno,,in Notion DB,master xlsx (pre-existing)
Dagfin,8-,8-11,sport,UIAA,Bucklige Welt,Scheiblingkirchner Wandl,Keltenkalk,47.660037,16.138196,Bucklige Welt | Scheiblingkirchner Wandl | Dagfin,,in Notion DB,master xlsx (pre-existing)
Herbstleyd,5-,5-7,sport,UIAA,Bucklige Welt,Scheiblingkirchner Wandl,Keltenkalk,47.660037,16.138196,Bucklige Welt | Scheiblingkirchner Wandl | Herbstleyd,,in Notion DB,master xlsx (pre-existing)
Im Trend der Zeit,6+,5-7,sport,UIAA,Bucklige Welt,Scheiblingkirchner Wandl,Keltenkalk,47.660037,16.138196,Bucklige Welt | Scheiblingkirchner Wandl | Im Trend der Zeit,,in Notion DB,master xlsx (pre-existing)
Isili,8-,8-11,sport,UIAA,Bucklige Welt,Scheiblingkirchner Wandl,Keltenkalk,47.660037,16.138196,Bucklige Welt | Scheiblingkirchner Wandl | Isili,,in Notion DB,master xlsx (pre-existing)
Judas Iscariot,8+,8-11,sport,UIAA,Bucklige Welt,Scheiblingkirchner Wandl,Keltenkalk,47.660037,16.138196,Bucklige Welt | Scheiblingkirchner Wandl | Judas Iscariot,,in Notion DB,master xlsx (pre-existing)
Letzte Ausfahrt Dagfin,10-,8-11,sport,UIAA,Bucklige Welt,Scheiblingkirchner Wandl,Keltenkalk,47.660037,16.138196,Bucklige Welt | Scheiblingkirchner Wandl | Letzte Ausfahrt Dagfin,,in Notion DB,master xlsx (pre-existing)
Mayhem,6,5-7,sport,UIAA,Bucklige Welt,Scheiblingkirchner Wandl,Keltenkalk,47.660037,16.138196,Bucklige Welt | Scheiblingkirchner Wandl | Mayhem,,in Notion DB,master xlsx (pre-existing)
Merlins Crack,7+,5-7,sport,UIAA,Bucklige Welt,Scheiblingkirchner Wandl,Keltenkalk,47.660037,16.138196,Bucklige Welt | Scheiblingkirchner Wandl | Merlins Crack,,in Notion DB,master xlsx (pre-existing)
Midian,8+,8-11,sport,UIAA,Bucklige Welt,Scheiblingkirchner Wandl,Keltenkalk,47.660037,16.138196,Bucklige Welt | Scheiblingkirchner Wandl | Midian,,in Notion DB,master xlsx (pre-existing)
Midian Direkt,9,8-11,sport,UIAA,Bucklige Welt,Scheiblingkirchner Wandl,Keltenkalk,47.660037,16.138196,Bucklige Welt | Scheiblingkirchner Wandl | Midian Direkt,,in Notion DB,master xlsx (pre-existing)
Moonfog,7+,5-7,sport,UIAA,Bucklige Welt,Scheiblingkirchner Wandl,Keltenkalk,47.660037,16.138196,Bucklige Welt | Scheiblingkirchner Wandl | Moonfog,,in Notion DB,master xlsx (pre-existing)
Panzerdivision,8,8-11,sport,UIAA,Bucklige Welt,Scheiblingkirchner Wandl,Keltenkalk,47.660037,16.138196,Bucklige Welt | Scheiblingkirchner Wandl | Panzerdivision,,in Notion DB,master xlsx (pre-existing)
Paraplui,7,5-7,sport,UIAA,Bucklige Welt,Scheiblingkirchner Wandl,Keltenkalk,47.660037,16.138196,Bucklige Welt | Scheiblingkirchner Wandl | Paraplui,,in Notion DB,master xlsx (pre-existing)
Pfeift,8-,8-11,sport,UIAA,Bucklige Welt,Scheiblingkirchner Wandl,Keltenkalk,47.660037,16.138196,Bucklige Welt | Scheiblingkirchner Wandl | Pfeift,,in Notion DB,master xlsx (pre-existing)
Quintessence,8-,8-11,sport,UIAA,Bucklige Welt,Scheiblingkirchner Wandl,Keltenkalk,47.660037,16.138196,Bucklige Welt | Scheiblingkirchner Wandl | Quintessence,,in Notion DB,master xlsx (pre-existing)
Thors Wohnsitz,8-,8-11,sport,UIAA,Bucklige Welt,Scheiblingkirchner Wandl,Keltenkalk,47.660037,16.138196,Bucklige Welt | Scheiblingkirchner Wandl | Thors Wohnsitz,,in Notion DB,master xlsx (pre-existing)
Tod durch Pentagramm,7,5-7,sport,UIAA,Bucklige Welt,Scheiblingkirchner Wandl,Keltenkalk,47.660037,16.138196,Bucklige Welt | Scheiblingkirchner Wandl | Tod durch Pentagramm,,in Notion DB,master xlsx (pre-existing)
Wabenkante,5-,5-7,sport,UIAA,Bucklige Welt,Scheiblingkirchner Wandl,Keltenkalk,47.660037,16.138196,Bucklige Welt | Scheiblingkirchner Wandl | Wabenkante,,in Notion DB,master xlsx (pre-existing)
Wadi Rum,7+,5-7,sport,UIAA,Bucklige Welt,Scheiblingkirchner Wandl,Keltenkalk,47.660037,16.138196,Bucklige Welt | Scheiblingkirchner Wandl | Wadi Rum,,in Notion DB,master xlsx (pre-existing)
Darwin,8a,Boulder,boulder,Font,Bucklige Welt,Scheiblingkirchner Wandl (boulders),Keltenkalk,47.660037,16.138196,Bucklige Welt | Scheiblingkirchner Wandl (boulders) | Darwin,,in Notion DB,master xlsx (pre-existing)
Descent of Men,5b,Boulder,boulder,Font,Bucklige Welt,Scheiblingkirchner Wandl (boulders),Keltenkalk,47.660037,16.138196,Bucklige Welt | Scheiblingkirchner Wandl (boulders) | Descent of Men,,in Notion DB,master xlsx (pre-existing)
Eye of the Hurricane,7a+,Boulder,boulder,Font,Bucklige Welt,Scheiblingkirchner Wandl (boulders),Keltenkalk,47.660037,16.138196,Bucklige Welt | Scheiblingkirchner Wandl (boulders) | Eye of the Hurricane,,in Notion DB,master xlsx (pre-existing)
Fette Qualle,6c,Boulder,boulder,Font,Bucklige Welt,Scheiblingkirchner Wandl (boulders),Keltenkalk,47.660037,16.138196,Bucklige Welt | Scheiblingkirchner Wandl (boulders) | Fette Qualle,,in Notion DB,master xlsx (pre-existing)
Handlertraverse,6a,Boulder,boulder,Font,Bucklige Welt,Scheiblingkirchner Wandl (boulders),Keltenkalk,47.660037,16.138196,Bucklige Welt | Scheiblingkirchner Wandl (boulders) | Handlertraverse,,in Notion DB,master xlsx (pre-existing)
Hui Luft und Ziag,6c,Boulder,boulder,Font,Bucklige Welt,Scheiblingkirchner Wandl (boulders),Keltenkalk,47.660037,16.138196,Bucklige Welt | Scheiblingkirchner Wandl (boulders) | Hui Luft und Ziag,,in Notion DB,master xlsx (pre-existing)
In Schutt und Asche,7a,Boulder,boulder,Font,Bucklige Welt,Scheiblingkirchner Wandl (boulders),Keltenkalk,47.660037,16.138196,Bucklige Welt | Scheiblingkirchner Wandl (boulders) | In Schutt und Asche,,in Notion DB,master xlsx (pre-existing)
Aller Anfang ist Schwer,6a,Boulder,boulder,Font,Kaltenleutgebner Tal,Höllenstein,Keltenkalk,48.096515,16.184047,Kaltenleutgebner Tal | Höllenstein | Aller Anfang ist Schwer,,in Notion DB,master xlsx (pre-existing)
Fanatics,6a,Boulder,boulder,Font,Kaltenleutgebner Tal,Höllenstein,Keltenkalk,48.096515,16.184047,Kaltenleutgebner Tal | Höllenstein | Fanatics,,in Notion DB,master xlsx (pre-existing)
Holter di Boulder,8+,8-11,sport,UIAA,Kaltenleutgebner Tal,Höllenstein,Keltenkalk,48.096515,16.184047,Kaltenleutgebner Tal | Höllenstein | Holter di Boulder,,in Notion DB,master xlsx (pre-existing)
Hänsel,4,1-4,sport,UIAA,Kaltenleutgebner Tal,Höllenstein,Keltenkalk,48.096515,16.184047,Kaltenleutgebner Tal | Höllenstein | Hänsel,,in Notion DB,master xlsx (pre-existing)
Höllengeist,6+,5-7,sport,UIAA,Kaltenleutgebner Tal,Höllenstein,Keltenkalk,48.096515,16.184047,Kaltenleutgebner Tal | Höllenstein | Höllengeist,,in Notion DB,master xlsx (pre-existing)
Karinweg,6-,5-7,sport,UIAA,Kaltenleutgebner Tal,Höllenstein,Keltenkalk,48.096515,16.184047,Kaltenleutgebner Tal | Höllenstein | Karinweg,,in Notion DB,master xlsx (pre-existing)
Karl Riss,7-,5-7,sport,UIAA,Kaltenleutgebner Tal,Höllenstein,Keltenkalk,48.096515,16.184047,Kaltenleutgebner Tal | Höllenstein | Karl Riss,,in Notion DB,master xlsx (pre-existing)
Lochgeist,6+/7-,5-7,sport,UIAA,Kaltenleutgebner Tal,Höllenstein,Keltenkalk,48.096515,16.184047,Kaltenleutgebner Tal | Höllenstein | Lochgeist,,in Notion DB,master xlsx (pre-existing)
Nordwestkante,5-,5-7,sport,UIAA,Kaltenleutgebner Tal,Höllenstein,Keltenkalk,48.096515,16.184047,Kaltenleutgebner Tal | Höllenstein | Nordwestkante,,in Notion DB,master xlsx (pre-existing)
Oh Teufel,7,5-7,sport,UIAA,Kaltenleutgebner Tal,Höllenstein,Keltenkalk,48.096515,16.184047,Kaltenleutgebner Tal | Höllenstein | Oh Teufel,,in Notion DB,master xlsx (pre-existing)
Quergang,5b,Boulder,boulder,Font,Kaltenleutgebner Tal,Höllenstein,Keltenkalk,48.096515,16.184047,Kaltenleutgebner Tal | Höllenstein | Quergang,,in Notion DB,master xlsx (pre-existing)
Südkante,5+,5-7,sport,UIAA,Kaltenleutgebner Tal,Höllenstein,Keltenkalk,48.096515,16.184047,Kaltenleutgebner Tal | Höllenstein | Südkante,,in Notion DB,master xlsx (pre-existing)
Südriss,3,1-4,sport,UIAA,Kaltenleutgebner Tal,Höllenstein,Keltenkalk,48.096515,16.184047,Kaltenleutgebner Tal | Höllenstein | Südriss,,in Notion DB,master xlsx (pre-existing)
Warmer Teufel,8-,8-11,sport,UIAA,Kaltenleutgebner Tal,Höllenstein,Keltenkalk,48.096515,16.184047,Kaltenleutgebner Tal | Höllenstein | Warmer Teufel,,in Notion DB,master xlsx (pre-existing)
Bärenfalle,6,5-7,sport,UIAA,Kaltenleutgebner Tal,Jungkunststein,Keltenkalk,48.109702,16.204405,Kaltenleutgebner Tal | Jungkunststein | Bärenfalle,,in Notion DB,master xlsx (pre-existing)
Die Junge Bärin,3-,1-4,sport,UIAA,Kaltenleutgebner Tal,Jungkunststein,Keltenkalk,48.109702,16.204405,Kaltenleutgebner Tal | Jungkunststein | Die Junge Bärin,,in Notion DB,master xlsx (pre-existing)
Direkte Nord,5,5-7,sport,UIAA,Kaltenleutgebner Tal,Jungkunststein,Keltenkalk,48.109702,16.204405,Kaltenleutgebner Tal | Jungkunststein | Direkte Nord,,in Notion DB,master xlsx (pre-existing)
Eierbär,5a,Boulder,boulder,Font,Kaltenleutgebner Tal,Jungkunststein,Keltenkalk,48.109702,16.204405,Kaltenleutgebner Tal | Jungkunststein | Eierbär,,in Notion DB,master xlsx (pre-existing)
Försterweg,4,1-4,sport,UIAA,Kaltenleutgebner Tal,Jungkunststein,Keltenkalk,48.109702,16.204405,Kaltenleutgebner Tal | Jungkunststein | Försterweg,,in Notion DB,master xlsx (pre-existing)
Grosser Bär,6,5-7,sport,UIAA,Kaltenleutgebner Tal,Jungkunststein,Keltenkalk,48.109702,16.204405,Kaltenleutgebner Tal | Jungkunststein | Grosser Bär,,in Notion DB,master xlsx (pre-existing)
Hacki Bär,3-,1-4,sport,UIAA,Kaltenleutgebner Tal,Jungkunststein,Keltenkalk,48.109702,16.204405,Kaltenleutgebner Tal | Jungkunststein | Hacki Bär,,in Notion DB,master xlsx (pre-existing)
Meister Petz,5,5-7,sport,UIAA,Kaltenleutgebner Tal,Jungkunststein,Keltenkalk,48.109702,16.204405,Kaltenleutgebner Tal | Jungkunststein | Meister Petz,,in Notion DB,master xlsx (pre-existing)
Nordwandriss,5-,5-7,sport,UIAA,Kaltenleutgebner Tal,Jungkunststein,Keltenkalk,48.109702,16.204405,Kaltenleutgebner Tal | Jungkunststein | Nordwandriss,,in Notion DB,master xlsx (pre-existing)
Problembär,6+,5-7,sport,UIAA,Kaltenleutgebner Tal,Jungkunststein,Keltenkalk,48.109702,16.204405,Kaltenleutgebner Tal | Jungkunststein | Problembär,,in Notion DB,master xlsx (pre-existing)
Tanzbär,6,5-7,sport,UIAA,Kaltenleutgebner Tal,Jungkunststein,Keltenkalk,48.109702,16.204405,Kaltenleutgebner Tal | Jungkunststein | Tanzbär,,in Notion DB,master xlsx (pre-existing)
Verquerer Bär,2,1-4,sport,UIAA,Kaltenleutgebner Tal,Jungkunststein,Keltenkalk,48.109702,16.204405,Kaltenleutgebner Tal | Jungkunststein | Verquerer Bär,,in Notion DB,master xlsx (pre-existing)
Zottelbär,4-,1-4,sport,UIAA,Kaltenleutgebner Tal,Jungkunststein,Keltenkalk,48.109702,16.204405,Kaltenleutgebner Tal | Jungkunststein | Zottelbär,,in Notion DB,master xlsx (pre-existing)
Höhlenbär,4+,1-4,sport,UIAA,Kaltenleutgebner Tal,Kalksburger Grat,Keltenkalk,48.140476,16.243628,Kaltenleutgebner Tal | Kalksburger Grat | Höhlenbär,,in Notion DB,OSM exact: Kalksburger Grat
Kante,4,1-4,sport,UIAA,Kaltenleutgebner Tal,Kalksburger Grat,Keltenkalk,48.140476,16.243628,Kaltenleutgebner Tal | Kalksburger Grat | Kante,,in Notion DB,OSM exact: Kalksburger Grat
Pfeiler,5-,5-7,sport,UIAA,Kaltenleutgebner Tal,Kalksburger Grat,Keltenkalk,48.140476,16.243628,Kaltenleutgebner Tal | Kalksburger Grat | Pfeiler,,in Notion DB,OSM exact: Kalksburger Grat
Rechte Flanke,2,1-4,sport,UIAA,Kaltenleutgebner Tal,Kalksburger Grat,Keltenkalk,48.140476,16.243628,Kaltenleutgebner Tal | Kalksburger Grat | Rechte Flanke,,in Notion DB,OSM exact: Kalksburger Grat
Riss,3,1-4,sport,UIAA,Kaltenleutgebner Tal,Kalksburger Grat,Keltenkalk,48.140476,16.243628,Kaltenleutgebner Tal | Kalksburger Grat | Riss,,in Notion DB,OSM exact: Kalksburger Grat
Verschneidung,2+,1-4,sport,UIAA,Kaltenleutgebner Tal,Kalksburger Grat,Keltenkalk,48.140476,16.243628,Kaltenleutgebner Tal | Kalksburger Grat | Verschneidung,,in Notion DB,OSM exact: Kalksburger Grat
Aller Anfang ist Schwer,7-,5-7,sport,UIAA,Kaltenleutgebner Tal,Kaltenleutgebner Grat,Keltenkalk,48.116353,16.213972,Kaltenleutgebner Tal | Kaltenleutgebner Grat | Aller Anfang ist Schwer,,in Notion DB,master xlsx (pre-existing)
Annyplatte,4-,1-4,sport,UIAA,Kaltenleutgebner Tal,Kaltenleutgebner Grat,Keltenkalk,48.116353,16.213972,Kaltenleutgebner Tal | Kaltenleutgebner Grat | Annyplatte,,in Notion DB,master xlsx (pre-existing)
Der Untergriff,3+,1-4,sport,UIAA,Kaltenleutgebner Tal,Kaltenleutgebner Grat,Keltenkalk,48.116353,16.213972,Kaltenleutgebner Tal | Kaltenleutgebner Grat | Der Untergriff,,in Notion DB,master xlsx (pre-existing)
Direkter Sombrero,6+,5-7,sport,UIAA,Kaltenleutgebner Tal,Kaltenleutgebner Grat,Keltenkalk,48.116353,16.213972,Kaltenleutgebner Tal | Kaltenleutgebner Grat | Direkter Sombrero,,in Notion DB,master xlsx (pre-existing)
Ecuador,7-,5-7,sport,UIAA,Kaltenleutgebner Tal,Kaltenleutgebner Grat,Keltenkalk,48.116353,16.213972,Kaltenleutgebner Tal | Kaltenleutgebner Grat | Ecuador,,in Notion DB,master xlsx (pre-existing)
Gipfelstürmer,4+,1-4,sport,UIAA,Kaltenleutgebner Tal,Kaltenleutgebner Grat,Keltenkalk,48.116353,16.213972,Kaltenleutgebner Tal | Kaltenleutgebner Grat | Gipfelstürmer,,in Notion DB,master xlsx (pre-existing)
Gratüberschreitung,2,1-4,sport,UIAA,Kaltenleutgebner Tal,Kaltenleutgebner Grat,Keltenkalk,48.116353,16.213972,Kaltenleutgebner Tal | Kaltenleutgebner Grat | Gratüberschreitung,,in Notion DB,master xlsx (pre-existing)
Hess Riss,4+,1-4,sport,UIAA,Kaltenleutgebner Tal,Kaltenleutgebner Grat,Keltenkalk,48.116353,16.213972,Kaltenleutgebner Tal | Kaltenleutgebner Grat | Hess Riss,,in Notion DB,master xlsx (pre-existing)
Kuhschelle,6+,5-7,sport,UIAA,Kaltenleutgebner Tal,Kaltenleutgebner Grat,Keltenkalk,48.116353,16.213972,Kaltenleutgebner Tal | Kaltenleutgebner Grat | Kuhschelle,,in Notion DB,master xlsx (pre-existing)
Norbertsteig,7,5-7,sport,UIAA,Kaltenleutgebner Tal,Kaltenleutgebner Grat,Keltenkalk,48.116353,16.213972,Kaltenleutgebner Tal | Kaltenleutgebner Grat | Norbertsteig,,in Notion DB,master xlsx (pre-existing)
Potz Blitz,7+/8-,5-7,sport,UIAA,Kaltenleutgebner Tal,Kaltenleutgebner Grat,Keltenkalk,48.116353,16.213972,Kaltenleutgebner Tal | Kaltenleutgebner Grat | Potz Blitz,,in Notion DB,master xlsx (pre-existing)
Rampe,3+,1-4,sport,UIAA,Kaltenleutgebner Tal,Kaltenleutgebner Grat,Keltenkalk,48.116353,16.213972,Kaltenleutgebner Tal | Kaltenleutgebner Grat | Rampe,,in Notion DB,master xlsx (pre-existing)
Salome,6+,5-7,sport,UIAA,Kaltenleutgebner Tal,Kaltenleutgebner Grat,Keltenkalk,48.116353,16.213972,Kaltenleutgebner Tal | Kaltenleutgebner Grat | Salome,,in Notion DB,master xlsx (pre-existing)
Salvadore,7,5-7,sport,UIAA,Kaltenleutgebner Tal,Kaltenleutgebner Grat,Keltenkalk,48.116353,16.213972,Kaltenleutgebner Tal | Kaltenleutgebner Grat | Salvadore,,in Notion DB,master xlsx (pre-existing)
Sepperl Überhang,6+,5-7,sport,UIAA,Kaltenleutgebner Tal,Kaltenleutgebner Grat,Keltenkalk,48.116353,16.213972,Kaltenleutgebner Tal | Kaltenleutgebner Grat | Sepperl Überhang,,in Notion DB,master xlsx (pre-existing)
Skottysteig,2,1-4,sport,UIAA,Kaltenleutgebner Tal,Kaltenleutgebner Grat,Keltenkalk,48.116353,16.213972,Kaltenleutgebner Tal | Kaltenleutgebner Grat | Skottysteig,,in Notion DB,master xlsx (pre-existing)
Steinnelke,6+,5-7,sport,UIAA,Kaltenleutgebner Tal,Kaltenleutgebner Grat,Keltenkalk,48.116353,16.213972,Kaltenleutgebner Tal | Kaltenleutgebner Grat | Steinnelke,,in Notion DB,master xlsx (pre-existing)
Zeck,4+,1-4,sport,UIAA,Kaltenleutgebner Tal,Kaltenleutgebner Grat,Keltenkalk,48.116353,16.213972,Kaltenleutgebner Tal | Kaltenleutgebner Grat | Zeck,,in Notion DB,master xlsx (pre-existing)
Alter Fuchs,5-,5-7,sport,UIAA,Kaltenleutgebner Tal,Kirchengrat,Keltenkalk,48.113728,16.197626,Kaltenleutgebner Tal | Kirchengrat | Alter Fuchs,,in Notion DB,master xlsx (pre-existing)
Buntspecht,7/7+,5-7,sport,UIAA,Kaltenleutgebner Tal,Kirchengrat,Keltenkalk,48.113728,16.197626,Kaltenleutgebner Tal | Kirchengrat | Buntspecht,,in Notion DB,master xlsx (pre-existing)
Kleiner Fuchs,6-,5-7,sport,UIAA,Kaltenleutgebner Tal,Kirchengrat,Keltenkalk,48.113728,16.197626,Kaltenleutgebner Tal | Kirchengrat | Kleiner Fuchs,,in Notion DB,master xlsx (pre-existing)
Ruf des Kolkraben,6-,5-7,sport,UIAA,Kaltenleutgebner Tal,Kirchengrat,Keltenkalk,48.113728,16.197626,Kaltenleutgebner Tal | Kirchengrat | Ruf des Kolkraben,,in Notion DB,master xlsx (pre-existing)
Waldmaus,6+,5-7,sport,UIAA,Kaltenleutgebner Tal,Kirchengrat,Keltenkalk,48.113728,16.197626,Kaltenleutgebner Tal | Kirchengrat | Waldmaus,,in Notion DB,master xlsx (pre-existing)
Athlet,6-,5-7,sport,UIAA,Kaltenleutgebner Tal,Luckete Wand,Keltenkalk,48.112115,16.200473,Kaltenleutgebner Tal | Luckete Wand | Athlet,,in Notion DB,master xlsx (pre-existing)
Aus Alten Zeiten,4+,1-4,sport,UIAA,Kaltenleutgebner Tal,Luckete Wand,Keltenkalk,48.112115,16.200473,Kaltenleutgebner Tal | Luckete Wand | Aus Alten Zeiten,,in Notion DB,master xlsx (pre-existing)
Bananenföhre,6-,5-7,sport,UIAA,Kaltenleutgebner Tal,Luckete Wand,Keltenkalk,48.112115,16.200473,Kaltenleutgebner Tal | Luckete Wand | Bananenföhre,,in Notion DB,master xlsx (pre-existing)
Blätterrauschen,7+,5-7,sport,UIAA,Kaltenleutgebner Tal,Luckete Wand,Keltenkalk,48.112115,16.200473,Kaltenleutgebner Tal | Luckete Wand | Blätterrauschen,,in Notion DB,master xlsx (pre-existing)
Buchenloch,3-,1-4,sport,UIAA,Kaltenleutgebner Tal,Luckete Wand,Keltenkalk,48.112115,16.200473,Kaltenleutgebner Tal | Luckete Wand | Buchenloch,,in Notion DB,master xlsx (pre-existing)
Croatdance,6+,5-7,sport,UIAA,Kaltenleutgebner Tal,Luckete Wand,Keltenkalk,48.112115,16.200473,Kaltenleutgebner Tal | Luckete Wand | Croatdance,,in Notion DB,master xlsx (pre-existing)
Dachrinne,3,1-4,sport,UIAA,Kaltenleutgebner Tal,Luckete Wand,Keltenkalk,48.112115,16.200473,Kaltenleutgebner Tal | Luckete Wand | Dachrinne,,in Notion DB,master xlsx (pre-existing)
Dragon,6-,5-7,sport,UIAA,Kaltenleutgebner Tal,Luckete Wand,Keltenkalk,48.112115,16.200473,Kaltenleutgebner Tal | Luckete Wand | Dragon,,in Notion DB,master xlsx (pre-existing)
Dreamer,6-,5-7,sport,UIAA,Kaltenleutgebner Tal,Luckete Wand,Keltenkalk,48.112115,16.200473,Kaltenleutgebner Tal | Luckete Wand | Dreamer,,in Notion DB,master xlsx (pre-existing)
Dreamer (Nr 39),6-,5-7,sport,UIAA,Kaltenleutgebner Tal,Luckete Wand,Keltenkalk,48.112115,16.200473,Kaltenleutgebner Tal | Luckete Wand | Dreamer (Nr 39),,in Notion DB,master xlsx (pre-existing)
Dreieck,4+,1-4,sport,UIAA,Kaltenleutgebner Tal,Luckete Wand,Keltenkalk,48.112115,16.200473,Kaltenleutgebner Tal | Luckete Wand | Dreieck,,in Notion DB,master xlsx (pre-existing)
Dreieck (Nr 40),4+,1-4,sport,UIAA,Kaltenleutgebner Tal,Luckete Wand,Keltenkalk,48.112115,16.200473,Kaltenleutgebner Tal | Luckete Wand | Dreieck (Nr 40),,in Notion DB,master xlsx (pre-existing)
Felszacken,4+,1-4,sport,UIAA,Kaltenleutgebner Tal,Luckete Wand,Keltenkalk,48.112115,16.200473,Kaltenleutgebner Tal | Luckete Wand | Felszacken,,in Notion DB,master xlsx (pre-existing)
Finale,5,5-7,sport,UIAA,Kaltenleutgebner Tal,Luckete Wand,Keltenkalk,48.112115,16.200473,Kaltenleutgebner Tal | Luckete Wand | Finale,,in Notion DB,master xlsx (pre-existing)
Für Alle,4,1-4,sport,UIAA,Kaltenleutgebner Tal,Luckete Wand,Keltenkalk,48.112115,16.200473,Kaltenleutgebner Tal | Luckete Wand | Für Alle,,in Notion DB,master xlsx (pre-existing)
Ganz Lustig,4+,1-4,sport,UIAA,Kaltenleutgebner Tal,Luckete Wand,Keltenkalk,48.112115,16.200473,Kaltenleutgebner Tal | Luckete Wand | Ganz Lustig,,in Notion DB,master xlsx (pre-existing)
Gegenlicht,3,1-4,sport,UIAA,Kaltenleutgebner Tal,Luckete Wand,Keltenkalk,48.112115,16.200473,Kaltenleutgebner Tal | Luckete Wand | Gegenlicht,,in Notion DB,master xlsx (pre-existing)
Henkers Dessert,6+,5-7,sport,UIAA,Kaltenleutgebner Tal,Luckete Wand,Keltenkalk,48.112115,16.200473,Kaltenleutgebner Tal | Luckete Wand | Henkers Dessert,,in Notion DB,master xlsx (pre-existing)
Immer Mehr,3+,1-4,sport,UIAA,Kaltenleutgebner Tal,Luckete Wand,Keltenkalk,48.112115,16.200473,Kaltenleutgebner Tal | Luckete Wand | Immer Mehr,,in Notion DB,master xlsx (pre-existing)
Kantenreiter,6-,5-7,sport,UIAA,Kaltenleutgebner Tal,Luckete Wand,Keltenkalk,48.112115,16.200473,Kaltenleutgebner Tal | Luckete Wand | Kantenreiter,,in Notion DB,master xlsx (pre-existing)
Klarer Fall,4+,1-4,sport,UIAA,Kaltenleutgebner Tal,Luckete Wand,Keltenkalk,48.112115,16.200473,Kaltenleutgebner Tal | Luckete Wand | Klarer Fall,,in Notion DB,master xlsx (pre-existing)
Klassiker,4+,1-4,sport,UIAA,Kaltenleutgebner Tal,Luckete Wand,Keltenkalk,48.112115,16.200473,Kaltenleutgebner Tal | Luckete Wand | Klassiker,,in Notion DB,master xlsx (pre-existing)
Kleiner Pfeiler,4-,1-4,sport,UIAA,Kaltenleutgebner Tal,Luckete Wand,Keltenkalk,48.112115,16.200473,Kaltenleutgebner Tal | Luckete Wand | Kleiner Pfeiler,,in Notion DB,master xlsx (pre-existing)
Kleiner Riss,2+,1-4,sport,UIAA,Kaltenleutgebner Tal,Luckete Wand,Keltenkalk,48.112115,16.200473,Kaltenleutgebner Tal | Luckete Wand | Kleiner Riss,,in Notion DB,master xlsx (pre-existing)
Kraftakt,6-,5-7,sport,UIAA,Kaltenleutgebner Tal,Luckete Wand,Keltenkalk,48.112115,16.200473,Kaltenleutgebner Tal | Luckete Wand | Kraftakt,,in Notion DB,master xlsx (pre-existing)
Lange Rampe,3,1-4,sport,UIAA,Kaltenleutgebner Tal,Luckete Wand,Keltenkalk,48.112115,16.200473,Kaltenleutgebner Tal | Luckete Wand | Lange Rampe,,in Notion DB,master xlsx (pre-existing)
Little Jumps,7+,5-7,sport,UIAA,Kaltenleutgebner Tal,Luckete Wand,Keltenkalk,48.112115,16.200473,Kaltenleutgebner Tal | Luckete Wand | Little Jumps,,in Notion DB,master xlsx (pre-existing)
Luckete Wand Querung,4c,Boulder,boulder,Font,Kaltenleutgebner Tal,Luckete Wand,Keltenkalk,48.112115,16.200473,Kaltenleutgebner Tal | Luckete Wand | Luckete Wand Querung,,in Notion DB,master xlsx (pre-existing)
Mach's Schwieriger,6,5-7,sport,UIAA,Kaltenleutgebner Tal,Luckete Wand,Keltenkalk,48.112115,16.200473,Kaltenleutgebner Tal | Luckete Wand | Mach's Schwieriger,,in Notion DB,master xlsx (pre-existing)
Mit Sanfter Kraft,7+,5-7,sport,UIAA,Kaltenleutgebner Tal,Luckete Wand,Keltenkalk,48.112115,16.200473,Kaltenleutgebner Tal | Luckete Wand | Mit Sanfter Kraft,,in Notion DB,master xlsx (pre-existing)
Nase,5+,5-7,sport,UIAA,Kaltenleutgebner Tal,Luckete Wand,Keltenkalk,48.112115,16.200473,Kaltenleutgebner Tal | Luckete Wand | Nase,,in Notion DB,master xlsx (pre-existing)
Nicht Normal,2,1-4,sport,UIAA,Kaltenleutgebner Tal,Luckete Wand,Keltenkalk,48.112115,16.200473,Kaltenleutgebner Tal | Luckete Wand | Nicht Normal,,in Notion DB,master xlsx (pre-existing)
Normalweg,1+,1-4,sport,UIAA,Kaltenleutgebner Tal,Luckete Wand,Keltenkalk,48.112115,16.200473,Kaltenleutgebner Tal | Luckete Wand | Normalweg,,in Notion DB,master xlsx (pre-existing)
Nur Zu,5+,5-7,sport,UIAA,Kaltenleutgebner Tal,Luckete Wand,Keltenkalk,48.112115,16.200473,Kaltenleutgebner Tal | Luckete Wand | Nur Zu,,in Notion DB,master xlsx (pre-existing)
Oskar Steig,4,1-4,sport,UIAA,Kaltenleutgebner Tal,Luckete Wand,Keltenkalk,48.112115,16.200473,Kaltenleutgebner Tal | Luckete Wand | Oskar Steig,,in Notion DB,master xlsx (pre-existing)
Polarisation,5-,5-7,sport,UIAA,Kaltenleutgebner Tal,Luckete Wand,Keltenkalk,48.112115,16.200473,Kaltenleutgebner Tal | Luckete Wand | Polarisation,,in Notion DB,master xlsx (pre-existing)
Riesenloch,3,1-4,sport,UIAA,Kaltenleutgebner Tal,Luckete Wand,Keltenkalk,48.112115,16.200473,Kaltenleutgebner Tal | Luckete Wand | Riesenloch,,in Notion DB,master xlsx (pre-existing)
Rote Punkte,5+,5-7,sport,UIAA,Kaltenleutgebner Tal,Luckete Wand,Keltenkalk,48.112115,16.200473,Kaltenleutgebner Tal | Luckete Wand | Rote Punkte,,in Notion DB,master xlsx (pre-existing)
Rote Punkte (Nr 41),4,1-4,sport,UIAA,Kaltenleutgebner Tal,Luckete Wand,Keltenkalk,48.112115,16.200473,Kaltenleutgebner Tal | Luckete Wand | Rote Punkte (Nr 41),,in Notion DB,master xlsx (pre-existing)
Roter Zeck,5,5-7,sport,UIAA,Kaltenleutgebner Tal,Luckete Wand,Keltenkalk,48.112115,16.200473,Kaltenleutgebner Tal | Luckete Wand | Roter Zeck,,in Notion DB,master xlsx (pre-existing)
Ruachl,5-,5-7,sport,UIAA,Kaltenleutgebner Tal,Luckete Wand,Keltenkalk,48.112115,16.200473,Kaltenleutgebner Tal | Luckete Wand | Ruachl,,in Notion DB,master xlsx (pre-existing)
Schiefer Überhang,6-,5-7,sport,UIAA,Kaltenleutgebner Tal,Luckete Wand,Keltenkalk,48.112115,16.200473,Kaltenleutgebner Tal | Luckete Wand | Schiefer Überhang,,in Notion DB,master xlsx (pre-existing)
Serpentine,2+,1-4,sport,UIAA,Kaltenleutgebner Tal,Luckete Wand,Keltenkalk,48.112115,16.200473,Kaltenleutgebner Tal | Luckete Wand | Serpentine,,in Notion DB,master xlsx (pre-existing)
Soso,4,1-4,sport,UIAA,Kaltenleutgebner Tal,Luckete Wand,Keltenkalk,48.112115,16.200473,Kaltenleutgebner Tal | Luckete Wand | Soso,,in Notion DB,master xlsx (pre-existing)
TP,5,5-7,sport,UIAA,Kaltenleutgebner Tal,Luckete Wand,Keltenkalk,48.112115,16.200473,Kaltenleutgebner Tal | Luckete Wand | TP,,in Notion DB,master xlsx (pre-existing)
Traum,4-,1-4,sport,UIAA,Kaltenleutgebner Tal,Luckete Wand,Keltenkalk,48.112115,16.200473,Kaltenleutgebner Tal | Luckete Wand | Traum,,in Notion DB,master xlsx (pre-existing)
Traverse Oben,4c,Boulder,boulder,Font,Kaltenleutgebner Tal,Luckete Wand,Keltenkalk,48.112115,16.200473,Kaltenleutgebner Tal | Luckete Wand | Traverse Oben,,in Notion DB,master xlsx (pre-existing)
Traverse Unten,6b,Boulder,boulder,Font,Kaltenleutgebner Tal,Luckete Wand,Keltenkalk,48.112115,16.200473,Kaltenleutgebner Tal | Luckete Wand | Traverse Unten,,in Notion DB,master xlsx (pre-existing)
Unschlüssig,3+,1-4,sport,UIAA,Kaltenleutgebner Tal,Luckete Wand,Keltenkalk,48.112115,16.200473,Kaltenleutgebner Tal | Luckete Wand | Unschlüssig,,in Notion DB,master xlsx (pre-existing)
Verschneidung,2,1-4,sport,UIAA,Kaltenleutgebner Tal,Luckete Wand,Keltenkalk,48.112115,16.200473,Kaltenleutgebner Tal | Luckete Wand | Verschneidung,,in Notion DB,master xlsx (pre-existing)
Wohin,6-,5-7,sport,UIAA,Kaltenleutgebner Tal,Luckete Wand,Keltenkalk,48.112115,16.200473,Kaltenleutgebner Tal | Luckete Wand | Wohin,,in Notion DB,master xlsx (pre-existing)
Athleten Vortreten,6,5-7,sport,UIAA,Kaltenleutgebner Tal,Lutterwand,Keltenkalk,48.128969,16.250156,Kaltenleutgebner Tal | Lutterwand | Athleten Vortreten,,in Notion DB,master xlsx (pre-existing)
Der Urschrei,6+,5-7,sport,UIAA,Kaltenleutgebner Tal,Lutterwand,Keltenkalk,48.128969,16.250156,Kaltenleutgebner Tal | Lutterwand | Der Urschrei,,in Notion DB,master xlsx (pre-existing)
Diagonale,5-,5-7,sport,UIAA,Kaltenleutgebner Tal,Lutterwand,Keltenkalk,48.128969,16.250156,Kaltenleutgebner Tal | Lutterwand | Diagonale,,in Notion DB,master xlsx (pre-existing)
Dreieck Links,4-,1-4,sport,UIAA,Kaltenleutgebner Tal,Lutterwand,Keltenkalk,48.128969,16.250156,Kaltenleutgebner Tal | Lutterwand | Dreieck Links,,in Notion DB,master xlsx (pre-existing)
Dreieck Rechts,5,5-7,sport,UIAA,Kaltenleutgebner Tal,Lutterwand,Keltenkalk,48.128969,16.250156,Kaltenleutgebner Tal | Lutterwand | Dreieck Rechts,,in Notion DB,master xlsx (pre-existing)
Friends,5-,5-7,sport,UIAA,Kaltenleutgebner Tal,Lutterwand,Keltenkalk,48.128969,16.250156,Kaltenleutgebner Tal | Lutterwand | Friends,,in Notion DB,master xlsx (pre-existing)
Grosse Schuppe,2+,1-4,sport,UIAA,Kaltenleutgebner Tal,Lutterwand,Keltenkalk,48.128969,16.250156,Kaltenleutgebner Tal | Lutterwand | Grosse Schuppe,,in Notion DB,master xlsx (pre-existing)
Höhlenüberhang,5,5-7,sport,UIAA,Kaltenleutgebner Tal,Lutterwand,Keltenkalk,48.128969,16.250156,Kaltenleutgebner Tal | Lutterwand | Höhlenüberhang,,in Notion DB,master xlsx (pre-existing)
Kamin,1+,1-4,sport,UIAA,Kaltenleutgebner Tal,Lutterwand,Keltenkalk,48.128969,16.250156,Kaltenleutgebner Tal | Lutterwand | Kamin,,in Notion DB,master xlsx (pre-existing)
Kleine Schuppe,2+,1-4,sport,UIAA,Kaltenleutgebner Tal,Lutterwand,Keltenkalk,48.128969,16.250156,Kaltenleutgebner Tal | Lutterwand | Kleine Schuppe,,in Notion DB,master xlsx (pre-existing)
Lutter Platte,4,1-4,sport,UIAA,Kaltenleutgebner Tal,Lutterwand,Keltenkalk,48.128969,16.250156,Kaltenleutgebner Tal | Lutterwand | Lutter Platte,,in Notion DB,master xlsx (pre-existing)
Mauerblümchen,5-,5-7,sport,UIAA,Kaltenleutgebner Tal,Lutterwand,Keltenkalk,48.128969,16.250156,Kaltenleutgebner Tal | Lutterwand | Mauerblümchen,,in Notion DB,master xlsx (pre-existing)
Neue Welt,5+,5-7,sport,UIAA,Kaltenleutgebner Tal,Lutterwand,Keltenkalk,48.128969,16.250156,Kaltenleutgebner Tal | Lutterwand | Neue Welt,,in Notion DB,master xlsx (pre-existing)
Normalweg,2+,1-4,sport,UIAA,Kaltenleutgebner Tal,Lutterwand,Keltenkalk,48.128969,16.250156,Kaltenleutgebner Tal | Lutterwand | Normalweg,,in Notion DB,master xlsx (pre-existing)
Nr 26,1+,1-4,sport,UIAA,Kaltenleutgebner Tal,Lutterwand,Keltenkalk,48.128969,16.250156,Kaltenleutgebner Tal | Lutterwand | Nr 26,,in Notion DB,master xlsx (pre-existing)
Nr 27,2,1-4,sport,UIAA,Kaltenleutgebner Tal,Lutterwand,Keltenkalk,48.128969,16.250156,Kaltenleutgebner Tal | Lutterwand | Nr 27,,in Notion DB,master xlsx (pre-existing)
Nr 28,2,1-4,sport,UIAA,Kaltenleutgebner Tal,Lutterwand,Keltenkalk,48.128969,16.250156,Kaltenleutgebner Tal | Lutterwand | Nr 28,,in Notion DB,master xlsx (pre-existing)
Pfeilschnell,5,5-7,sport,UIAA,Kaltenleutgebner Tal,Lutterwand,Keltenkalk,48.128969,16.250156,Kaltenleutgebner Tal | Lutterwand | Pfeilschnell,,in Notion DB,master xlsx (pre-existing)
Platte,2+,1-4,sport,UIAA,Kaltenleutgebner Tal,Lutterwand,Keltenkalk,48.128969,16.250156,Kaltenleutgebner Tal | Lutterwand | Platte,,in Notion DB,master xlsx (pre-existing)
Plattenschleicher,4+,1-4,sport,UIAA,Kaltenleutgebner Tal,Lutterwand,Keltenkalk,48.128969,16.250156,Kaltenleutgebner Tal | Lutterwand | Plattenschleicher,,in Notion DB,master xlsx (pre-existing)
Sandplatte,5+,5-7,sport,UIAA,Kaltenleutgebner Tal,Lutterwand,Keltenkalk,48.128969,16.250156,Kaltenleutgebner Tal | Lutterwand | Sandplatte,,in Notion DB,master xlsx (pre-existing)
Sanduhrenparadies,3+,1-4,sport,UIAA,Kaltenleutgebner Tal,Lutterwand,Keltenkalk,48.128969,16.250156,Kaltenleutgebner Tal | Lutterwand | Sanduhrenparadies,,in Notion DB,master xlsx (pre-existing)
Sonnenwende,6-,5-7,sport,UIAA,Kaltenleutgebner Tal,Lutterwand,Keltenkalk,48.128969,16.250156,Kaltenleutgebner Tal | Lutterwand | Sonnenwende,,in Notion DB,master xlsx (pre-existing)
Verschneidung,3,1-4,sport,UIAA,Kaltenleutgebner Tal,Lutterwand,Keltenkalk,48.128969,16.250156,Kaltenleutgebner Tal | Lutterwand | Verschneidung,,in Notion DB,master xlsx (pre-existing)
Verschneidung (Nr 25),2,1-4,sport,UIAA,Kaltenleutgebner Tal,Lutterwand,Keltenkalk,48.128969,16.250156,Kaltenleutgebner Tal | Lutterwand | Verschneidung (Nr 25),,in Notion DB,master xlsx (pre-existing)
Vorbau,2,1-4,sport,UIAA,Kaltenleutgebner Tal,Lutterwand,Keltenkalk,48.128969,16.250156,Kaltenleutgebner Tal | Lutterwand | Vorbau,,in Notion DB,master xlsx (pre-existing)
Weg der Erstbesteiger,3,1-4,sport,UIAA,Kaltenleutgebner Tal,Lutterwand,Keltenkalk,48.128969,16.250156,Kaltenleutgebner Tal | Lutterwand | Weg der Erstbesteiger,,in Notion DB,master xlsx (pre-existing)
Wild Entschlossen,6-,5-7,sport,UIAA,Kaltenleutgebner Tal,Lutterwand,Keltenkalk,48.128969,16.250156,Kaltenleutgebner Tal | Lutterwand | Wild Entschlossen,,in Notion DB,master xlsx (pre-existing)
Donarit,6,5-7,sport,UIAA,Kaltenleutgebner Tal,Löwenkopf,Keltenkalk,48.119135,16.211473,Kaltenleutgebner Tal | Löwenkopf | Donarit,,in Notion DB,master xlsx (pre-existing)
Hyänenkiller,6,5-7,sport,UIAA,Kaltenleutgebner Tal,Löwenkopf,Keltenkalk,48.119135,16.211473,Kaltenleutgebner Tal | Löwenkopf | Hyänenkiller,,in Notion DB,master xlsx (pre-existing)
Junglöwe,5-,5-7,sport,UIAA,Kaltenleutgebner Tal,Löwenkopf,Keltenkalk,48.119135,16.211473,Kaltenleutgebner Tal | Löwenkopf | Junglöwe,,in Notion DB,master xlsx (pre-existing)
Käptn Dynamit,7-,5-7,sport,UIAA,Kaltenleutgebner Tal,Löwenkopf,Keltenkalk,48.119135,16.211473,Kaltenleutgebner Tal | Löwenkopf | Käptn Dynamit,,in Notion DB,master xlsx (pre-existing)
König der Löwen,6+,5-7,sport,UIAA,Kaltenleutgebner Tal,Löwenkopf,Keltenkalk,48.119135,16.211473,Kaltenleutgebner Tal | Löwenkopf | König der Löwen,,in Notion DB,master xlsx (pre-existing)
Königsetappe,5+,5-7,sport,UIAA,Kaltenleutgebner Tal,Löwenkopf,Keltenkalk,48.119135,16.211473,Kaltenleutgebner Tal | Löwenkopf | Königsetappe,,in Notion DB,master xlsx (pre-existing)
Löwenbart,3+,1-4,sport,UIAA,Kaltenleutgebner Tal,Löwenkopf,Keltenkalk,48.119135,16.211473,Kaltenleutgebner Tal | Löwenkopf | Löwenbart,,in Notion DB,master xlsx (pre-existing)
Grat,3+,1-4,sport,UIAA,Kaltenleutgebner Tal,Meije,Keltenkalk,48.117436,16.223987,Kaltenleutgebner Tal | Meije | Grat,,in Notion DB,master xlsx (pre-existing)
Oststurm,5c,Boulder,boulder,Font,Kaltenleutgebner Tal,Meije,Keltenkalk,48.117436,16.223987,Kaltenleutgebner Tal | Meije | Oststurm,,in Notion DB,master xlsx (pre-existing)
Schichtplatte,4,1-4,sport,UIAA,Kaltenleutgebner Tal,Meije,Keltenkalk,48.117436,16.223987,Kaltenleutgebner Tal | Meije | Schichtplatte,,in Notion DB,master xlsx (pre-existing)
Schlitzwand,4,1-4,sport,UIAA,Kaltenleutgebner Tal,Meije,Keltenkalk,48.117436,16.223987,Kaltenleutgebner Tal | Meije | Schlitzwand,,in Notion DB,master xlsx (pre-existing)
Teufelsstiege,5-,5-7,sport,UIAA,Kaltenleutgebner Tal,Meije,Keltenkalk,48.117436,16.223987,Kaltenleutgebner Tal | Meije | Teufelsstiege,,in Notion DB,master xlsx (pre-existing)
Vera,6+,5-7,sport,UIAA,Kaltenleutgebner Tal,Meije,Keltenkalk,48.117436,16.223987,Kaltenleutgebner Tal | Meije | Vera,,in Notion DB,master xlsx (pre-existing)
Verenasteig,4,1-4,sport,UIAA,Kaltenleutgebner Tal,Meije,Keltenkalk,48.117436,16.223987,Kaltenleutgebner Tal | Meije | Verenasteig,,in Notion DB,master xlsx (pre-existing)
Verschneidung,6+,5-7,sport,UIAA,Kaltenleutgebner Tal,Meije,Keltenkalk,48.117436,16.223987,Kaltenleutgebner Tal | Meije | Verschneidung,,in Notion DB,master xlsx (pre-existing)
Ameisenplatte,5+,5-7,sport,UIAA,Kaltenleutgebner Tal,Mizzi Langer Wand,Keltenkalk,48.131243,16.252346,Kaltenleutgebner Tal | Mizzi Langer Wand | Ameisenplatte,,in Notion DB,master xlsx (pre-existing)
Ferserlüberhang,6,5-7,sport,UIAA,Kaltenleutgebner Tal,Mizzi Langer Wand,Keltenkalk,48.131243,16.252346,Kaltenleutgebner Tal | Mizzi Langer Wand | Ferserlüberhang,,in Notion DB,master xlsx (pre-existing)
Grosse Diagonale,4+,1-4,sport,UIAA,Kaltenleutgebner Tal,Mizzi Langer Wand,Keltenkalk,48.131243,16.252346,Kaltenleutgebner Tal | Mizzi Langer Wand | Grosse Diagonale,,in Notion DB,master xlsx (pre-existing)
Grosse Platte,5+,5-7,sport,UIAA,Kaltenleutgebner Tal,Mizzi Langer Wand,Keltenkalk,48.131243,16.252346,Kaltenleutgebner Tal | Mizzi Langer Wand | Grosse Platte,,in Notion DB,master xlsx (pre-existing)
Grosses Dreieck,4+,1-4,sport,UIAA,Kaltenleutgebner Tal,Mizzi Langer Wand,Keltenkalk,48.131243,16.252346,Kaltenleutgebner Tal | Mizzi Langer Wand | Grosses Dreieck,,in Notion DB,master xlsx (pre-existing)
Grosses Dreieck Links,5,5-7,sport,UIAA,Kaltenleutgebner Tal,Mizzi Langer Wand,Keltenkalk,48.131243,16.252346,Kaltenleutgebner Tal | Mizzi Langer Wand | Grosses Dreieck Links,,in Notion DB,master xlsx (pre-existing)
Hangelriss,6,5-7,sport,UIAA,Kaltenleutgebner Tal,Mizzi Langer Wand,Keltenkalk,48.131243,16.252346,Kaltenleutgebner Tal | Mizzi Langer Wand | Hangelriss,,in Notion DB,master xlsx (pre-existing)
Innsbrucker,3+,1-4,sport,UIAA,Kaltenleutgebner Tal,Mizzi Langer Wand,Keltenkalk,48.131243,16.252346,Kaltenleutgebner Tal | Mizzi Langer Wand | Innsbrucker,,in Notion DB,master xlsx (pre-existing)
Kleines Dreieck,3+,1-4,sport,UIAA,Kaltenleutgebner Tal,Mizzi Langer Wand,Keltenkalk,48.131243,16.252346,Kaltenleutgebner Tal | Mizzi Langer Wand | Kleines Dreieck,,in Notion DB,master xlsx (pre-existing)
Kleines Dreieck Links,6+,5-7,sport,UIAA,Kaltenleutgebner Tal,Mizzi Langer Wand,Keltenkalk,48.131243,16.252346,Kaltenleutgebner Tal | Mizzi Langer Wand | Kleines Dreieck Links,,in Notion DB,master xlsx (pre-existing)
Langerwand Querung,6b,Boulder,boulder,Font,Kaltenleutgebner Tal,Mizzi Langer Wand,Keltenkalk,48.131243,16.252346,Kaltenleutgebner Tal | Mizzi Langer Wand | Langerwand Querung,,in Notion DB,master xlsx (pre-existing)
Linke Sepp Bauer Platte,5+,5-7,sport,UIAA,Kaltenleutgebner Tal,Mizzi Langer Wand,Keltenkalk,48.131243,16.252346,Kaltenleutgebner Tal | Mizzi Langer Wand | Linke Sepp Bauer Platte,,in Notion DB,master xlsx (pre-existing)
Linker Pfeilerweg,5-,5-7,sport,UIAA,Kaltenleutgebner Tal,Mizzi Langer Wand,Keltenkalk,48.131243,16.252346,Kaltenleutgebner Tal | Mizzi Langer Wand | Linker Pfeilerweg,,in Notion DB,master xlsx (pre-existing)
Linker Weg,4-,1-4,sport,UIAA,Kaltenleutgebner Tal,Mizzi Langer Wand,Keltenkalk,48.131243,16.252346,Kaltenleutgebner Tal | Mizzi Langer Wand | Linker Weg,,in Notion DB,master xlsx (pre-existing)
Neue Ameisenplatte,4+,1-4,sport,UIAA,Kaltenleutgebner Tal,Mizzi Langer Wand,Keltenkalk,48.131243,16.252346,Kaltenleutgebner Tal | Mizzi Langer Wand | Neue Ameisenplatte,,in Notion DB,master xlsx (pre-existing)
Nr 14,3-,1-4,sport,UIAA,Kaltenleutgebner Tal,Mizzi Langer Wand,Keltenkalk,48.131243,16.252346,Kaltenleutgebner Tal | Mizzi Langer Wand | Nr 14,,in Notion DB,master xlsx (pre-existing)
Pfeilerweg,4+,1-4,sport,UIAA,Kaltenleutgebner Tal,Mizzi Langer Wand,Keltenkalk,48.131243,16.252346,Kaltenleutgebner Tal | Mizzi Langer Wand | Pfeilerweg,,in Notion DB,master xlsx (pre-existing)
Rampe,6,5-7,sport,UIAA,Kaltenleutgebner Tal,Mizzi Langer Wand,Keltenkalk,48.131243,16.252346,Kaltenleutgebner Tal | Mizzi Langer Wand | Rampe,,in Notion DB,master xlsx (pre-existing)
Rechter Pfeilerweg,4+,1-4,sport,UIAA,Kaltenleutgebner Tal,Mizzi Langer Wand,Keltenkalk,48.131243,16.252346,Kaltenleutgebner Tal | Mizzi Langer Wand | Rechter Pfeilerweg,,in Notion DB,master xlsx (pre-existing)
Rhinozeros,3,1-4,sport,UIAA,Kaltenleutgebner Tal,Mizzi Langer Wand,Keltenkalk,48.131243,16.252346,Kaltenleutgebner Tal | Mizzi Langer Wand | Rhinozeros,,in Notion DB,master xlsx (pre-existing)
Rinne,2,1-4,sport,UIAA,Kaltenleutgebner Tal,Mizzi Langer Wand,Keltenkalk,48.131243,16.252346,Kaltenleutgebner Tal | Mizzi Langer Wand | Rinne,,in Notion DB,master xlsx (pre-existing)
SKK Platte,5,5-7,sport,UIAA,Kaltenleutgebner Tal,Mizzi Langer Wand,Keltenkalk,48.131243,16.252346,Kaltenleutgebner Tal | Mizzi Langer Wand | SKK Platte,,in Notion DB,master xlsx (pre-existing)
Schwarze Platte Direkt,6-,5-7,sport,UIAA,Kaltenleutgebner Tal,Mizzi Langer Wand,Keltenkalk,48.131243,16.252346,Kaltenleutgebner Tal | Mizzi Langer Wand | Schwarze Platte Direkt,,in Notion DB,master xlsx (pre-existing)
Schwarze Platte Links,3,1-4,sport,UIAA,Kaltenleutgebner Tal,Mizzi Langer Wand,Keltenkalk,48.131243,16.252346,Kaltenleutgebner Tal | Mizzi Langer Wand | Schwarze Platte Links,,in Notion DB,master xlsx (pre-existing)
Sepp Bauer Platte,6,5-7,sport,UIAA,Kaltenleutgebner Tal,Mizzi Langer Wand,Keltenkalk,48.131243,16.252346,Kaltenleutgebner Tal | Mizzi Langer Wand | Sepp Bauer Platte,,in Notion DB,master xlsx (pre-existing)
Sichel,5+,5-7,sport,UIAA,Kaltenleutgebner Tal,Mizzi Langer Wand,Keltenkalk,48.131243,16.252346,Kaltenleutgebner Tal | Mizzi Langer Wand | Sichel,,in Notion DB,master xlsx (pre-existing)
Eiserner Besen,7-,5-7,sport,UIAA,Kaltenleutgebner Tal,Schöffelturm,Keltenkalk,48.117947,16.217209,Kaltenleutgebner Tal | Schöffelturm | Eiserner Besen,,in Notion DB,theCrag: Kaltenleutgebener Tal (2321044950)
Eiserner Pfad,7+,5-7,sport,UIAA,Kaltenleutgebner Tal,Schöffelturm,Keltenkalk,48.117947,16.217209,Kaltenleutgebner Tal | Schöffelturm | Eiserner Pfad,,in Notion DB,theCrag: Kaltenleutgebener Tal (2321044950)
Schöffel Sei Dank!,5-,5-7,sport,UIAA,Kaltenleutgebner Tal,Schöffelturm,Keltenkalk,48.117947,16.217209,Kaltenleutgebner Tal | Schöffelturm | Schöffel Sei Dank!,,in Notion DB,theCrag: Kaltenleutgebener Tal (2321044950)
Turmkraft,5,5-7,sport,UIAA,Kaltenleutgebner Tal,Schöffelturm,Keltenkalk,48.117947,16.217209,Kaltenleutgebner Tal | Schöffelturm | Turmkraft,,in Notion DB,theCrag: Kaltenleutgebener Tal (2321044950)
Aller Anfang ist Schwer,6+,5-7,sport,UIAA,Kaltenleutgebner Tal,Streberwände,Keltenkalk,48.11711,16.215608,Kaltenleutgebner Tal | Streberwände | Aller Anfang ist Schwer,,in Notion DB,master xlsx (pre-existing)
Alter Weg,5-,5-7,sport,UIAA,Kaltenleutgebner Tal,Streberwände,Keltenkalk,48.11711,16.215608,Kaltenleutgebner Tal | Streberwände | Alter Weg,,in Notion DB,master xlsx (pre-existing)
Ameisenweg,6+,5-7,sport,UIAA,Kaltenleutgebner Tal,Streberwände,Keltenkalk,48.11711,16.215608,Kaltenleutgebner Tal | Streberwände | Ameisenweg,,in Notion DB,master xlsx (pre-existing)
Aqui Aqua,7+,5-7,sport,UIAA,Kaltenleutgebner Tal,Streberwände,Keltenkalk,48.11711,16.215608,Kaltenleutgebner Tal | Streberwände | Aqui Aqua,,in Notion DB,master xlsx (pre-existing)
Breakfast Tea,6+,5-7,sport,UIAA,Kaltenleutgebner Tal,Streberwände,Keltenkalk,48.11711,16.215608,Kaltenleutgebner Tal | Streberwände | Breakfast Tea,,in Notion DB,master xlsx (pre-existing)
Chiqita,6-,5-7,sport,UIAA,Kaltenleutgebner Tal,Streberwände,Keltenkalk,48.11711,16.215608,Kaltenleutgebner Tal | Streberwände | Chiqita,,in Notion DB,master xlsx (pre-existing)
Diagonale,5+,5-7,sport,UIAA,Kaltenleutgebner Tal,Streberwände,Keltenkalk,48.11711,16.215608,Kaltenleutgebner Tal | Streberwände | Diagonale,,in Notion DB,master xlsx (pre-existing)
Ein Echter Wiener Fällt Nicht Runter,9-/9,8-11,sport,UIAA,Kaltenleutgebner Tal,Streberwände,Keltenkalk,48.11711,16.215608,Kaltenleutgebner Tal | Streberwände | Ein Echter Wiener Fällt Nicht Runter,,in Notion DB,master xlsx (pre-existing)
Fasslkante,7+,5-7,sport,UIAA,Kaltenleutgebner Tal,Streberwände,Keltenkalk,48.11711,16.215608,Kaltenleutgebner Tal | Streberwände | Fasslkante,,in Notion DB,master xlsx (pre-existing)
Für Streber,5c,Boulder,boulder,Font,Kaltenleutgebner Tal,Streberwände,Keltenkalk,48.11711,16.215608,Kaltenleutgebner Tal | Streberwände | Für Streber,,in Notion DB,master xlsx (pre-existing)
Ganz Rechter Quergang,4,Boulder,boulder,Font,Kaltenleutgebner Tal,Streberwände,Keltenkalk,48.11711,16.215608,Kaltenleutgebner Tal | Streberwände | Ganz Rechter Quergang,,in Notion DB,master xlsx (pre-existing)
Gute Alte Zeiten,7-,5-7,sport,UIAA,Kaltenleutgebner Tal,Streberwände,Keltenkalk,48.11711,16.215608,Kaltenleutgebner Tal | Streberwände | Gute Alte Zeiten,,in Notion DB,master xlsx (pre-existing)
Jähr,7-/7,5-7,sport,UIAA,Kaltenleutgebner Tal,Streberwände,Keltenkalk,48.11711,16.215608,Kaltenleutgebner Tal | Streberwände | Jähr,,in Notion DB,master xlsx (pre-existing)
Kein Saft,7-,5-7,sport,UIAA,Kaltenleutgebner Tal,Streberwände,Keltenkalk,48.11711,16.215608,Kaltenleutgebner Tal | Streberwände | Kein Saft,,in Notion DB,master xlsx (pre-existing)
Keine Kraft,8+,8-11,sport,UIAA,Kaltenleutgebner Tal,Streberwände,Keltenkalk,48.11711,16.215608,Kaltenleutgebner Tal | Streberwände | Keine Kraft,,in Notion DB,master xlsx (pre-existing)
Kleine Monster Zeigen Muskeln,6+,5-7,sport,UIAA,Kaltenleutgebner Tal,Streberwände,Keltenkalk,48.11711,16.215608,Kaltenleutgebner Tal | Streberwände | Kleine Monster Zeigen Muskeln,,in Notion DB,master xlsx (pre-existing)
Linker Riss,3+,1-4,sport,UIAA,Kaltenleutgebner Tal,Streberwände,Keltenkalk,48.11711,16.215608,Kaltenleutgebner Tal | Streberwände | Linker Riss,,in Notion DB,master xlsx (pre-existing)
Nicht Meckern,6-,5-7,sport,UIAA,Kaltenleutgebner Tal,Streberwände,Keltenkalk,48.11711,16.215608,Kaltenleutgebner Tal | Streberwände | Nicht Meckern,,in Notion DB,master xlsx (pre-existing)
Plattiger Riss,2+,1-4,sport,UIAA,Kaltenleutgebner Tal,Streberwände,Keltenkalk,48.11711,16.215608,Kaltenleutgebner Tal | Streberwände | Plattiger Riss,,in Notion DB,master xlsx (pre-existing)
Rechter Quergang,5c,Boulder,boulder,Font,Kaltenleutgebner Tal,Streberwände,Keltenkalk,48.11711,16.215608,Kaltenleutgebner Tal | Streberwände | Rechter Quergang,,in Notion DB,master xlsx (pre-existing)
Schlechte Zeiten,7-,5-7,sport,UIAA,Kaltenleutgebner Tal,Streberwände,Keltenkalk,48.11711,16.215608,Kaltenleutgebner Tal | Streberwände | Schlechte Zeiten,,in Notion DB,master xlsx (pre-existing)
Schlucht,2+,1-4,sport,UIAA,Kaltenleutgebner Tal,Streberwände,Keltenkalk,48.11711,16.215608,Kaltenleutgebner Tal | Streberwände | Schlucht,,in Notion DB,master xlsx (pre-existing)
Schrei der Angst,7,5-7,sport,UIAA,Kaltenleutgebner Tal,Streberwände,Keltenkalk,48.11711,16.215608,Kaltenleutgebner Tal | Streberwände | Schrei der Angst,,in Notion DB,master xlsx (pre-existing)
Schwarze Wand,6,5-7,sport,UIAA,Kaltenleutgebner Tal,Streberwände,Keltenkalk,48.11711,16.215608,Kaltenleutgebner Tal | Streberwände | Schwarze Wand,,in Notion DB,master xlsx (pre-existing)
Seifenquergang,5b,Boulder,boulder,Font,Kaltenleutgebner Tal,Streberwände,Keltenkalk,48.11711,16.215608,Kaltenleutgebner Tal | Streberwände | Seifenquergang,,in Notion DB,master xlsx (pre-existing)
Steiler Weg,7-,5-7,sport,UIAA,Kaltenleutgebner Tal,Streberwände,Keltenkalk,48.11711,16.215608,Kaltenleutgebner Tal | Streberwände | Steiler Weg,,in Notion DB,master xlsx (pre-existing)
Streberkante,7,5-7,sport,UIAA,Kaltenleutgebner Tal,Streberwände,Keltenkalk,48.11711,16.215608,Kaltenleutgebner Tal | Streberwände | Streberkante,,in Notion DB,master xlsx (pre-existing)
Streberweg,6-,5-7,sport,UIAA,Kaltenleutgebner Tal,Streberwände,Keltenkalk,48.11711,16.215608,Kaltenleutgebner Tal | Streberwände | Streberweg,,in Notion DB,master xlsx (pre-existing)
Teatime,6+,5-7,sport,UIAA,Kaltenleutgebner Tal,Streberwände,Keltenkalk,48.11711,16.215608,Kaltenleutgebner Tal | Streberwände | Teatime,,in Notion DB,master xlsx (pre-existing)
Wind,7-,5-7,sport,UIAA,Kaltenleutgebner Tal,Streberwände,Keltenkalk,48.11711,16.215608,Kaltenleutgebner Tal | Streberwände | Wind,,in Notion DB,master xlsx (pre-existing)
Zebrariss,6-,5-7,sport,UIAA,Kaltenleutgebner Tal,Streberwände,Keltenkalk,48.11711,16.215608,Kaltenleutgebner Tal | Streberwände | Zebrariss,,in Notion DB,master xlsx (pre-existing)
18er Kante,7,5-7,sport,UIAA,Kaltenleutgebner Tal,Waldmühle,Keltenkalk,48.118374,16.221751,Kaltenleutgebner Tal | Waldmühle | 18er Kante,,in Notion DB,master xlsx (pre-existing)
A - Killer,6+,5-7,sport,UIAA,Kaltenleutgebner Tal,Waldmühle,Keltenkalk,48.118374,16.221751,Kaltenleutgebner Tal | Waldmühle | A - Killer,,in Notion DB,master xlsx (pre-existing)
Alles im Lot,8-,8-11,sport,UIAA,Kaltenleutgebner Tal,Waldmühle,Keltenkalk,48.118374,16.221751,Kaltenleutgebner Tal | Waldmühle | Alles im Lot,,in Notion DB,master xlsx (pre-existing)
Bauchpinsler,7-,5-7,sport,UIAA,Kaltenleutgebner Tal,Waldmühle,Keltenkalk,48.118374,16.221751,Kaltenleutgebner Tal | Waldmühle | Bauchpinsler,,in Notion DB,master xlsx (pre-existing)
Baumsteig,3,1-4,sport,UIAA,Kaltenleutgebner Tal,Waldmühle,Keltenkalk,48.118374,16.221751,Kaltenleutgebner Tal | Waldmühle | Baumsteig,,in Notion DB,master xlsx (pre-existing)
Baumsteig 2,1,1-4,sport,UIAA,Kaltenleutgebner Tal,Waldmühle,Keltenkalk,48.118374,16.221751,Kaltenleutgebner Tal | Waldmühle | Baumsteig 2,,in Notion DB,master xlsx (pre-existing)
Berger,6,5-7,sport,UIAA,Kaltenleutgebner Tal,Waldmühle,Keltenkalk,48.118374,16.221751,Kaltenleutgebner Tal | Waldmühle | Berger,,in Notion DB,master xlsx (pre-existing)
Boris Risse,6-,5-7,sport,UIAA,Kaltenleutgebner Tal,Waldmühle,Keltenkalk,48.118374,16.221751,Kaltenleutgebner Tal | Waldmühle | Boris Risse,,in Notion DB,master xlsx (pre-existing)
Direkte Ro Kante,7,5-7,sport,UIAA,Kaltenleutgebner Tal,Waldmühle,Keltenkalk,48.118374,16.221751,Kaltenleutgebner Tal | Waldmühle | Direkte Ro Kante,,in Notion DB,master xlsx (pre-existing)
Direkter Berger,6+,5-7,sport,UIAA,Kaltenleutgebner Tal,Waldmühle,Keltenkalk,48.118374,16.221751,Kaltenleutgebner Tal | Waldmühle | Direkter Berger,,in Notion DB,master xlsx (pre-existing)
Direttissima,7+,5-7,sport,UIAA,Kaltenleutgebner Tal,Waldmühle,Keltenkalk,48.118374,16.221751,Kaltenleutgebner Tal | Waldmühle | Direttissima,,in Notion DB,master xlsx (pre-existing)
Drückeberger,7,5-7,sport,UIAA,Kaltenleutgebner Tal,Waldmühle,Keltenkalk,48.118374,16.221751,Kaltenleutgebner Tal | Waldmühle | Drückeberger,,in Notion DB,master xlsx (pre-existing)
Fight Gravity,7-,5-7,sport,UIAA,Kaltenleutgebner Tal,Waldmühle,Keltenkalk,48.118374,16.221751,Kaltenleutgebner Tal | Waldmühle | Fight Gravity,,in Notion DB,master xlsx (pre-existing)
Herzweg,5,5-7,sport,UIAA,Kaltenleutgebner Tal,Waldmühle,Keltenkalk,48.118374,16.221751,Kaltenleutgebner Tal | Waldmühle | Herzweg,,in Notion DB,master xlsx (pre-existing)
Hoppala,7,5-7,sport,UIAA,Kaltenleutgebner Tal,Waldmühle,Keltenkalk,48.118374,16.221751,Kaltenleutgebner Tal | Waldmühle | Hoppala,,in Notion DB,master xlsx (pre-existing)
Idealist,7,5-7,sport,UIAA,Kaltenleutgebner Tal,Waldmühle,Keltenkalk,48.118374,16.221751,Kaltenleutgebner Tal | Waldmühle | Idealist,,in Notion DB,master xlsx (pre-existing)
Idealistenwahn,7,5-7,sport,UIAA,Kaltenleutgebner Tal,Waldmühle,Keltenkalk,48.118374,16.221751,Kaltenleutgebner Tal | Waldmühle | Idealistenwahn,,in Notion DB,master xlsx (pre-existing)
Kamin,2+,1-4,sport,UIAA,Kaltenleutgebner Tal,Waldmühle,Keltenkalk,48.118374,16.221751,Kaltenleutgebner Tal | Waldmühle | Kamin,,in Notion DB,master xlsx (pre-existing)
König,4+,1-4,sport,UIAA,Kaltenleutgebner Tal,Waldmühle,Keltenkalk,48.118374,16.221751,Kaltenleutgebner Tal | Waldmühle | König,,in Notion DB,master xlsx (pre-existing)
Magnesiaschrei,7-,5-7,sport,UIAA,Kaltenleutgebner Tal,Waldmühle,Keltenkalk,48.118374,16.221751,Kaltenleutgebner Tal | Waldmühle | Magnesiaschrei,,in Notion DB,master xlsx (pre-existing)
Mephisto,5+,5-7,sport,UIAA,Kaltenleutgebner Tal,Waldmühle,Keltenkalk,48.118374,16.221751,Kaltenleutgebner Tal | Waldmühle | Mephisto,,in Notion DB,master xlsx (pre-existing)
Mittelweg,2,1-4,sport,UIAA,Kaltenleutgebner Tal,Waldmühle,Keltenkalk,48.118374,16.221751,Kaltenleutgebner Tal | Waldmühle | Mittelweg,,in Notion DB,master xlsx (pre-existing)
Neue Direttissima,7,5-7,sport,UIAA,Kaltenleutgebner Tal,Waldmühle,Keltenkalk,48.118374,16.221751,Kaltenleutgebner Tal | Waldmühle | Neue Direttissima,,in Notion DB,master xlsx (pre-existing)
Oberlehrer,6-,5-7,sport,UIAA,Kaltenleutgebner Tal,Waldmühle,Keltenkalk,48.118374,16.221751,Kaltenleutgebner Tal | Waldmühle | Oberlehrer,,in Notion DB,master xlsx (pre-existing)
Othmar,3+,1-4,sport,UIAA,Kaltenleutgebner Tal,Waldmühle,Keltenkalk,48.118374,16.221751,Kaltenleutgebner Tal | Waldmühle | Othmar,,in Notion DB,master xlsx (pre-existing)
Polyp,6-,5-7,sport,UIAA,Kaltenleutgebner Tal,Waldmühle,Keltenkalk,48.118374,16.221751,Kaltenleutgebner Tal | Waldmühle | Polyp,,in Notion DB,master xlsx (pre-existing)
Pongo,6,5-7,sport,UIAA,Kaltenleutgebner Tal,Waldmühle,Keltenkalk,48.118374,16.221751,Kaltenleutgebner Tal | Waldmühle | Pongo,,in Notion DB,master xlsx (pre-existing)
Prima Ballerina,8,8-11,sport,UIAA,Kaltenleutgebner Tal,Waldmühle,Keltenkalk,48.118374,16.221751,Kaltenleutgebner Tal | Waldmühle | Prima Ballerina,,in Notion DB,master xlsx (pre-existing)
Rabbit Run,6+,5-7,sport,UIAA,Kaltenleutgebner Tal,Waldmühle,Keltenkalk,48.118374,16.221751,Kaltenleutgebner Tal | Waldmühle | Rabbit Run,,in Notion DB,master xlsx (pre-existing)
Ro Kante,5+,5-7,sport,UIAA,Kaltenleutgebner Tal,Waldmühle,Keltenkalk,48.118374,16.221751,Kaltenleutgebner Tal | Waldmühle | Ro Kante,,in Notion DB,master xlsx (pre-existing)
Rohling,8-,8-11,sport,UIAA,Kaltenleutgebner Tal,Waldmühle,Keltenkalk,48.118374,16.221751,Kaltenleutgebner Tal | Waldmühle | Rohling,,in Notion DB,master xlsx (pre-existing)
Rolle Rückwärts,7-,5-7,sport,UIAA,Kaltenleutgebner Tal,Waldmühle,Keltenkalk,48.118374,16.221751,Kaltenleutgebner Tal | Waldmühle | Rolle Rückwärts,,in Notion DB,master xlsx (pre-existing)
Rote Punkte,6,5-7,sport,UIAA,Kaltenleutgebner Tal,Waldmühle,Keltenkalk,48.118374,16.221751,Kaltenleutgebner Tal | Waldmühle | Rote Punkte,,in Notion DB,master xlsx (pre-existing)
Satan,5,5-7,sport,UIAA,Kaltenleutgebner Tal,Waldmühle,Keltenkalk,48.118374,16.221751,Kaltenleutgebner Tal | Waldmühle | Satan,,in Notion DB,master xlsx (pre-existing)
"Schau, Schau",4,1-4,sport,UIAA,Kaltenleutgebner Tal,Waldmühle,Keltenkalk,48.118374,16.221751,"Kaltenleutgebner Tal | Waldmühle | Schau, Schau",,in Notion DB,master xlsx (pre-existing)
Schmierseifenverschneidung,2+,1-4,sport,UIAA,Kaltenleutgebner Tal,Waldmühle,Keltenkalk,48.118374,16.221751,Kaltenleutgebner Tal | Waldmühle | Schmierseifenverschneidung,,in Notion DB,master xlsx (pre-existing)
Schwarzer Adler,6+,5-7,sport,UIAA,Kaltenleutgebner Tal,Waldmühle,Keltenkalk,48.118374,16.221751,Kaltenleutgebner Tal | Waldmühle | Schwarzer Adler,,in Notion DB,master xlsx (pre-existing)
Sehr Schlau,6+/7-,5-7,sport,UIAA,Kaltenleutgebner Tal,Waldmühle,Keltenkalk,48.118374,16.221751,Kaltenleutgebner Tal | Waldmühle | Sehr Schlau,,in Notion DB,master xlsx (pre-existing)
Speckloch,5+,5-7,sport,UIAA,Kaltenleutgebner Tal,Waldmühle,Keltenkalk,48.118374,16.221751,Kaltenleutgebner Tal | Waldmühle | Speckloch,,in Notion DB,master xlsx (pre-existing)
Speed,7-,5-7,sport,UIAA,Kaltenleutgebner Tal,Waldmühle,Keltenkalk,48.118374,16.221751,Kaltenleutgebner Tal | Waldmühle | Speed,,in Notion DB,master xlsx (pre-existing)
Steinmühle,7+,5-7,sport,UIAA,Kaltenleutgebner Tal,Waldmühle,Keltenkalk,48.118374,16.221751,Kaltenleutgebner Tal | Waldmühle | Steinmühle,,in Notion DB,master xlsx (pre-existing)
Strenger Lehrer,7+,5-7,sport,UIAA,Kaltenleutgebner Tal,Waldmühle,Keltenkalk,48.118374,16.221751,Kaltenleutgebner Tal | Waldmühle | Strenger Lehrer,,in Notion DB,master xlsx (pre-existing)
Toni / Wo die Teufel Wohnen,7-,5-7,sport,UIAA,Kaltenleutgebner Tal,Waldmühle,Keltenkalk,48.118374,16.221751,Kaltenleutgebner Tal | Waldmühle | Toni / Wo die Teufel Wohnen,,in Notion DB,master xlsx (pre-existing)
Triglav,5+,5-7,sport,UIAA,Kaltenleutgebner Tal,Waldmühle,Keltenkalk,48.118374,16.221751,Kaltenleutgebner Tal | Waldmühle | Triglav,,in Notion DB,master xlsx (pre-existing)
Verschneidung,4,1-4,sport,UIAA,Kaltenleutgebner Tal,Waldmühle,Keltenkalk,48.118374,16.221751,Kaltenleutgebner Tal | Waldmühle | Verschneidung,,in Notion DB,master xlsx (pre-existing)
Via Frama,6-,5-7,sport,UIAA,Kaltenleutgebner Tal,Waldmühle,Keltenkalk,48.118374,16.221751,Kaltenleutgebner Tal | Waldmühle | Via Frama,,in Notion DB,master xlsx (pre-existing)
Waldknecht,7,5-7,sport,UIAA,Kaltenleutgebner Tal,Waldmühle,Keltenkalk,48.118374,16.221751,Kaltenleutgebner Tal | Waldmühle | Waldknecht,,in Notion DB,master xlsx (pre-existing)
Westweg,1,1-4,sport,UIAA,Kaltenleutgebner Tal,Waldmühle,Keltenkalk,48.118374,16.221751,Kaltenleutgebner Tal | Waldmühle | Westweg,,in Notion DB,master xlsx (pre-existing)
Wiener Lehrer,6+,5-7,sport,UIAA,Kaltenleutgebner Tal,Waldmühle,Keltenkalk,48.118374,16.221751,Kaltenleutgebner Tal | Waldmühle | Wiener Lehrer,,in Notion DB,master xlsx (pre-existing)
Wilde Wuchtl,6+,5-7,sport,UIAA,Kaltenleutgebner Tal,Waldmühle,Keltenkalk,48.118374,16.221751,Kaltenleutgebner Tal | Waldmühle | Wilde Wuchtl,,in Notion DB,master xlsx (pre-existing)
70er Variante,5,5-7,sport,UIAA,Lindkogel,Friedrichswand,Keltenkalk,48.071995,16.277497,Lindkogel | Friedrichswand | 70er Variante,,in Notion DB,OSM exact: Friedrichswand
Ab durch die Mitte,5-,5-7,sport,UIAA,Lindkogel,Friedrichswand,Keltenkalk,48.071995,16.277497,Lindkogel | Friedrichswand | Ab durch die Mitte,,in Notion DB,OSM exact: Friedrichswand
Direkte Schwibbogenplatte,4+,1-4,sport,UIAA,Lindkogel,Friedrichswand,Keltenkalk,48.071995,16.277497,Lindkogel | Friedrichswand | Direkte Schwibbogenplatte,,in Notion DB,OSM exact: Friedrichswand
Direkter Onkel Karl,4+,1-4,sport,UIAA,Lindkogel,Friedrichswand,Keltenkalk,48.071995,16.277497,Lindkogel | Friedrichswand | Direkter Onkel Karl,,in Notion DB,OSM exact: Friedrichswand
Einstiegsvariante,4,1-4,sport,UIAA,Lindkogel,Friedrichswand,Keltenkalk,48.071995,16.277497,Lindkogel | Friedrichswand | Einstiegsvariante,,in Notion DB,OSM exact: Friedrichswand
Günther,2,1-4,sport,UIAA,Lindkogel,Friedrichswand,Keltenkalk,48.071995,16.277497,Lindkogel | Friedrichswand | Günther,,in Notion DB,OSM exact: Friedrichswand
Hauptriss,5-,5-7,sport,UIAA,Lindkogel,Friedrichswand,Keltenkalk,48.071995,16.277497,Lindkogel | Friedrichswand | Hauptriss,,in Notion DB,OSM exact: Friedrichswand
Im Herzen Jung - Maria,5+,5-7,sport,UIAA,Lindkogel,Friedrichswand,Keltenkalk,48.071995,16.277497,Lindkogel | Friedrichswand | Im Herzen Jung - Maria,,in Notion DB,OSM exact: Friedrichswand
Karwendelpfeiler,4,1-4,sport,UIAA,Lindkogel,Friedrichswand,Keltenkalk,48.071995,16.277497,Lindkogel | Friedrichswand | Karwendelpfeiler,,in Notion DB,OSM exact: Friedrichswand
Kobaltkobolde,4/4+,1-4,sport,UIAA,Lindkogel,Friedrichswand,Keltenkalk,48.071995,16.277497,Lindkogel | Friedrichswand | Kobaltkobolde,,in Notion DB,OSM exact: Friedrichswand
Kuhschelle,4,1-4,sport,UIAA,Lindkogel,Friedrichswand,Keltenkalk,48.071995,16.277497,Lindkogel | Friedrichswand | Kuhschelle,,in Notion DB,OSM exact: Friedrichswand
Neue Schwibbogenplatte,4+,1-4,sport,UIAA,Lindkogel,Friedrichswand,Keltenkalk,48.071995,16.277497,Lindkogel | Friedrichswand | Neue Schwibbogenplatte,,in Notion DB,OSM exact: Friedrichswand
Neue Westliche Platte,4+,1-4,sport,UIAA,Lindkogel,Friedrichswand,Keltenkalk,48.071995,16.277497,Lindkogel | Friedrichswand | Neue Westliche Platte,,in Notion DB,OSM exact: Friedrichswand
Onkel Karl,3+,1-4,sport,UIAA,Lindkogel,Friedrichswand,Keltenkalk,48.071995,16.277497,Lindkogel | Friedrichswand | Onkel Karl,,in Notion DB,OSM exact: Friedrichswand
Plattiger Pfeiler,3,1-4,sport,UIAA,Lindkogel,Friedrichswand,Keltenkalk,48.071995,16.277497,Lindkogel | Friedrichswand | Plattiger Pfeiler,,in Notion DB,OSM exact: Friedrichswand
Rechter Anstieg,5,5-7,sport,UIAA,Lindkogel,Friedrichswand,Keltenkalk,48.071995,16.277497,Lindkogel | Friedrichswand | Rechter Anstieg,,in Notion DB,OSM exact: Friedrichswand
Rinne,1-2,1-4,sport,UIAA,Lindkogel,Friedrichswand,Keltenkalk,48.071995,16.277497,Lindkogel | Friedrichswand | Rinne,,in Notion DB,OSM exact: Friedrichswand
Schwarze Verschneidung,3+,1-4,sport,UIAA,Lindkogel,Friedrichswand,Keltenkalk,48.071995,16.277497,Lindkogel | Friedrichswand | Schwarze Verschneidung,,in Notion DB,OSM exact: Friedrichswand
Simonaplatte,4+,1-4,sport,UIAA,Lindkogel,Friedrichswand,Keltenkalk,48.071995,16.277497,Lindkogel | Friedrichswand | Simonaplatte,,in Notion DB,OSM exact: Friedrichswand
Statikmischerpuster,6,5-7,sport,UIAA,Lindkogel,Friedrichswand,Keltenkalk,48.071995,16.277497,Lindkogel | Friedrichswand | Statikmischerpuster,,in Notion DB,OSM exact: Friedrichswand
Teils - Teils,5,5-7,sport,UIAA,Lindkogel,Friedrichswand,Keltenkalk,48.071995,16.277497,Lindkogel | Friedrichswand | Teils - Teils,,in Notion DB,OSM exact: Friedrichswand
Terrassendiagonale,4+,1-4,sport,UIAA,Lindkogel,Friedrichswand,Keltenkalk,48.071995,16.277497,Lindkogel | Friedrichswand | Terrassendiagonale,,in Notion DB,OSM exact: Friedrichswand
Via Dimenticata,5+,5-7,sport,UIAA,Lindkogel,Friedrichswand,Keltenkalk,48.071995,16.277497,Lindkogel | Friedrichswand | Via Dimenticata,,in Notion DB,OSM exact: Friedrichswand
Via Fratelli Kammlander,4,1-4,sport,UIAA,Lindkogel,Friedrichswand,Keltenkalk,48.071995,16.277497,Lindkogel | Friedrichswand | Via Fratelli Kammlander,,in Notion DB,OSM exact: Friedrichswand
Weg der Jugend,6,5-7,sport,UIAA,Lindkogel,Friedrichswand,Keltenkalk,48.071995,16.277497,Lindkogel | Friedrichswand | Weg der Jugend,,in Notion DB,OSM exact: Friedrichswand
Westliche Verschneidung,3,1-4,sport,UIAA,Lindkogel,Friedrichswand,Keltenkalk,48.071995,16.277497,Lindkogel | Friedrichswand | Westliche Verschneidung,,in Notion DB,OSM exact: Friedrichswand
Wilderersteig,2,1-4,sport,UIAA,Lindkogel,Friedrichswand,Keltenkalk,48.071995,16.277497,Lindkogel | Friedrichswand | Wilderersteig,,in Notion DB,OSM exact: Friedrichswand
1936er Steig,3+,1-4,sport,UIAA,Lindkogel,Roter Ofen,Keltenkalk,48.090026,16.238521,Lindkogel | Roter Ofen | 1936er Steig,,in Notion DB,OSM exact: Roter Ofen
Alpenvereinssteig,5+,5-7,sport,UIAA,Lindkogel,Roter Ofen,Keltenkalk,48.090026,16.238521,Lindkogel | Roter Ofen | Alpenvereinssteig,,in Notion DB,OSM exact: Roter Ofen
Alte Verschneidung,6+,5-7,sport,UIAA,Lindkogel,Roter Ofen,Keltenkalk,48.090026,16.238521,Lindkogel | Roter Ofen | Alte Verschneidung,,in Notion DB,OSM exact: Roter Ofen
Autobahn,4+,1-4,sport,UIAA,Lindkogel,Roter Ofen,Keltenkalk,48.090026,16.238521,Lindkogel | Roter Ofen | Autobahn,,in Notion DB,OSM exact: Roter Ofen
Bergmilch,7+/8-,5-7,sport,UIAA,Lindkogel,Roter Ofen,Keltenkalk,48.090026,16.238521,Lindkogel | Roter Ofen | Bergmilch,,in Notion DB,OSM exact: Roter Ofen
Besenhüpfer,7+,5-7,sport,UIAA,Lindkogel,Roter Ofen,Keltenkalk,48.090026,16.238521,Lindkogel | Roter Ofen | Besenhüpfer,,in Notion DB,OSM exact: Roter Ofen
Dornröschen,8+,8-11,sport,UIAA,Lindkogel,Roter Ofen,Keltenkalk,48.090026,16.238521,Lindkogel | Roter Ofen | Dornröschen,,in Notion DB,OSM exact: Roter Ofen
Gecko Zwerg,6,5-7,sport,UIAA,Lindkogel,Roter Ofen,Keltenkalk,48.090026,16.238521,Lindkogel | Roter Ofen | Gecko Zwerg,,in Notion DB,OSM exact: Roter Ofen
Gemeindeweg,5,5-7,sport,UIAA,Lindkogel,Roter Ofen,Keltenkalk,48.090026,16.238521,Lindkogel | Roter Ofen | Gemeindeweg,,in Notion DB,OSM exact: Roter Ofen
Gleitflug,9,8-11,sport,UIAA,Lindkogel,Roter Ofen,Keltenkalk,48.090026,16.238521,Lindkogel | Roter Ofen | Gleitflug,,in Notion DB,OSM exact: Roter Ofen
Guckloch,7-,5-7,sport,UIAA,Lindkogel,Roter Ofen,Keltenkalk,48.090026,16.238521,Lindkogel | Roter Ofen | Guckloch,,in Notion DB,OSM exact: Roter Ofen
Kraftriss,7+,5-7,sport,UIAA,Lindkogel,Roter Ofen,Keltenkalk,48.090026,16.238521,Lindkogel | Roter Ofen | Kraftriss,,in Notion DB,OSM exact: Roter Ofen
Mürbteig,7-,5-7,sport,UIAA,Lindkogel,Roter Ofen,Keltenkalk,48.090026,16.238521,Lindkogel | Roter Ofen | Mürbteig,,in Notion DB,OSM exact: Roter Ofen
Nr 3,9-,8-11,sport,UIAA,Lindkogel,Roter Ofen,Keltenkalk,48.090026,16.238521,Lindkogel | Roter Ofen | Nr 3,,in Notion DB,OSM exact: Roter Ofen
Nr 5,8+,8-11,sport,UIAA,Lindkogel,Roter Ofen,Keltenkalk,48.090026,16.238521,Lindkogel | Roter Ofen | Nr 5,,in Notion DB,OSM exact: Roter Ofen
Nr 6,8,8-11,sport,UIAA,Lindkogel,Roter Ofen,Keltenkalk,48.090026,16.238521,Lindkogel | Roter Ofen | Nr 6,,in Notion DB,OSM exact: Roter Ofen
Nr 7,7+,5-7,sport,UIAA,Lindkogel,Roter Ofen,Keltenkalk,48.090026,16.238521,Lindkogel | Roter Ofen | Nr 7,,in Notion DB,OSM exact: Roter Ofen
Plattenkante,4,1-4,sport,UIAA,Lindkogel,Roter Ofen,Keltenkalk,48.090026,16.238521,Lindkogel | Roter Ofen | Plattenkante,,in Notion DB,OSM exact: Roter Ofen
Plattentanz,4,1-4,sport,UIAA,Lindkogel,Roter Ofen,Keltenkalk,48.090026,16.238521,Lindkogel | Roter Ofen | Plattentanz,,in Notion DB,OSM exact: Roter Ofen
Projekt (Nr 1),ca 9+,,sport,UIAA,Lindkogel,Roter Ofen,Keltenkalk,48.090026,16.238521,Lindkogel | Roter Ofen | Projekt (Nr 1),,in Notion DB,OSM exact: Roter Ofen
Projekt (Nr 2),,,sport,UIAA,Lindkogel,Roter Ofen,Keltenkalk,48.090026,16.238521,Lindkogel | Roter Ofen | Projekt (Nr 2),,in Notion DB,OSM exact: Roter Ofen
Projekt (Nr 4),,,sport,UIAA,Lindkogel,Roter Ofen,Keltenkalk,48.090026,16.238521,Lindkogel | Roter Ofen | Projekt (Nr 4),,in Notion DB,OSM exact: Roter Ofen
Putzteufel,7-,5-7,sport,UIAA,Lindkogel,Roter Ofen,Keltenkalk,48.090026,16.238521,Lindkogel | Roter Ofen | Putzteufel,,in Notion DB,OSM exact: Roter Ofen
Rucki Zucki,8,8-11,sport,UIAA,Lindkogel,Roter Ofen,Keltenkalk,48.090026,16.238521,Lindkogel | Roter Ofen | Rucki Zucki,,in Notion DB,OSM exact: Roter Ofen
Schwanensee,7,5-7,sport,UIAA,Lindkogel,Roter Ofen,Keltenkalk,48.090026,16.238521,Lindkogel | Roter Ofen | Schwanensee,,in Notion DB,OSM exact: Roter Ofen
Silbervogel,10+,8-11,sport,UIAA,Lindkogel,Roter Ofen,Keltenkalk,48.090026,16.238521,Lindkogel | Roter Ofen | Silbervogel,,in Notion DB,OSM exact: Roter Ofen
Sonderzug,5,5-7,sport,UIAA,Lindkogel,Roter Ofen,Keltenkalk,48.090026,16.238521,Lindkogel | Roter Ofen | Sonderzug,,in Notion DB,OSM exact: Roter Ofen
Sonnenkind,7-/7,5-7,sport,UIAA,Lindkogel,Roter Ofen,Keltenkalk,48.090026,16.238521,Lindkogel | Roter Ofen | Sonnenkind,,in Notion DB,OSM exact: Roter Ofen
Sportlocke,6/6+,5-7,sport,UIAA,Lindkogel,Roter Ofen,Keltenkalk,48.090026,16.238521,Lindkogel | Roter Ofen | Sportlocke,,in Notion DB,OSM exact: Roter Ofen
Sprengmeister,7/7+,5-7,sport,UIAA,Lindkogel,Roter Ofen,Keltenkalk,48.090026,16.238521,Lindkogel | Roter Ofen | Sprengmeister,,in Notion DB,OSM exact: Roter Ofen
Steinerdiagonale,4,1-4,sport,UIAA,Lindkogel,Roter Ofen,Keltenkalk,48.090026,16.238521,Lindkogel | Roter Ofen | Steinerdiagonale,,in Notion DB,OSM exact: Roter Ofen
Südwestkante,6+,5-7,sport,UIAA,Lindkogel,Roter Ofen,Keltenkalk,48.090026,16.238521,Lindkogel | Roter Ofen | Südwestkante,,in Notion DB,OSM exact: Roter Ofen
Terrassensteig,5-,5-7,sport,UIAA,Lindkogel,Roter Ofen,Keltenkalk,48.090026,16.238521,Lindkogel | Roter Ofen | Terrassensteig,,in Notion DB,OSM exact: Roter Ofen
Variante,5,5-7,sport,UIAA,Lindkogel,Roter Ofen,Keltenkalk,48.090026,16.238521,Lindkogel | Roter Ofen | Variante,,in Notion DB,OSM exact: Roter Ofen
Wasserlauf,5+,5-7,sport,UIAA,Lindkogel,Roter Ofen,Keltenkalk,48.090026,16.238521,Lindkogel | Roter Ofen | Wasserlauf,,in Notion DB,OSM exact: Roter Ofen
Wespenriss,7-,5-7,sport,UIAA,Lindkogel,Roter Ofen,Keltenkalk,48.090026,16.238521,Lindkogel | Roter Ofen | Wespenriss,,in Notion DB,OSM exact: Roter Ofen
Wespentanz,5,5-7,sport,UIAA,Lindkogel,Roter Ofen,Keltenkalk,48.090026,16.238521,Lindkogel | Roter Ofen | Wespentanz,,in Notion DB,OSM exact: Roter Ofen
Zwerg Hinkebein,3,1-4,sport,UIAA,Lindkogel,Roter Ofen,Keltenkalk,48.090026,16.238521,Lindkogel | Roter Ofen | Zwerg Hinkebein,,in Notion DB,OSM exact: Roter Ofen
Zwerg Nase,2,1-4,sport,UIAA,Lindkogel,Roter Ofen,Keltenkalk,48.090026,16.238521,Lindkogel | Roter Ofen | Zwerg Nase,,in Notion DB,OSM exact: Roter Ofen
Zwergeneck,4,1-4,sport,UIAA,Lindkogel,Roter Ofen,Keltenkalk,48.090026,16.238521,Lindkogel | Roter Ofen | Zwergeneck,,in Notion DB,OSM exact: Roter Ofen
Zwergensprung,2,1-4,sport,UIAA,Lindkogel,Roter Ofen,Keltenkalk,48.090026,16.238521,Lindkogel | Roter Ofen | Zwergensprung,,in Notion DB,OSM exact: Roter Ofen
Arbeitslosensteig,5-,5-7,sport,UIAA,Lindkogel,Weisses Kreuz,Keltenkalk,47.991785,16.135226,Lindkogel | Weisses Kreuz | Arbeitslosensteig,,in Notion DB,theCrag: Lindkogel (4481750199)
Backyard,6b,Boulder,boulder,Font,Lindkogel,Weisses Kreuz,Keltenkalk,47.991785,16.135226,Lindkogel | Weisses Kreuz | Backyard,,in Notion DB,theCrag: Lindkogel (4481750199)
Cafemungo,9-/9,8-11,sport,UIAA,Lindkogel,Weisses Kreuz,Keltenkalk,47.991785,16.135226,Lindkogel | Weisses Kreuz | Cafemungo,,in Notion DB,theCrag: Lindkogel (4481750199)
Diagonale,4+,1-4,sport,UIAA,Lindkogel,Weisses Kreuz,Keltenkalk,47.991785,16.135226,Lindkogel | Weisses Kreuz | Diagonale,,in Notion DB,theCrag: Lindkogel (4481750199)
Edelweiss Steig,6+,5-7,sport,UIAA,Lindkogel,Weisses Kreuz,Keltenkalk,47.991785,16.135226,Lindkogel | Weisses Kreuz | Edelweiss Steig,,in Notion DB,theCrag: Lindkogel (4481750199)
Glatte Platte,6+/7-,5-7,sport,UIAA,Lindkogel,Weisses Kreuz,Keltenkalk,47.991785,16.135226,Lindkogel | Weisses Kreuz | Glatte Platte,,in Notion DB,theCrag: Lindkogel (4481750199)
Nr 1,8-,8-11,sport,UIAA,Lindkogel,Weisses Kreuz,Keltenkalk,47.991785,16.135226,Lindkogel | Weisses Kreuz | Nr 1,,in Notion DB,theCrag: Lindkogel (4481750199)
Nr 2,8-,8-11,sport,UIAA,Lindkogel,Weisses Kreuz,Keltenkalk,47.991785,16.135226,Lindkogel | Weisses Kreuz | Nr 2,,in Notion DB,theCrag: Lindkogel (4481750199)
Pfeilerverschneidung,4,1-4,sport,UIAA,Lindkogel,Weisses Kreuz,Keltenkalk,47.991785,16.135226,Lindkogel | Weisses Kreuz | Pfeilerverschneidung,,in Notion DB,theCrag: Lindkogel (4481750199)
Quartettsteig (1a),5,5-7,sport,UIAA,Lindkogel,Weisses Kreuz,Keltenkalk,47.991785,16.135226,Lindkogel | Weisses Kreuz | Quartettsteig (1a),,in Notion DB,theCrag: Lindkogel (4481750199)
Wandl mit Riss,4+,1-4,sport,UIAA,Lindkogel,Weisses Kreuz,Keltenkalk,47.991785,16.135226,Lindkogel | Weisses Kreuz | Wandl mit Riss,,in Notion DB,theCrag: Lindkogel (4481750199)
Weg der Überhänge,5-,5-7,sport,UIAA,Lindkogel,Weisses Kreuz,Keltenkalk,47.991785,16.135226,Lindkogel | Weisses Kreuz | Weg der Überhänge,,in Notion DB,theCrag: Lindkogel (4481750199)
Weisser Pfeiler,7-,5-7,sport,UIAA,Lindkogel,Weisses Kreuz,Keltenkalk,47.991785,16.135226,Lindkogel | Weisses Kreuz | Weisser Pfeiler,,in Notion DB,theCrag: Lindkogel (4481750199)
White Crack,7,5-7,sport,UIAA,Lindkogel,Weisses Kreuz,Keltenkalk,47.991785,16.135226,Lindkogel | Weisses Kreuz | White Crack,,in Notion DB,theCrag: Lindkogel (4481750199)
White Reality,7+,5-7,sport,UIAA,Lindkogel,Weisses Kreuz,Keltenkalk,47.991785,16.135226,Lindkogel | Weisses Kreuz | White Reality,,in Notion DB,theCrag: Lindkogel (4481750199)
Bier fia'n Hias,6,5-7,sport,UIAA,Mödling,Efeugrat,Keltenkalk,48.080646,16.270495,Mödling | Efeugrat | Bier fia'n Hias,,in Notion DB,OSM exact: Efeugrat
Black Shadow on the Wall,8-,8-11,sport,UIAA,Mödling,Efeugrat,Keltenkalk,48.080646,16.270495,Mödling | Efeugrat | Black Shadow on the Wall,,in Notion DB,OSM exact: Efeugrat
Co - KG,7,5-7,sport,UIAA,Mödling,Efeugrat,Keltenkalk,48.080646,16.270495,Mödling | Efeugrat | Co - KG,,in Notion DB,OSM exact: Efeugrat
Dechant Müller,7,5-7,sport,UIAA,Mödling,Efeugrat,Keltenkalk,48.080646,16.270495,Mödling | Efeugrat | Dechant Müller,,in Notion DB,OSM exact: Efeugrat
Der Galgen,5,5-7,sport,UIAA,Mödling,Efeugrat,Keltenkalk,48.080646,16.270495,Mödling | Efeugrat | Der Galgen,,in Notion DB,OSM exact: Efeugrat
Diagonalriss,7,5-7,sport,UIAA,Mödling,Efeugrat,Keltenkalk,48.080646,16.270495,Mödling | Efeugrat | Diagonalriss,,in Notion DB,OSM exact: Efeugrat
Diagonalverschneidung,6-,5-7,sport,UIAA,Mödling,Efeugrat,Keltenkalk,48.080646,16.270495,Mödling | Efeugrat | Diagonalverschneidung,,in Notion DB,OSM exact: Efeugrat
Direkter Galgen,5+,5-7,sport,UIAA,Mödling,Efeugrat,Keltenkalk,48.080646,16.270495,Mödling | Efeugrat | Direkter Galgen,,in Notion DB,OSM exact: Efeugrat
Direkter Hias,7+,5-7,sport,UIAA,Mödling,Efeugrat,Keltenkalk,48.080646,16.270495,Mödling | Efeugrat | Direkter Hias,,in Notion DB,OSM exact: Efeugrat
Dornröschen,9,8-11,sport,UIAA,Mödling,Efeugrat,Keltenkalk,48.080646,16.270495,Mödling | Efeugrat | Dornröschen,,in Notion DB,OSM exact: Efeugrat
Efeu Ade,4,1-4,sport,UIAA,Mödling,Efeugrat,Keltenkalk,48.080646,16.270495,Mödling | Efeugrat | Efeu Ade,,in Notion DB,OSM exact: Efeugrat
Eiertanz,7,5-7,sport,UIAA,Mödling,Efeugrat,Keltenkalk,48.080646,16.270495,Mödling | Efeugrat | Eiertanz,,in Notion DB,OSM exact: Efeugrat
Ein Herz für Anfänger,4,1-4,sport,UIAA,Mödling,Efeugrat,Keltenkalk,48.080646,16.270495,Mödling | Efeugrat | Ein Herz für Anfänger,,in Notion DB,OSM exact: Efeugrat
Ernas Angst,6,5-7,sport,UIAA,Mödling,Efeugrat,Keltenkalk,48.080646,16.270495,Mödling | Efeugrat | Ernas Angst,,in Notion DB,OSM exact: Efeugrat
Federnelkenweg,6+,5-7,sport,UIAA,Mödling,Efeugrat,Keltenkalk,48.080646,16.270495,Mödling | Efeugrat | Federnelkenweg,,in Notion DB,OSM exact: Efeugrat
Fingerbeisser,8/8+,8-11,sport,UIAA,Mödling,Efeugrat,Keltenkalk,48.080646,16.270495,Mödling | Efeugrat | Fingerbeisser,,in Notion DB,OSM exact: Efeugrat
Fuck Head,8+/9-,8-11,sport,UIAA,Mödling,Efeugrat,Keltenkalk,48.080646,16.270495,Mödling | Efeugrat | Fuck Head,,in Notion DB,OSM exact: Efeugrat
Kamin,4,1-4,sport,UIAA,Mödling,Efeugrat,Keltenkalk,48.080646,16.270495,Mödling | Efeugrat | Kamin,,in Notion DB,OSM exact: Efeugrat
Kantenflug,6+,5-7,sport,UIAA,Mödling,Efeugrat,Keltenkalk,48.080646,16.270495,Mödling | Efeugrat | Kantenflug,,in Notion DB,OSM exact: Efeugrat
Luis,7-,5-7,sport,UIAA,Mödling,Efeugrat,Keltenkalk,48.080646,16.270495,Mödling | Efeugrat | Luis,,in Notion DB,OSM exact: Efeugrat
Mashiwo,9,8-11,sport,UIAA,Mödling,Efeugrat,Keltenkalk,48.080646,16.270495,Mödling | Efeugrat | Mashiwo,,in Notion DB,OSM exact: Efeugrat
Nr 3,9-,8-11,sport,UIAA,Mödling,Efeugrat,Keltenkalk,48.080646,16.270495,Mödling | Efeugrat | Nr 3,,in Notion DB,OSM exact: Efeugrat
Nr 37,2,1-4,sport,UIAA,Mödling,Efeugrat,Keltenkalk,48.080646,16.270495,Mödling | Efeugrat | Nr 37,,in Notion DB,OSM exact: Efeugrat
Nähmaschine,6,5-7,sport,UIAA,Mödling,Efeugrat,Keltenkalk,48.080646,16.270495,Mödling | Efeugrat | Nähmaschine,,in Notion DB,OSM exact: Efeugrat
Nähmaschinenfusserl,7+/8-,5-7,sport,UIAA,Mödling,Efeugrat,Keltenkalk,48.080646,16.270495,Mödling | Efeugrat | Nähmaschinenfusserl,,in Notion DB,OSM exact: Efeugrat
Play,9-,8-11,sport,UIAA,Mödling,Efeugrat,Keltenkalk,48.080646,16.270495,Mödling | Efeugrat | Play,,in Notion DB,OSM exact: Efeugrat
Rampe,4,1-4,sport,UIAA,Mödling,Efeugrat,Keltenkalk,48.080646,16.270495,Mödling | Efeugrat | Rampe,,in Notion DB,OSM exact: Efeugrat
Rechtsdrall,7,5-7,sport,UIAA,Mödling,Efeugrat,Keltenkalk,48.080646,16.270495,Mödling | Efeugrat | Rechtsdrall,,in Notion DB,OSM exact: Efeugrat
Sarkas Prüfung,4+,1-4,sport,UIAA,Mödling,Efeugrat,Keltenkalk,48.080646,16.270495,Mödling | Efeugrat | Sarkas Prüfung,,in Notion DB,OSM exact: Efeugrat
Schlange,8-,8-11,sport,UIAA,Mödling,Efeugrat,Keltenkalk,48.080646,16.270495,Mödling | Efeugrat | Schlange,,in Notion DB,OSM exact: Efeugrat
Schroffenweg,4,1-4,sport,UIAA,Mödling,Efeugrat,Keltenkalk,48.080646,16.270495,Mödling | Efeugrat | Schroffenweg,,in Notion DB,OSM exact: Efeugrat
Schweisstreiber,9-,8-11,sport,UIAA,Mödling,Efeugrat,Keltenkalk,48.080646,16.270495,Mödling | Efeugrat | Schweisstreiber,,in Notion DB,OSM exact: Efeugrat
Snöf,7-,5-7,sport,UIAA,Mödling,Efeugrat,Keltenkalk,48.080646,16.270495,Mödling | Efeugrat | Snöf,,in Notion DB,OSM exact: Efeugrat
Sondereinsatz,10-,8-11,sport,UIAA,Mödling,Efeugrat,Keltenkalk,48.080646,16.270495,Mödling | Efeugrat | Sondereinsatz,,in Notion DB,OSM exact: Efeugrat
Variante,6+,5-7,sport,UIAA,Mödling,Efeugrat,Keltenkalk,48.080646,16.270495,Mödling | Efeugrat | Variante,,in Notion DB,OSM exact: Efeugrat
Verschneidung,4,1-4,sport,UIAA,Mödling,Efeugrat,Keltenkalk,48.080646,16.270495,Mödling | Efeugrat | Verschneidung,,in Notion DB,OSM exact: Efeugrat
Winkler Empor,8,8-11,sport,UIAA,Mödling,Efeugrat,Keltenkalk,48.080646,16.270495,Mödling | Efeugrat | Winkler Empor,,in Notion DB,OSM exact: Efeugrat
Die Helden Sind Müde,6-,5-7,sport,UIAA,Mödling,Erikagrat,Keltenkalk,48.081424,16.275497,Mödling | Erikagrat | Die Helden Sind Müde,,in Notion DB,OSM exact: Erikagrat
Erika Aktuell,6,5-7,sport,UIAA,Mödling,Erikagrat,Keltenkalk,48.081424,16.275497,Mödling | Erikagrat | Erika Aktuell,,in Notion DB,OSM exact: Erikagrat
Erika Verschneidung,3,1-4,sport,UIAA,Mödling,Erikagrat,Keltenkalk,48.081424,16.275497,Mödling | Erikagrat | Erika Verschneidung,,in Notion DB,OSM exact: Erikagrat
Gratüberschreitung,3+,1-4,sport,UIAA,Mödling,Erikagrat,Keltenkalk,48.081424,16.275497,Mödling | Erikagrat | Gratüberschreitung,,in Notion DB,OSM exact: Erikagrat
Hausmeisterehepaar I.R.,6,5-7,sport,UIAA,Mödling,Erikagrat,Keltenkalk,48.081424,16.275497,Mödling | Erikagrat | Hausmeisterehepaar I.R.,,in Notion DB,OSM exact: Erikagrat
I Am Solo,6+,5-7,sport,UIAA,Mödling,Erikagrat,Keltenkalk,48.081424,16.275497,Mödling | Erikagrat | I Am Solo,,in Notion DB,OSM exact: Erikagrat
Kaltfronterl,4+,1-4,sport,UIAA,Mödling,Erikagrat,Keltenkalk,48.081424,16.275497,Mödling | Erikagrat | Kaltfronterl,,in Notion DB,OSM exact: Erikagrat
Kamin,3,1-4,sport,UIAA,Mödling,Erikagrat,Keltenkalk,48.081424,16.275497,Mödling | Erikagrat | Kamin,,in Notion DB,OSM exact: Erikagrat
Listig,5+,5-7,sport,UIAA,Mödling,Erikagrat,Keltenkalk,48.081424,16.275497,Mödling | Erikagrat | Listig,,in Notion DB,OSM exact: Erikagrat
Ozon Go Home,7-,5-7,sport,UIAA,Mödling,Erikagrat,Keltenkalk,48.081424,16.275497,Mödling | Erikagrat | Ozon Go Home,,in Notion DB,OSM exact: Erikagrat
Pater Quirin Steig,2+,1-4,sport,UIAA,Mödling,Erikagrat,Keltenkalk,48.081424,16.275497,Mödling | Erikagrat | Pater Quirin Steig,,in Notion DB,OSM exact: Erikagrat
Rennschnecke,7+,5-7,sport,UIAA,Mödling,Erikagrat,Keltenkalk,48.081424,16.275497,Mödling | Erikagrat | Rennschnecke,,in Notion DB,OSM exact: Erikagrat
Rolfisteig,2+,1-4,sport,UIAA,Mödling,Erikagrat,Keltenkalk,48.081424,16.275497,Mödling | Erikagrat | Rolfisteig,,in Notion DB,OSM exact: Erikagrat
Salzstangerl,8,8-11,sport,UIAA,Mödling,Erikagrat,Keltenkalk,48.081424,16.275497,Mödling | Erikagrat | Salzstangerl,,in Notion DB,OSM exact: Erikagrat
Steig Genau,8-,8-11,sport,UIAA,Mödling,Erikagrat,Keltenkalk,48.081424,16.275497,Mödling | Erikagrat | Steig Genau,,in Notion DB,OSM exact: Erikagrat
Steirerbua,6,5-7,sport,UIAA,Mödling,Erikagrat,Keltenkalk,48.081424,16.275497,Mödling | Erikagrat | Steirerbua,,in Notion DB,OSM exact: Erikagrat
Sunshine,5+,5-7,sport,UIAA,Mödling,Erikagrat,Keltenkalk,48.081424,16.275497,Mödling | Erikagrat | Sunshine,,in Notion DB,OSM exact: Erikagrat
Tiroler Bua,4+,1-4,sport,UIAA,Mödling,Erikagrat,Keltenkalk,48.081424,16.275497,Mödling | Erikagrat | Tiroler Bua,,in Notion DB,OSM exact: Erikagrat
Wotan Wartet Nicht,8-,8-11,sport,UIAA,Mödling,Erikagrat,Keltenkalk,48.081424,16.275497,Mödling | Erikagrat | Wotan Wartet Nicht,,in Notion DB,OSM exact: Erikagrat
Übung mit Erika,6+,5-7,sport,UIAA,Mödling,Erikagrat,Keltenkalk,48.081424,16.275497,Mödling | Erikagrat | Übung mit Erika,,in Notion DB,OSM exact: Erikagrat
Aids oder Geht's,6+,5-7,sport,UIAA,Mödling,Glocknergrat,Keltenkalk,48.082238,16.276261,Mödling | Glocknergrat | Aids oder Geht's,,in Notion DB,OSM exact: Glocknergrat
Blauer Portugieser,6+,5-7,sport,UIAA,Mödling,Glocknergrat,Keltenkalk,48.082238,16.276261,Mödling | Glocknergrat | Blauer Portugieser,,in Notion DB,OSM exact: Glocknergrat
Dornröschen,5+,5-7,sport,UIAA,Mödling,Glocknergrat,Keltenkalk,48.082238,16.276261,Mödling | Glocknergrat | Dornröschen,,in Notion DB,OSM exact: Glocknergrat
Duo Links,6,5-7,sport,UIAA,Mödling,Glocknergrat,Keltenkalk,48.082238,16.276261,Mödling | Glocknergrat | Duo Links,,in Notion DB,OSM exact: Glocknergrat
Duo Rechts,4,1-4,sport,UIAA,Mödling,Glocknergrat,Keltenkalk,48.082238,16.276261,Mödling | Glocknergrat | Duo Rechts,,in Notion DB,OSM exact: Glocknergrat
Fiaker,6+,5-7,sport,UIAA,Mödling,Glocknergrat,Keltenkalk,48.082238,16.276261,Mödling | Glocknergrat | Fiaker,,in Notion DB,OSM exact: Glocknergrat
Frühling,8-,8-11,sport,UIAA,Mödling,Glocknergrat,Keltenkalk,48.082238,16.276261,Mödling | Glocknergrat | Frühling,,in Notion DB,OSM exact: Glocknergrat
Frühschoppen,6+/7-,5-7,sport,UIAA,Mödling,Glocknergrat,Keltenkalk,48.082238,16.276261,Mödling | Glocknergrat | Frühschoppen,,in Notion DB,OSM exact: Glocknergrat
Gratüberschreitung,3+,1-4,sport,UIAA,Mödling,Glocknergrat,Keltenkalk,48.082238,16.276261,Mödling | Glocknergrat | Gratüberschreitung,,in Notion DB,OSM exact: Glocknergrat
Kleiner Gerhard,8+/9-,8-11,sport,UIAA,Mödling,Glocknergrat,Keltenkalk,48.082238,16.276261,Mödling | Glocknergrat | Kleiner Gerhard,,in Notion DB,OSM exact: Glocknergrat
Kleiner Hansi,6,5-7,sport,UIAA,Mödling,Glocknergrat,Keltenkalk,48.082238,16.276261,Mödling | Glocknergrat | Kleiner Hansi,,in Notion DB,OSM exact: Glocknergrat
Kleiner Kurti,7-,5-7,sport,UIAA,Mödling,Glocknergrat,Keltenkalk,48.082238,16.276261,Mödling | Glocknergrat | Kleiner Kurti,,in Notion DB,OSM exact: Glocknergrat
Locker vom Hocker,8-,8-11,sport,UIAA,Mödling,Glocknergrat,Keltenkalk,48.082238,16.276261,Mödling | Glocknergrat | Locker vom Hocker,,in Notion DB,OSM exact: Glocknergrat
Neue Schreams'n,5,5-7,sport,UIAA,Mödling,Glocknergrat,Keltenkalk,48.082238,16.276261,Mödling | Glocknergrat | Neue Schreams'n,,in Notion DB,OSM exact: Glocknergrat
Noch Einfacher,4+,1-4,sport,UIAA,Mödling,Glocknergrat,Keltenkalk,48.082238,16.276261,Mödling | Glocknergrat | Noch Einfacher,,in Notion DB,OSM exact: Glocknergrat
Nr 20,6,5-7,sport,UIAA,Mödling,Glocknergrat,Keltenkalk,48.082238,16.276261,Mödling | Glocknergrat | Nr 20,,in Notion DB,OSM exact: Glocknergrat
Nr 21 (keine Haken),6,5-7,sport,UIAA,Mödling,Glocknergrat,Keltenkalk,48.082238,16.276261,Mödling | Glocknergrat | Nr 21 (keine Haken),,in Notion DB,OSM exact: Glocknergrat
Nr 26,4,1-4,sport,UIAA,Mödling,Glocknergrat,Keltenkalk,48.082238,16.276261,Mödling | Glocknergrat | Nr 26,,in Notion DB,OSM exact: Glocknergrat
Nr 29,4,1-4,sport,UIAA,Mödling,Glocknergrat,Keltenkalk,48.082238,16.276261,Mödling | Glocknergrat | Nr 29,,in Notion DB,OSM exact: Glocknergrat
Nr 8,4,1-4,sport,UIAA,Mödling,Glocknergrat,Keltenkalk,48.082238,16.276261,Mödling | Glocknergrat | Nr 8,,in Notion DB,OSM exact: Glocknergrat
Pferdehölle,6,5-7,sport,UIAA,Mödling,Glocknergrat,Keltenkalk,48.082238,16.276261,Mödling | Glocknergrat | Pferdehölle,,in Notion DB,OSM exact: Glocknergrat
Rote Spur,6+,5-7,sport,UIAA,Mödling,Glocknergrat,Keltenkalk,48.082238,16.276261,Mödling | Glocknergrat | Rote Spur,,in Notion DB,OSM exact: Glocknergrat
Sommer,6+,5-7,sport,UIAA,Mödling,Glocknergrat,Keltenkalk,48.082238,16.276261,Mödling | Glocknergrat | Sommer,,in Notion DB,OSM exact: Glocknergrat
The Edge,6+,5-7,sport,UIAA,Mödling,Glocknergrat,Keltenkalk,48.082238,16.276261,Mödling | Glocknergrat | The Edge,,in Notion DB,OSM exact: Glocknergrat
Variante,4,1-4,sport,UIAA,Mödling,Glocknergrat,Keltenkalk,48.082238,16.276261,Mödling | Glocknergrat | Variante,,in Notion DB,OSM exact: Glocknergrat
Westwandplatte,3,1-4,sport,UIAA,Mödling,Glocknergrat,Keltenkalk,48.082238,16.276261,Mödling | Glocknergrat | Westwandplatte,,in Notion DB,OSM exact: Glocknergrat
Winter,7+,5-7,sport,UIAA,Mödling,Glocknergrat,Keltenkalk,48.082238,16.276261,Mödling | Glocknergrat | Winter,,in Notion DB,OSM exact: Glocknergrat
Winterriss,5,5-7,sport,UIAA,Mödling,Glocknergrat,Keltenkalk,48.082238,16.276261,Mödling | Glocknergrat | Winterriss,,in Notion DB,OSM exact: Glocknergrat
Zeitgeisterfahrer,4+,1-4,sport,UIAA,Mödling,Glocknergrat,Keltenkalk,48.082238,16.276261,Mödling | Glocknergrat | Zeitgeisterfahrer,,in Notion DB,OSM exact: Glocknergrat
Zu Einfach,6,5-7,sport,UIAA,Mödling,Glocknergrat,Keltenkalk,48.082238,16.276261,Mödling | Glocknergrat | Zu Einfach,,in Notion DB,OSM exact: Glocknergrat
Andi los mi owa,5+,5-7,sport,UIAA,Mödling,Gumpoldskirchen,Keltenkalk,48.046052,16.269666,Mödling | Gumpoldskirchen | Andi los mi owa,,in Notion DB,theCrag: Gumpoldskirchen (351310965)
Blaubarschbubi,4+,1-4,sport,UIAA,Mödling,Gumpoldskirchen,Keltenkalk,48.046052,16.269666,Mödling | Gumpoldskirchen | Blaubarschbubi,,in Notion DB,theCrag: Gumpoldskirchen (351310965)
Dancing Susi,6-,5-7,sport,UIAA,Mödling,Gumpoldskirchen,Keltenkalk,48.046052,16.269666,Mödling | Gumpoldskirchen | Dancing Susi,,in Notion DB,theCrag: Gumpoldskirchen (351310965)
Ferdis Thron,5+,5-7,sport,UIAA,Mödling,Gumpoldskirchen,Keltenkalk,48.046052,16.269666,Mödling | Gumpoldskirchen | Ferdis Thron,,in Notion DB,theCrag: Gumpoldskirchen (351310965)
Flitzer,5-,5-7,sport,UIAA,Mödling,Gumpoldskirchen,Keltenkalk,48.046052,16.269666,Mödling | Gumpoldskirchen | Flitzer,,in Notion DB,theCrag: Gumpoldskirchen (351310965)
Flummi,4-,1-4,sport,UIAA,Mödling,Gumpoldskirchen,Keltenkalk,48.046052,16.269666,Mödling | Gumpoldskirchen | Flummi,,in Notion DB,theCrag: Gumpoldskirchen (351310965)
Klettersteigrunde B,B,,sport,UIAA,Mödling,Gumpoldskirchen,Keltenkalk,48.046052,16.269666,Mödling | Gumpoldskirchen | Klettersteigrunde B,,in Notion DB,theCrag: Gumpoldskirchen (351310965)
Nr 10,4+,1-4,sport,UIAA,Mödling,Gumpoldskirchen,Keltenkalk,48.046052,16.269666,Mödling | Gumpoldskirchen | Nr 10,,in Notion DB,theCrag: Gumpoldskirchen (351310965)
Nr 7,5,5-7,sport,UIAA,Mödling,Gumpoldskirchen,Keltenkalk,48.046052,16.269666,Mödling | Gumpoldskirchen | Nr 7,,in Notion DB,theCrag: Gumpoldskirchen (351310965)
Olé,5+,5-7,sport,UIAA,Mödling,Gumpoldskirchen,Keltenkalk,48.046052,16.269666,Mödling | Gumpoldskirchen | Olé,,in Notion DB,theCrag: Gumpoldskirchen (351310965)
Prutschurdl,5,5-7,sport,UIAA,Mödling,Gumpoldskirchen,Keltenkalk,48.046052,16.269666,Mödling | Gumpoldskirchen | Prutschurdl,,in Notion DB,theCrag: Gumpoldskirchen (351310965)
Abendsonne,7,5-7,sport,UIAA,Mödling,Lausbubenwand,Keltenkalk,48.080381,16.272178,Mödling | Lausbubenwand | Abendsonne,,in Notion DB,theCrag: Lausbubenwände (1456224435)
Alfis Übung,8+,8-11,sport,UIAA,Mödling,Lausbubenwand,Keltenkalk,48.080381,16.272178,Mödling | Lausbubenwand | Alfis Übung,,in Notion DB,theCrag: Lausbubenwände (1456224435)
Asterix,6+/7-,5-7,sport,UIAA,Mödling,Lausbubenwand,Keltenkalk,48.080381,16.272178,Mödling | Lausbubenwand | Asterix,,in Notion DB,theCrag: Lausbubenwände (1456224435)
Au So Rauh,7-,5-7,sport,UIAA,Mödling,Lausbubenwand,Keltenkalk,48.080381,16.272178,Mödling | Lausbubenwand | Au So Rauh,,in Notion DB,theCrag: Lausbubenwände (1456224435)
Bergbaron,4+,1-4,sport,UIAA,Mödling,Lausbubenwand,Keltenkalk,48.080381,16.272178,Mödling | Lausbubenwand | Bergbaron,,in Notion DB,theCrag: Lausbubenwände (1456224435)
Bergführerriss,5+,5-7,sport,UIAA,Mödling,Lausbubenwand,Keltenkalk,48.080381,16.272178,Mödling | Lausbubenwand | Bergführerriss,,in Notion DB,theCrag: Lausbubenwände (1456224435)
Beyond the Edge,6b,Boulder,boulder,Font,Mödling,Lausbubenwand,Keltenkalk,48.080381,16.272178,Mödling | Lausbubenwand | Beyond the Edge,,in Notion DB,theCrag: Lausbubenwände (1456224435)
Das Omen,8,8-11,sport,UIAA,Mödling,Lausbubenwand,Keltenkalk,48.080381,16.272178,Mödling | Lausbubenwand | Das Omen,,in Notion DB,theCrag: Lausbubenwände (1456224435)
Die Letzten Beissen die Hunde,8-,8-11,sport,UIAA,Mödling,Lausbubenwand,Keltenkalk,48.080381,16.272178,Mödling | Lausbubenwand | Die Letzten Beissen die Hunde,,in Notion DB,theCrag: Lausbubenwände (1456224435)
Erstiegener,8-/8,8-11,sport,UIAA,Mödling,Lausbubenwand,Keltenkalk,48.080381,16.272178,Mödling | Lausbubenwand | Erstiegener,,in Notion DB,theCrag: Lausbubenwände (1456224435)
Excitation,9+,8-11,sport,UIAA,Mödling,Lausbubenwand,Keltenkalk,48.080381,16.272178,Mödling | Lausbubenwand | Excitation,,in Notion DB,theCrag: Lausbubenwände (1456224435)
Falten und Strecken,7,5-7,sport,UIAA,Mödling,Lausbubenwand,Keltenkalk,48.080381,16.272178,Mödling | Lausbubenwand | Falten und Strecken,,in Notion DB,theCrag: Lausbubenwände (1456224435)
Gipfelausstieg,7/7+,5-7,sport,UIAA,Mödling,Lausbubenwand,Keltenkalk,48.080381,16.272178,Mödling | Lausbubenwand | Gipfelausstieg,,in Notion DB,theCrag: Lausbubenwände (1456224435)
Hansisteig,7,5-7,sport,UIAA,Mödling,Lausbubenwand,Keltenkalk,48.080381,16.272178,Mödling | Lausbubenwand | Hansisteig,,in Notion DB,theCrag: Lausbubenwände (1456224435)
Hidden Hole,6b,Boulder,boulder,Font,Mödling,Lausbubenwand,Keltenkalk,48.080381,16.272178,Mödling | Lausbubenwand | Hidden Hole,,in Notion DB,theCrag: Lausbubenwände (1456224435)
Hin und Her,6+,5-7,sport,UIAA,Mödling,Lausbubenwand,Keltenkalk,48.080381,16.272178,Mödling | Lausbubenwand | Hin und Her,,in Notion DB,theCrag: Lausbubenwände (1456224435)
Horror,7-,5-7,sport,UIAA,Mödling,Lausbubenwand,Keltenkalk,48.080381,16.272178,Mödling | Lausbubenwand | Horror,,in Notion DB,theCrag: Lausbubenwände (1456224435)
Idefix,7,5-7,sport,UIAA,Mödling,Lausbubenwand,Keltenkalk,48.080381,16.272178,Mödling | Lausbubenwand | Idefix,,in Notion DB,theCrag: Lausbubenwände (1456224435)
Kamin,5,5-7,sport,UIAA,Mödling,Lausbubenwand,Keltenkalk,48.080381,16.272178,Mödling | Lausbubenwand | Kamin,,in Notion DB,theCrag: Lausbubenwände (1456224435)
Klassiker,5a,Boulder,boulder,Font,Mödling,Lausbubenwand,Keltenkalk,48.080381,16.272178,Mödling | Lausbubenwand | Klassiker,,in Notion DB,theCrag: Lausbubenwände (1456224435)
Lausbubengrat,3+,1-4,sport,UIAA,Mödling,Lausbubenwand,Keltenkalk,48.080381,16.272178,Mödling | Lausbubenwand | Lausbubengrat,,in Notion DB,theCrag: Lausbubenwände (1456224435)
Lausbubenkante,6,5-7,sport,UIAA,Mödling,Lausbubenwand,Keltenkalk,48.080381,16.272178,Mödling | Lausbubenwand | Lausbubenkante,,in Notion DB,theCrag: Lausbubenwände (1456224435)
Lausbubenverschneidung,4,1-4,sport,UIAA,Mödling,Lausbubenwand,Keltenkalk,48.080381,16.272178,Mödling | Lausbubenwand | Lausbubenverschneidung,,in Notion DB,theCrag: Lausbubenwände (1456224435)
Machs Doch Schwer,7,5-7,sport,UIAA,Mödling,Lausbubenwand,Keltenkalk,48.080381,16.272178,Mödling | Lausbubenwand | Machs Doch Schwer,,in Notion DB,theCrag: Lausbubenwände (1456224435)
Miraculix,6+,5-7,sport,UIAA,Mödling,Lausbubenwand,Keltenkalk,48.080381,16.272178,Mödling | Lausbubenwand | Miraculix,,in Notion DB,theCrag: Lausbubenwände (1456224435)
Mist,6,5-7,sport,UIAA,Mödling,Lausbubenwand,Keltenkalk,48.080381,16.272178,Mödling | Lausbubenwand | Mist,,in Notion DB,theCrag: Lausbubenwände (1456224435)
Moralist,8-,8-11,sport,UIAA,Mödling,Lausbubenwand,Keltenkalk,48.080381,16.272178,Mödling | Lausbubenwand | Moralist,,in Notion DB,theCrag: Lausbubenwände (1456224435)
Nr 14,9+,8-11,sport,UIAA,Mödling,Lausbubenwand,Keltenkalk,48.080381,16.272178,Mödling | Lausbubenwand | Nr 14,,in Notion DB,theCrag: Lausbubenwände (1456224435)
Nr 6,7+/8-,5-7,sport,UIAA,Mödling,Lausbubenwand,Keltenkalk,48.080381,16.272178,Mödling | Lausbubenwand | Nr 6,,in Notion DB,theCrag: Lausbubenwände (1456224435)
Obelix,8,8-11,sport,UIAA,Mödling,Lausbubenwand,Keltenkalk,48.080381,16.272178,Mödling | Lausbubenwand | Obelix,,in Notion DB,theCrag: Lausbubenwände (1456224435)
Oho,6,5-7,sport,UIAA,Mödling,Lausbubenwand,Keltenkalk,48.080381,16.272178,Mödling | Lausbubenwand | Oho,,in Notion DB,theCrag: Lausbubenwände (1456224435)
Pfeiler,5+,5-7,sport,UIAA,Mödling,Lausbubenwand,Keltenkalk,48.080381,16.272178,Mödling | Lausbubenwand | Pfeiler,,in Notion DB,theCrag: Lausbubenwände (1456224435)
Projekt (Nr 2),,,sport,UIAA,Mödling,Lausbubenwand,Keltenkalk,48.080381,16.272178,Mödling | Lausbubenwand | Projekt (Nr 2),,in Notion DB,theCrag: Lausbubenwände (1456224435)
Prolo,8-,8-11,sport,UIAA,Mödling,Lausbubenwand,Keltenkalk,48.080381,16.272178,Mödling | Lausbubenwand | Prolo,,in Notion DB,theCrag: Lausbubenwände (1456224435)
Psycho I,7+,5-7,sport,UIAA,Mödling,Lausbubenwand,Keltenkalk,48.080381,16.272178,Mödling | Lausbubenwand | Psycho I,,in Notion DB,theCrag: Lausbubenwände (1456224435)
Reichtvariante,8,8-11,sport,UIAA,Mödling,Lausbubenwand,Keltenkalk,48.080381,16.272178,Mödling | Lausbubenwand | Reichtvariante,,in Notion DB,theCrag: Lausbubenwände (1456224435)
Rheumatic Fever,10-/10,8-11,sport,UIAA,Mödling,Lausbubenwand,Keltenkalk,48.080381,16.272178,Mödling | Lausbubenwand | Rheumatic Fever,,in Notion DB,theCrag: Lausbubenwände (1456224435)
Riss,7-,5-7,sport,UIAA,Mödling,Lausbubenwand,Keltenkalk,48.080381,16.272178,Mödling | Lausbubenwand | Riss,,in Notion DB,theCrag: Lausbubenwände (1456224435)
Riss (Nr 42),6,5-7,sport,UIAA,Mödling,Lausbubenwand,Keltenkalk,48.080381,16.272178,Mödling | Lausbubenwand | Riss (Nr 42),,in Notion DB,theCrag: Lausbubenwände (1456224435)
Riss (Nr 48),4,1-4,sport,UIAA,Mödling,Lausbubenwand,Keltenkalk,48.080381,16.272178,Mödling | Lausbubenwand | Riss (Nr 48),,in Notion DB,theCrag: Lausbubenwände (1456224435)
Steinzeit,6c,Boulder,boulder,Font,Mödling,Lausbubenwand,Keltenkalk,48.080381,16.272178,Mödling | Lausbubenwand | Steinzeit,,in Notion DB,theCrag: Lausbubenwände (1456224435)
Streck Dich,7+/8-,5-7,sport,UIAA,Mödling,Lausbubenwand,Keltenkalk,48.080381,16.272178,Mödling | Lausbubenwand | Streck Dich,,in Notion DB,theCrag: Lausbubenwände (1456224435)
Sturmtag,7,5-7,sport,UIAA,Mödling,Lausbubenwand,Keltenkalk,48.080381,16.272178,Mödling | Lausbubenwand | Sturmtag,,in Notion DB,theCrag: Lausbubenwände (1456224435)
Tape Dich,7-,5-7,sport,UIAA,Mödling,Lausbubenwand,Keltenkalk,48.080381,16.272178,Mödling | Lausbubenwand | Tape Dich,,in Notion DB,theCrag: Lausbubenwände (1456224435)
Tape Dich Direkt,7+,5-7,sport,UIAA,Mödling,Lausbubenwand,Keltenkalk,48.080381,16.272178,Mödling | Lausbubenwand | Tape Dich Direkt,,in Notion DB,theCrag: Lausbubenwände (1456224435)
Tränen für Irene,7+/8-,5-7,sport,UIAA,Mödling,Lausbubenwand,Keltenkalk,48.080381,16.272178,Mödling | Lausbubenwand | Tränen für Irene,,in Notion DB,theCrag: Lausbubenwände (1456224435)
Uknudel,7-,5-7,sport,UIAA,Mödling,Lausbubenwand,Keltenkalk,48.080381,16.272178,Mödling | Lausbubenwand | Uknudel,,in Notion DB,theCrag: Lausbubenwände (1456224435)
Verlängerung,6+,5-7,sport,UIAA,Mödling,Lausbubenwand,Keltenkalk,48.080381,16.272178,Mödling | Lausbubenwand | Verlängerung,,in Notion DB,theCrag: Lausbubenwände (1456224435)
Via Ente,7+,5-7,sport,UIAA,Mödling,Lausbubenwand,Keltenkalk,48.080381,16.272178,Mödling | Lausbubenwand | Via Ente,,in Notion DB,theCrag: Lausbubenwände (1456224435)
Vollmond,7+,5-7,sport,UIAA,Mödling,Lausbubenwand,Keltenkalk,48.080381,16.272178,Mödling | Lausbubenwand | Vollmond,,in Notion DB,theCrag: Lausbubenwände (1456224435)
Zwerg,6+,5-7,sport,UIAA,Mödling,Lausbubenwand,Keltenkalk,48.080381,16.272178,Mödling | Lausbubenwand | Zwerg,,in Notion DB,theCrag: Lausbubenwände (1456224435)
Öha,5+,5-7,sport,UIAA,Mödling,Lausbubenwand,Keltenkalk,48.080381,16.272178,Mödling | Lausbubenwand | Öha,,in Notion DB,theCrag: Lausbubenwände (1456224435)
Nordkante,5-,5-7,sport,UIAA,Mödling,Matterhörndl,Keltenkalk,48.014969,16.049373,Mödling | Matterhörndl | Nordkante,,in Notion DB,OSM fuzzy (0.87): Matterhorn
Nordwand,4+,1-4,sport,UIAA,Mödling,Matterhörndl,Keltenkalk,48.014969,16.049373,Mödling | Matterhörndl | Nordwand,,in Notion DB,OSM fuzzy (0.87): Matterhorn
Nordwestwand,5,5-7,sport,UIAA,Mödling,Matterhörndl,Keltenkalk,48.014969,16.049373,Mödling | Matterhörndl | Nordwestwand,,in Notion DB,OSM fuzzy (0.87): Matterhorn
Normalweg,2,1-4,sport,UIAA,Mödling,Matterhörndl,Keltenkalk,48.014969,16.049373,Mödling | Matterhörndl | Normalweg,,in Notion DB,OSM fuzzy (0.87): Matterhorn
Ostkamin,5-,5-7,sport,UIAA,Mödling,Matterhörndl,Keltenkalk,48.014969,16.049373,Mödling | Matterhörndl | Ostkamin,,in Notion DB,OSM fuzzy (0.87): Matterhorn
Ostkante,5+,5-7,sport,UIAA,Mödling,Matterhörndl,Keltenkalk,48.014969,16.049373,Mödling | Matterhörndl | Ostkante,,in Notion DB,OSM fuzzy (0.87): Matterhorn
Rampe,3,1-4,sport,UIAA,Mödling,Matterhörndl,Keltenkalk,48.014969,16.049373,Mödling | Matterhörndl | Rampe,,in Notion DB,OSM fuzzy (0.87): Matterhorn
Rechte Südkante,3,1-4,sport,UIAA,Mödling,Matterhörndl,Keltenkalk,48.014969,16.049373,Mödling | Matterhörndl | Rechte Südkante,,in Notion DB,OSM fuzzy (0.87): Matterhorn
Südostriss,4+,1-4,sport,UIAA,Mödling,Matterhörndl,Keltenkalk,48.014969,16.049373,Mödling | Matterhörndl | Südostriss,,in Notion DB,OSM fuzzy (0.87): Matterhorn
Südwestriss,4+,1-4,sport,UIAA,Mödling,Matterhörndl,Keltenkalk,48.014969,16.049373,Mödling | Matterhörndl | Südwestriss,,in Notion DB,OSM fuzzy (0.87): Matterhorn
Westkamin,4,1-4,sport,UIAA,Mödling,Matterhörndl,Keltenkalk,48.014969,16.049373,Mödling | Matterhörndl | Westkamin,,in Notion DB,OSM fuzzy (0.87): Matterhorn
Westriss,6-,5-7,sport,UIAA,Mödling,Matterhörndl,Keltenkalk,48.014969,16.049373,Mödling | Matterhörndl | Westriss,,in Notion DB,OSM fuzzy (0.87): Matterhorn
Boulder Me,6,5-7,sport,UIAA,Mödling,Promenadenfels,Keltenkalk,48.083002,16.276885,Mödling | Promenadenfels | Boulder Me,,in Notion DB,OSM exact: Promenadenfels
Erdloch,6-,5-7,sport,UIAA,Mödling,Promenadenfels,Keltenkalk,48.083002,16.276885,Mödling | Promenadenfels | Erdloch,,in Notion DB,OSM exact: Promenadenfels
Night Bolts,7+,5-7,sport,UIAA,Mödling,Promenadenfels,Keltenkalk,48.083002,16.276885,Mödling | Promenadenfels | Night Bolts,,in Notion DB,OSM exact: Promenadenfels
Nr 3,2+,1-4,sport,UIAA,Mödling,Promenadenfels,Keltenkalk,48.083002,16.276885,Mödling | Promenadenfels | Nr 3,,in Notion DB,OSM exact: Promenadenfels
Painkiller,7b/7b+,Boulder,boulder,Font,Mödling,Promenadenfels,Keltenkalk,48.083002,16.276885,Mödling | Promenadenfels | Painkiller,,in Notion DB,OSM exact: Promenadenfels
Promenadengrat,4,1-4,sport,UIAA,Mödling,Promenadenfels,Keltenkalk,48.083002,16.276885,Mödling | Promenadenfels | Promenadengrat,,in Notion DB,OSM exact: Promenadenfels
Torture Garden,7a,Boulder,boulder,Font,Mödling,Promenadenfels,Keltenkalk,48.083002,16.276885,Mödling | Promenadenfels | Torture Garden,,in Notion DB,OSM exact: Promenadenfels
Andrea the Croat,4,1-4,sport,UIAA,Mödling,Rauhe Platte,Keltenkalk,48.078912,16.277024,Mödling | Rauhe Platte | Andrea the Croat,,in Notion DB,OSM fuzzy (0.95): Raue Platte
Black Hole,4,1-4,sport,UIAA,Mödling,Rauhe Platte,Keltenkalk,48.078912,16.277024,Mödling | Rauhe Platte | Black Hole,,in Notion DB,OSM fuzzy (0.95): Raue Platte
Captain Kirk,4,1-4,sport,UIAA,Mödling,Rauhe Platte,Keltenkalk,48.078912,16.277024,Mödling | Rauhe Platte | Captain Kirk,,in Notion DB,OSM fuzzy (0.95): Raue Platte
Direkte Südwand,4,1-4,sport,UIAA,Mödling,Rauhe Platte,Keltenkalk,48.078912,16.277024,Mödling | Rauhe Platte | Direkte Südwand,,in Notion DB,OSM fuzzy (0.95): Raue Platte
Enterprise,4+,1-4,sport,UIAA,Mödling,Rauhe Platte,Keltenkalk,48.078912,16.277024,Mödling | Rauhe Platte | Enterprise,,in Notion DB,OSM fuzzy (0.95): Raue Platte
Mr Spock,3,1-4,sport,UIAA,Mödling,Rauhe Platte,Keltenkalk,48.078912,16.277024,Mödling | Rauhe Platte | Mr Spock,,in Notion DB,OSM fuzzy (0.95): Raue Platte
Pille,3,1-4,sport,UIAA,Mödling,Rauhe Platte,Keltenkalk,48.078912,16.277024,Mödling | Rauhe Platte | Pille,,in Notion DB,OSM fuzzy (0.95): Raue Platte
Sauerkraut Extrem,5-,5-7,sport,UIAA,Mödling,Rauhe Platte,Keltenkalk,48.078912,16.277024,Mödling | Rauhe Platte | Sauerkraut Extrem,,in Notion DB,OSM fuzzy (0.95): Raue Platte
Silicon Valley,4,1-4,sport,UIAA,Mödling,Rauhe Platte,Keltenkalk,48.078912,16.277024,Mödling | Rauhe Platte | Silicon Valley,,in Notion DB,OSM fuzzy (0.95): Raue Platte
Burggraben Direttissima,6+/7-,5-7,sport,UIAA,Mödling,Ritterfels,Keltenkalk,48.080464,16.266338,Mödling | Ritterfels | Burggraben Direttissima,,in Notion DB,OSM exact: Ritterfels
Burgherr,7+/8-,5-7,sport,UIAA,Mödling,Ritterfels,Keltenkalk,48.080464,16.266338,Mödling | Ritterfels | Burgherr,,in Notion DB,OSM exact: Ritterfels
Hofnarr,7-,5-7,sport,UIAA,Mödling,Ritterfels,Keltenkalk,48.080464,16.266338,Mödling | Ritterfels | Hofnarr,,in Notion DB,OSM exact: Ritterfels
Raubritter,7+,5-7,sport,UIAA,Mödling,Ritterfels,Keltenkalk,48.080464,16.266338,Mödling | Ritterfels | Raubritter,,in Notion DB,OSM exact: Ritterfels
Ritterfräulein,7-,5-7,sport,UIAA,Mödling,Ritterfels,Keltenkalk,48.080464,16.266338,Mödling | Ritterfels | Ritterfräulein,,in Notion DB,OSM exact: Ritterfels
Die Lange Entscheidung,6-,5-7,sport,UIAA,Mödling,Sturmwandl,Keltenkalk,48.079306,16.271175,Mödling | Sturmwandl | Die Lange Entscheidung,,in Notion DB,OSM fuzzy (0.95): Sturmwand
Frühjahrsputz,6-,5-7,sport,UIAA,Mödling,Sturmwandl,Keltenkalk,48.079306,16.271175,Mödling | Sturmwandl | Frühjahrsputz,,in Notion DB,OSM fuzzy (0.95): Sturmwand
Orkan,7-,5-7,sport,UIAA,Mödling,Sturmwandl,Keltenkalk,48.079306,16.271175,Mödling | Sturmwandl | Orkan,,in Notion DB,OSM fuzzy (0.95): Sturmwand
Roger Rabbit,6+,5-7,sport,UIAA,Mödling,Sturmwandl,Keltenkalk,48.079306,16.271175,Mödling | Sturmwandl | Roger Rabbit,,in Notion DB,OSM fuzzy (0.95): Sturmwand
Seitenwind,6-,5-7,sport,UIAA,Mödling,Sturmwandl,Keltenkalk,48.079306,16.271175,Mödling | Sturmwandl | Seitenwind,,in Notion DB,OSM fuzzy (0.95): Sturmwand
Philipp,8,8-11,sport,UIAA,Hohe Wand,Hausstein,Österreich Ost,47.917665,15.93254,Hohe Wand | Hausstein | Philipp,,to create,theCrag: Hausstein (5333714385)
Kamin,5,5-7,sport,UIAA,Hohe Wand,Hausstein,Österreich Ost,47.917665,15.93254,Hohe Wand | Hausstein | Kamin,,to create,theCrag: Hausstein (5333714385)
Ghadaffi grüsst Kreisky,8,8-11,sport,UIAA,Hohe Wand,Hausstein,Österreich Ost,47.917665,15.93254,Hohe Wand | Hausstein | Ghadaffi grüsst Kreisky,,to create,theCrag: Hausstein (5333714385)
Radarfalle,8+,8-11,sport,UIAA,Hohe Wand,Hausstein,Österreich Ost,47.917665,15.93254,Hohe Wand | Hausstein | Radarfalle,,to create,theCrag: Hausstein (5333714385)
Torturplatte,8-,8-11,sport,UIAA,Hohe Wand,Hausstein,Österreich Ost,47.917665,15.93254,Hohe Wand | Hausstein | Torturplatte,,to create,theCrag: Hausstein (5333714385)
Jagasimmerl,7-,5-7,sport,UIAA,Hohe Wand,Hausstein,Österreich Ost,47.917665,15.93254,Hohe Wand | Hausstein | Jagasimmerl,,to create,theCrag: Hausstein (5333714385)
Inox,8-,8-11,sport,UIAA,Hohe Wand,Hausstein,Österreich Ost,47.917665,15.93254,Hohe Wand | Hausstein | Inox,,to create,theCrag: Hausstein (5333714385)
Var (Inox),7+,5-7,sport,UIAA,Hohe Wand,Hausstein,Österreich Ost,47.917665,15.93254,Hohe Wand | Hausstein | Var (Inox),,to create,theCrag: Hausstein (5333714385)
Alles ist möglich,8 A0,8-11,sport,UIAA,Hohe Wand,Hausstein,Österreich Ost,47.917665,15.93254,Hohe Wand | Hausstein | Alles ist möglich,,to create,theCrag: Hausstein (5333714385)
Köpek,9+,8-11,sport,UIAA,Hohe Wand,Hausstein,Österreich Ost,47.917665,15.93254,Hohe Wand | Hausstein | Köpek,,to create,theCrag: Hausstein (5333714385)
Husch Husch ins Körbchen,7,5-7,multipitch,UIAA,Hohe Wand,Hausstein,Österreich Ost,47.917665,15.93254,Hohe Wand | Hausstein | Husch Husch ins Körbchen,,to create,theCrag: Hausstein (5333714385)
Schneebergblick,7,5-7,sport,UIAA,Hohe Wand,Hausstein,Österreich Ost,47.917665,15.93254,Hohe Wand | Hausstein | Schneebergblick,,to create,theCrag: Hausstein (5333714385)
Hausstein Eins,10-,8-11,sport,UIAA,Hohe Wand,Hausstein,Österreich Ost,47.917665,15.93254,Hohe Wand | Hausstein | Hausstein Eins,,to create,theCrag: Hausstein (5333714385)
Schwammerldirettissima,,,sport,UIAA,Hohe Wand,Hausstein,Österreich Ost,47.917665,15.93254,Hohe Wand | Hausstein | Schwammerldirettissima,,to create,theCrag: Hausstein (5333714385)
Hausstein Zwei,9+/10-,8-11,sport,UIAA,Hohe Wand,Hausstein,Österreich Ost,47.917665,15.93254,Hohe Wand | Hausstein | Hausstein Zwei,,to create,theCrag: Hausstein (5333714385)
Angriff RRT,7,5-7,sport,UIAA,Hohe Wand,Hausstein,Österreich Ost,47.917665,15.93254,Hohe Wand | Hausstein | Angriff RRT,,to create,theCrag: Hausstein (5333714385)
Kerzlschlicka,9-,8-11,multipitch,UIAA,Hohe Wand,Hausstein,Österreich Ost,47.917665,15.93254,Hohe Wand | Hausstein | Kerzlschlicka,,to create,theCrag: Hausstein (5333714385)
The Going Gong of Laddio Bolocko,,,sport,UIAA,Hohe Wand,Hausstein,Österreich Ost,47.917665,15.93254,Hohe Wand | Hausstein | The Going Gong of Laddio Bolocko,,to create,theCrag: Hausstein (5333714385)
Epic Problem,10-/10,8-11,sport,UIAA,Hohe Wand,Hausstein,Österreich Ost,47.917665,15.93254,Hohe Wand | Hausstein | Epic Problem,,to create,theCrag: Hausstein (5333714385)
Fanfare for Effective Freedom,8+,8-11,sport,UIAA,Hohe Wand,Hausstein,Österreich Ost,47.917665,15.93254,Hohe Wand | Hausstein | Fanfare for Effective Freedom,,to create,theCrag: Hausstein (5333714385)
Ich möcht alt sein mit einem Krückstock,7+,5-7,sport,UIAA,Hohe Wand,Hausstein,Österreich Ost,47.917665,15.93254,Hohe Wand | Hausstein | Ich möcht alt sein mit einem Krückstock,,to create,theCrag: Hausstein (5333714385)
Da Wuchtldrucka,9-,8-11,sport,UIAA,Hohe Wand,Hausstein,Österreich Ost,47.917665,15.93254,Hohe Wand | Hausstein | Da Wuchtldrucka,,to create,theCrag: Hausstein (5333714385)
Fledermausdach,8+,8-11,multipitch,UIAA,Hohe Wand,Hausstein,Österreich Ost,47.917665,15.93254,Hohe Wand | Hausstein | Fledermausdach,,to create,theCrag: Hausstein (5333714385)
Anarchists Just Wanna Have Fun,9+/10-,8-11,sport,UIAA,Hohe Wand,Hausstein,Österreich Ost,47.917665,15.93254,Hohe Wand | Hausstein | Anarchists Just Wanna Have Fun,,to create,theCrag: Hausstein (5333714385)
Favete Linguis,9,8-11,sport,UIAA,Hohe Wand,Hausstein,Österreich Ost,47.917665,15.93254,Hohe Wand | Hausstein | Favete Linguis,,to create,theCrag: Hausstein (5333714385)
Irrsinnsdimensionen,10-,8-11,sport,UIAA,Hohe Wand,Hausstein,Österreich Ost,47.917665,15.93254,Hohe Wand | Hausstein | Irrsinnsdimensionen,,to create,theCrag: Hausstein (5333714385)
Hausstein Drei,9+,8-11,sport,UIAA,Hohe Wand,Hausstein,Österreich Ost,47.917665,15.93254,Hohe Wand | Hausstein | Hausstein Drei,,to create,theCrag: Hausstein (5333714385)
Schneeglöckchen,11-,8-11,sport,UIAA,Hohe Wand,Hausstein,Österreich Ost,47.917665,15.93254,Hohe Wand | Hausstein | Schneeglöckchen,,to create,theCrag: Hausstein (5333714385)
Arsch im Raum der Zeit,7,5-7,sport,UIAA,Hohe Wand,Hausstein,Österreich Ost,47.917665,15.93254,Hohe Wand | Hausstein | Arsch im Raum der Zeit,,to create,theCrag: Hausstein (5333714385)
Das Heulen des Gösing-Wolfes,7,5-7,sport,UIAA,Hohe Wand,Hausstein,Österreich Ost,47.917665,15.93254,Hohe Wand | Hausstein | Das Heulen des Gösing-Wolfes,,to create,theCrag: Hausstein (5333714385)
Die ultimativen Bewegungen,7,5-7,sport,UIAA,Hohe Wand,Hausstein,Österreich Ost,47.917665,15.93254,Hohe Wand | Hausstein | Die ultimativen Bewegungen,,to create,theCrag: Hausstein (5333714385)
Goat Lips,7,5-7,sport,UIAA,Hohe Wand,Hausstein,Österreich Ost,47.917665,15.93254,Hohe Wand | Hausstein | Goat Lips,,to create,theCrag: Hausstein (5333714385)
Dach überm Kopf,7+,5-7,sport,UIAA,Hohe Wand,Hausstein,Österreich Ost,47.917665,15.93254,Hohe Wand | Hausstein | Dach überm Kopf,,to create,theCrag: Hausstein (5333714385)
La Tirania de la Tradicion,8,8-11,sport,UIAA,Hohe Wand,Hausstein,Österreich Ost,47.917665,15.93254,Hohe Wand | Hausstein | La Tirania de la Tradicion,,to create,theCrag: Hausstein (5333714385)
Meine Hawara san Echsen-Menschen,8-,8-11,sport,UIAA,Hohe Wand,Hausstein,Österreich Ost,47.917665,15.93254,Hohe Wand | Hausstein | Meine Hawara san Echsen-Menschen,,to create,theCrag: Hausstein (5333714385)
The Exclusive Character of Victory,10-/10,8-11,sport,UIAA,Hohe Wand,Hausstein,Österreich Ost,47.917665,15.93254,Hohe Wand | Hausstein | The Exclusive Character of Victory,,to create,theCrag: Hausstein (5333714385)
La Zampa del Mago,8+,8-11,sport,UIAA,Hohe Wand,Hausstein,Österreich Ost,47.917665,15.93254,Hohe Wand | Hausstein | La Zampa del Mago,,to create,theCrag: Hausstein (5333714385)
Wolf Like Me,10,8-11,sport,UIAA,Hohe Wand,Hausstein,Österreich Ost,47.917665,15.93254,Hohe Wand | Hausstein | Wolf Like Me,,to create,theCrag: Hausstein (5333714385)
Patagonia,8,8-11,sport,UIAA,Hohe Wand,Hausstein,Österreich Ost,47.917665,15.93254,Hohe Wand | Hausstein | Patagonia,,to create,theCrag: Hausstein (5333714385)
Kühlschrankkante,8/8+,8-11,sport,UIAA,Hohe Wand,Hausstein,Österreich Ost,47.917665,15.93254,Hohe Wand | Hausstein | Kühlschrankkante,,to create,theCrag: Hausstein (5333714385)
Direkte Haussteinkante,8+,8-11,sport,UIAA,Hohe Wand,Hausstein,Österreich Ost,47.917665,15.93254,Hohe Wand | Hausstein | Direkte Haussteinkante,,to create,theCrag: Hausstein (5333714385)
Amerikanerweg,8,8-11,sport,UIAA,Hohe Wand,Hausstein,Österreich Ost,47.917665,15.93254,Hohe Wand | Hausstein | Amerikanerweg,,to create,theCrag: Hausstein (5333714385)
Der einbrennte Hund,10-,8-11,sport,UIAA,Hohe Wand,Hausstein,Österreich Ost,47.917665,15.93254,Hohe Wand | Hausstein | Der einbrennte Hund,,to create,theCrag: Hausstein (5333714385)
Schankholz,9/9+,8-11,sport,UIAA,Hohe Wand,Hausstein,Österreich Ost,47.917665,15.93254,Hohe Wand | Hausstein | Schankholz,,to create,theCrag: Hausstein (5333714385)
Mostschank Wöber,9+,8-11,sport,UIAA,Hohe Wand,Hausstein,Österreich Ost,47.917665,15.93254,Hohe Wand | Hausstein | Mostschank Wöber,,to create,theCrag: Hausstein (5333714385)
There Is No 666 in Outta Space,10,8-11,sport,UIAA,Hohe Wand,Hausstein,Österreich Ost,47.917665,15.93254,Hohe Wand | Hausstein | There Is No 666 in Outta Space,,to create,theCrag: Hausstein (5333714385)
Santa Sangre,9,8-11,sport,UIAA,Hohe Wand,Hausstein,Österreich Ost,47.917665,15.93254,Hohe Wand | Hausstein | Santa Sangre,,to create,theCrag: Hausstein (5333714385)
Thats Not Me,10,8-11,sport,UIAA,Hohe Wand,Hausstein,Österreich Ost,47.917665,15.93254,Hohe Wand | Hausstein | Thats Not Me,,to create,theCrag: Hausstein (5333714385)
Napoleon Solo This Is Forever,10-/10,8-11,sport,UIAA,Hohe Wand,Hausstein,Österreich Ost,47.917665,15.93254,Hohe Wand | Hausstein | Napoleon Solo This Is Forever,,to create,theCrag: Hausstein (5333714385)
Spenglerverschneidung,5+,5-7,sport,UIAA,Hohe Wand,Hausstein,Österreich Ost,47.917665,15.93254,Hohe Wand | Hausstein | Spenglerverschneidung,,to create,theCrag: Hausstein (5333714385)
Spenglerriss,8-,8-11,sport,UIAA,Hohe Wand,Hausstein,Österreich Ost,47.917665,15.93254,Hohe Wand | Hausstein | Spenglerriss,,to create,theCrag: Hausstein (5333714385)
Resls Riss,6,5-7,sport,UIAA,Hohe Wand,Hausstein,Österreich Ost,47.917665,15.93254,Hohe Wand | Hausstein | Resls Riss,,to create,theCrag: Hausstein (5333714385)
Happy Haki Hour,6+,5-7,sport,UIAA,Hohe Wand,Hausstein,Österreich Ost,47.917665,15.93254,Hohe Wand | Hausstein | Happy Haki Hour,,to create,theCrag: Hausstein (5333714385)
Herbert West,7/7+,5-7,sport,UIAA,Hohe Wand,Hausstein,Österreich Ost,47.917665,15.93254,Hohe Wand | Hausstein | Herbert West,,to create,theCrag: Hausstein (5333714385)
Baumblade,7-,5-7,sport,UIAA,Hohe Wand,Haussteinmugal,Österreich Ost,47.917665,15.93254,Hohe Wand | Haussteinmugal | Baumblade,,to create,theCrag: Hausstein (5333714385) near Muggendorf
Wachablöse,7+,5-7,sport,UIAA,Hohe Wand,Haussteinmugal,Österreich Ost,47.917665,15.93254,Hohe Wand | Haussteinmugal | Wachablöse,,to create,theCrag: Hausstein (5333714385) near Muggendorf
Fluchtburg,7-,5-7,sport,UIAA,Hohe Wand,Haussteinmugal,Österreich Ost,47.917665,15.93254,Hohe Wand | Haussteinmugal | Fluchtburg,,to create,theCrag: Hausstein (5333714385) near Muggendorf
Undercover Raxfreaks,8-/8,8-11,sport,UIAA,Hohe Wand,Haussteinmugal,Österreich Ost,47.917665,15.93254,Hohe Wand | Haussteinmugal | Undercover Raxfreaks,,to create,theCrag: Hausstein (5333714385) near Muggendorf
Karnergeist,6,5-7,multipitch,UIAA,Hohe Wand,Haussteinmugal,Österreich Ost,47.917665,15.93254,Hohe Wand | Haussteinmugal | Karnergeist,,to create,theCrag: Hausstein (5333714385) near Muggendorf
Swäg Bua Nr 18,,,sport,UIAA,Hohe Wand,Haussteinmugal,Österreich Ost,47.917665,15.93254,Hohe Wand | Haussteinmugal | Swäg Bua Nr 18,,to create,theCrag: Hausstein (5333714385) near Muggendorf
Visionär mit Erdbeeraugen,,,sport,UIAA,Hohe Wand,Haussteinmugal,Österreich Ost,47.917665,15.93254,Hohe Wand | Haussteinmugal | Visionär mit Erdbeeraugen,,to create,theCrag: Hausstein (5333714385) near Muggendorf
Sonnenbrand,5-,5-7,sport,UIAA,Hohe Wand,Haussteinmugal,Österreich Ost,47.917665,15.93254,Hohe Wand | Haussteinmugal | Sonnenbrand,,to create,theCrag: Hausstein (5333714385) near Muggendorf
Der billige Jakob,4-,1-4,sport,UIAA,Hohe Wand,Haussteinmugal,Österreich Ost,47.917665,15.93254,Hohe Wand | Haussteinmugal | Der billige Jakob,,to create,theCrag: Hausstein (5333714385) near Muggendorf
Miraplatte,4+,1-4,sport,UIAA,Hohe Wand,Haussteinmugal,Österreich Ost,47.917665,15.93254,Hohe Wand | Haussteinmugal | Miraplatte,,to create,theCrag: Hausstein (5333714385) near Muggendorf
Miraverschneidung,5,5-7,sport,UIAA,Hohe Wand,Haussteinmugal,Österreich Ost,47.917665,15.93254,Hohe Wand | Haussteinmugal | Miraverschneidung,,to create,theCrag: Hausstein (5333714385) near Muggendorf
E-Var,4,1-4,sport,UIAA,Hohe Wand,Haussteinmugal,Österreich Ost,47.917665,15.93254,Hohe Wand | Haussteinmugal | E-Var,,to create,theCrag: Hausstein (5333714385) near Muggendorf
Endlich Hocknstad,7-,5-7,sport,UIAA,Hohe Wand,Haussteinmugal,Österreich Ost,47.917665,15.93254,Hohe Wand | Haussteinmugal | Endlich Hocknstad,,to create,theCrag: Hausstein (5333714385) near Muggendorf
Abschied von Pernitz,7+,5-7,sport,UIAA,Hohe Wand,Haussteinmugal,Österreich Ost,47.917665,15.93254,Hohe Wand | Haussteinmugal | Abschied von Pernitz,,to create,theCrag: Hausstein (5333714385) near Muggendorf
Kinderversteck,6,5-7,sport,UIAA,Hohe Wand,Haussteinmugal,Österreich Ost,47.917665,15.93254,Hohe Wand | Haussteinmugal | Kinderversteck,,to create,theCrag: Hausstein (5333714385) near Muggendorf
Neuer Wein,6+/7-,5-7,sport,UIAA,Hohe Wand,Haussteinmugal,Österreich Ost,47.917665,15.93254,Hohe Wand | Haussteinmugal | Neuer Wein,,to create,theCrag: Hausstein (5333714385) near Muggendorf
Bier am AMS,5+,5-7,sport,UIAA,Hohe Wand,Haussteinmugal,Österreich Ost,47.917665,15.93254,Hohe Wand | Haussteinmugal | Bier am AMS,,to create,theCrag: Hausstein (5333714385) near Muggendorf
Sepp Mayerl Gedächtnisführe,7-,5-7,multipitch,UIAA,Hohe Wand,Haussteinmugal,Österreich Ost,47.917665,15.93254,Hohe Wand | Haussteinmugal | Sepp Mayerl Gedächtnisführe,,to create,theCrag: Hausstein (5333714385) near Muggendorf
"I'm God, Like Lil B",,,sport,UIAA,Hohe Wand,Haussteinmugal,Österreich Ost,47.917665,15.93254,"Hohe Wand | Haussteinmugal | I'm God, Like Lil B",,to create,theCrag: Hausstein (5333714385) near Muggendorf
Runse,6-,5-7,sport,UIAA,Hohe Wand,Haussteinmugal,Österreich Ost,47.917665,15.93254,Hohe Wand | Haussteinmugal | Runse,,to create,theCrag: Hausstein (5333714385) near Muggendorf
Stille Wasser,6+,5-7,sport,UIAA,Hohe Wand,Haussteinmugal,Österreich Ost,47.917665,15.93254,Hohe Wand | Haussteinmugal | Stille Wasser,,to create,theCrag: Hausstein (5333714385) near Muggendorf
Ausstieg,5-,5-7,sport,UIAA,Hohe Wand,Haussteinmugal,Österreich Ost,47.917665,15.93254,Hohe Wand | Haussteinmugal | Ausstieg,,to create,theCrag: Hausstein (5333714385) near Muggendorf
Der letzte Rest vom Schützenfest,5,5-7,sport,UIAA,Hohe Wand,Hirnflitzstein,Österreich Ost,47.857871,16.089185,Hohe Wand | Hirnflitzstein | Der letzte Rest vom Schützenfest,,to create,OSM exact: Hirnflitzstein
Turbund Sturmwerk,6+,5-7,sport,UIAA,Hohe Wand,Hirnflitzstein,Österreich Ost,47.857871,16.089185,Hohe Wand | Hirnflitzstein | Turbund Sturmwerk,,to create,OSM exact: Hirnflitzstein
Lichterkette,6+,5-7,sport,UIAA,Hohe Wand,Hirnflitzstein,Österreich Ost,47.857871,16.089185,Hohe Wand | Hirnflitzstein | Lichterkette,,to create,OSM exact: Hirnflitzstein
Adlitz,6,5-7,sport,UIAA,Hohe Wand,Hirnflitzstein,Österreich Ost,47.857871,16.089185,Hohe Wand | Hirnflitzstein | Adlitz,,to create,OSM exact: Hirnflitzstein
Hirnsausen,7+,5-7,sport,UIAA,Hohe Wand,Hirnflitzstein,Österreich Ost,47.857871,16.089185,Hohe Wand | Hirnflitzstein | Hirnsausen,,to create,OSM exact: Hirnflitzstein
Variante (Hirnsausen),6+,5-7,sport,UIAA,Hohe Wand,Hirnflitzstein,Österreich Ost,47.857871,16.089185,Hohe Wand | Hirnflitzstein | Variante (Hirnsausen),,to create,OSM exact: Hirnflitzstein
Direkter Währingersteig,7-,5-7,sport,UIAA,Hohe Wand,Hirnflitzstein,Österreich Ost,47.857871,16.089185,Hohe Wand | Hirnflitzstein | Direkter Währingersteig,,to create,OSM exact: Hirnflitzstein
Höhlenforscherverschneidung,5+,5-7,sport,UIAA,Hohe Wand,Hirnflitzstein,Österreich Ost,47.857871,16.089185,Hohe Wand | Hirnflitzstein | Höhlenforscherverschneidung,,to create,OSM exact: Hirnflitzstein
Der Gerät,8+,8-11,sport,UIAA,Hohe Wand,Hirnflitzstein,Österreich Ost,47.857871,16.089185,Hohe Wand | Hirnflitzstein | Der Gerät,,to create,OSM exact: Hirnflitzstein
Hedwig,7-,5-7,sport,UIAA,Hohe Wand,Hirnflitzstein,Österreich Ost,47.857871,16.089185,Hohe Wand | Hirnflitzstein | Hedwig,,to create,OSM exact: Hirnflitzstein
Braune Wampe,7,5-7,sport,UIAA,Hohe Wand,Hirnflitzstein,Österreich Ost,47.857871,16.089185,Hohe Wand | Hirnflitzstein | Braune Wampe,,to create,OSM exact: Hirnflitzstein
Kleine Verschneidung,4+,1-4,sport,UIAA,Hohe Wand,Hirnflitzstein,Österreich Ost,47.857871,16.089185,Hohe Wand | Hirnflitzstein | Kleine Verschneidung,,to create,OSM exact: Hirnflitzstein
Käsebrot,6+,5-7,sport,UIAA,Hohe Wand,Hirnflitzstein,Österreich Ost,47.857871,16.089185,Hohe Wand | Hirnflitzstein | Käsebrot,,to create,OSM exact: Hirnflitzstein
Wonderwall,8,8-11,sport,UIAA,Hohe Wand,Hirnflitzstein,Österreich Ost,47.857871,16.089185,Hohe Wand | Hirnflitzstein | Wonderwall,,to create,OSM exact: Hirnflitzstein
Keineswegs Kosher,7,5-7,sport,UIAA,Hohe Wand,Hirnflitzstein,Österreich Ost,47.857871,16.089185,Hohe Wand | Hirnflitzstein | Keineswegs Kosher,,to create,OSM exact: Hirnflitzstein
Der Schlitzer,9-/9,8-11,sport,UIAA,Hohe Wand,Hirnflitzstein,Österreich Ost,47.857871,16.089185,Hohe Wand | Hirnflitzstein | Der Schlitzer,,to create,OSM exact: Hirnflitzstein
Wonderbra,9-/9,8-11,sport,UIAA,Hohe Wand,Hirnflitzstein,Österreich Ost,47.857871,16.089185,Hohe Wand | Hirnflitzstein | Wonderbra,,to create,OSM exact: Hirnflitzstein
SZ Speibtour,7+,5-7,sport,UIAA,Hohe Wand,Hirnflitzstein,Österreich Ost,47.857871,16.089185,Hohe Wand | Hirnflitzstein | SZ Speibtour,,to create,OSM exact: Hirnflitzstein
Fridolino,7+/8-,5-7,sport,UIAA,Hohe Wand,Hirnflitzstein,Österreich Ost,47.857871,16.089185,Hohe Wand | Hirnflitzstein | Fridolino,,to create,OSM exact: Hirnflitzstein
TFW,8+,8-11,sport,UIAA,Hohe Wand,Hirnflitzstein,Österreich Ost,47.857871,16.089185,Hohe Wand | Hirnflitzstein | TFW,,to create,OSM exact: Hirnflitzstein
Slapstick,5,5-7,sport,UIAA,Hohe Wand,Hirnflitzstein,Österreich Ost,47.857871,16.089185,Hohe Wand | Hirnflitzstein | Slapstick,,to create,OSM exact: Hirnflitzstein
Der Pfad des faulen Mannes,8+/9-,8-11,sport,UIAA,Hohe Wand,Hirnflitzstein,Österreich Ost,47.857871,16.089185,Hohe Wand | Hirnflitzstein | Der Pfad des faulen Mannes,,to create,OSM exact: Hirnflitzstein
Müllermilch,7-,5-7,sport,UIAA,Hohe Wand,Hirnflitzstein,Österreich Ost,47.857871,16.089185,Hohe Wand | Hirnflitzstein | Müllermilch,,to create,OSM exact: Hirnflitzstein
Bürgermüller,6+,5-7,sport,UIAA,Hohe Wand,Hirnflitzstein,Österreich Ost,47.857871,16.089185,Hohe Wand | Hirnflitzstein | Bürgermüller,,to create,OSM exact: Hirnflitzstein
Sidestep,6+,5-7,sport,UIAA,Hohe Wand,Hirnflitzstein,Österreich Ost,47.857871,16.089185,Hohe Wand | Hirnflitzstein | Sidestep,,to create,OSM exact: Hirnflitzstein
Hirnflitzer Ost,5,5-7,sport,UIAA,Hohe Wand,Hirnflitzstein,Österreich Ost,47.857871,16.089185,Hohe Wand | Hirnflitzstein | Hirnflitzer Ost,,to create,OSM exact: Hirnflitzstein
Drescherbandpfeiler,6+,5-7,sport,UIAA,Hohe Wand,Wandeck Klettergarten,Österreich Ost,47.849841,16.079012,Hohe Wand | Wandeck Klettergarten | Drescherbandpfeiler,,to create,theCrag: Wandeck-Klettergarten (761648265)
Oh du mein Hüttenwirt,6,5-7,sport,UIAA,Hohe Wand,Wandeck Klettergarten,Österreich Ost,47.849841,16.079012,Hohe Wand | Wandeck Klettergarten | Oh du mein Hüttenwirt,,to create,theCrag: Wandeck-Klettergarten (761648265)
Obermotzer,7,5-7,sport,UIAA,Hohe Wand,Wandeck Klettergarten,Österreich Ost,47.849841,16.079012,Hohe Wand | Wandeck Klettergarten | Obermotzer,,to create,theCrag: Wandeck-Klettergarten (761648265)
Nenette,6+,5-7,sport,UIAA,Hohe Wand,Wandeck Klettergarten,Österreich Ost,47.849841,16.079012,Hohe Wand | Wandeck Klettergarten | Nenette,,to create,theCrag: Wandeck-Klettergarten (761648265)
Motzer,7-,5-7,sport,UIAA,Hohe Wand,Wandeck Klettergarten,Österreich Ost,47.849841,16.079012,Hohe Wand | Wandeck Klettergarten | Motzer,,to create,theCrag: Wandeck-Klettergarten (761648265)
Summerrunning,7+,5-7,sport,UIAA,Hohe Wand,Wandeck Klettergarten,Österreich Ost,47.849841,16.079012,Hohe Wand | Wandeck Klettergarten | Summerrunning,,to create,theCrag: Wandeck-Klettergarten (761648265)
Motzsteiglein,3+,1-4,sport,UIAA,Hohe Wand,Wandeck Klettergarten,Österreich Ost,47.849841,16.079012,Hohe Wand | Wandeck Klettergarten | Motzsteiglein,,to create,theCrag: Wandeck-Klettergarten (761648265)
Knollverschneidung,5+,5-7,sport,UIAA,Hohe Wand,Wandeck Klettergarten,Österreich Ost,47.849841,16.079012,Hohe Wand | Wandeck Klettergarten | Knollverschneidung,,to create,theCrag: Wandeck-Klettergarten (761648265)
Survival of the Fittest,10-,8-11,sport,UIAA,Hohe Wand,Wandeck Klettergarten,Österreich Ost,47.849841,16.079012,Hohe Wand | Wandeck Klettergarten | Survival of the Fittest,,to create,theCrag: Wandeck-Klettergarten (761648265)
Die Kleinen und die Bösen,8,8-11,sport,UIAA,Hohe Wand,Wandeck Klettergarten,Österreich Ost,47.849841,16.079012,Hohe Wand | Wandeck Klettergarten | Die Kleinen und die Bösen,,to create,theCrag: Wandeck-Klettergarten (761648265)
Knollsteiglein,4,1-4,sport,UIAA,Hohe Wand,Wandeck Klettergarten,Österreich Ost,47.849841,16.079012,Hohe Wand | Wandeck Klettergarten | Knollsteiglein,,to create,theCrag: Wandeck-Klettergarten (761648265)
HHSSA,,,sport,UIAA,Hohe Wand,Wandeck Klettergarten,Österreich Ost,47.849841,16.079012,Hohe Wand | Wandeck Klettergarten | HHSSA,,to create,theCrag: Wandeck-Klettergarten (761648265)
My Home Is My Hittn,6,5-7,sport,UIAA,Hohe Wand,Wandeck Klettergarten,Österreich Ost,47.849841,16.079012,Hohe Wand | Wandeck Klettergarten | My Home Is My Hittn,,to create,theCrag: Wandeck-Klettergarten (761648265)
Vox Humana,5,5-7,sport,UIAA,Hohe Wand,Wandeck Klettergarten,Österreich Ost,47.849841,16.079012,Hohe Wand | Wandeck Klettergarten | Vox Humana,,to create,theCrag: Wandeck-Klettergarten (761648265)
Caressing the Tiger,6+,5-7,sport,UIAA,Hohe Wand,Wandeck Klettergarten,Österreich Ost,47.849841,16.079012,Hohe Wand | Wandeck Klettergarten | Caressing the Tiger,,to create,theCrag: Wandeck-Klettergarten (761648265)
Schicksalssymphonie,5-,5-7,sport,UIAA,Hohe Wand,Wandeck Klettergarten,Österreich Ost,47.849841,16.079012,Hohe Wand | Wandeck Klettergarten | Schicksalssymphonie,,to create,theCrag: Wandeck-Klettergarten (761648265)
Top Dog,6,5-7,sport,UIAA,Hohe Wand,Wandeck Klettergarten,Österreich Ost,47.849841,16.079012,Hohe Wand | Wandeck Klettergarten | Top Dog,,to create,theCrag: Wandeck-Klettergarten (761648265)
Toptopdog,8,8-11,sport,UIAA,Hohe Wand,Wandeck Klettergarten,Österreich Ost,47.849841,16.079012,Hohe Wand | Wandeck Klettergarten | Toptopdog,,to create,theCrag: Wandeck-Klettergarten (761648265)
Espandrillo,5+,5-7,sport,UIAA,Hohe Wand,Wandeck Klettergarten,Österreich Ost,47.849841,16.079012,Hohe Wand | Wandeck Klettergarten | Espandrillo,,to create,theCrag: Wandeck-Klettergarten (761648265)
Tod und Teufel,8+,8-11,sport,UIAA,Hohe Wand,Wandeck Klettergarten,Österreich Ost,47.849841,16.079012,Hohe Wand | Wandeck Klettergarten | Tod und Teufel,,to create,theCrag: Wandeck-Klettergarten (761648265)
Escalier C,7+,5-7,sport,UIAA,Hohe Wand,Wandeck Klettergarten,Österreich Ost,47.849841,16.079012,Hohe Wand | Wandeck Klettergarten | Escalier C,,to create,theCrag: Wandeck-Klettergarten (761648265)
Var (Escalier),7-,5-7,sport,UIAA,Hohe Wand,Wandeck Klettergarten,Österreich Ost,47.849841,16.079012,Hohe Wand | Wandeck Klettergarten | Var (Escalier),,to create,theCrag: Wandeck-Klettergarten (761648265)
Ostwandkurti Neu,7,5-7,sport,UIAA,Hohe Wand,Wandeck Klettergarten,Österreich Ost,47.849841,16.079012,Hohe Wand | Wandeck Klettergarten | Ostwandkurti Neu,,to create,theCrag: Wandeck-Klettergarten (761648265)
Mandela Free,8,8-11,sport,UIAA,Hohe Wand,Wandeck Klettergarten,Österreich Ost,47.849841,16.079012,Hohe Wand | Wandeck Klettergarten | Mandela Free,,to create,theCrag: Wandeck-Klettergarten (761648265)
Morbus Parkinson,9-,8-11,sport,UIAA,Hohe Wand,Wandeck Klettergarten,Österreich Ost,47.849841,16.079012,Hohe Wand | Wandeck Klettergarten | Morbus Parkinson,,to create,theCrag: Wandeck-Klettergarten (761648265)
Ten Years After,8+,8-11,sport,UIAA,Hohe Wand,Wandeck Klettergarten,Österreich Ost,47.849841,16.079012,Hohe Wand | Wandeck Klettergarten | Ten Years After,,to create,theCrag: Wandeck-Klettergarten (761648265)
Malaria,8,8-11,sport,UIAA,Hohe Wand,Wandeck Klettergarten,Österreich Ost,47.849841,16.079012,Hohe Wand | Wandeck Klettergarten | Malaria,,to create,theCrag: Wandeck-Klettergarten (761648265)
Mandela Dead,8+,8-11,sport,UIAA,Hohe Wand,Wandeck Klettergarten,Österreich Ost,47.849841,16.079012,Hohe Wand | Wandeck Klettergarten | Mandela Dead,,to create,theCrag: Wandeck-Klettergarten (761648265)
Fool on the Hill,9-,8-11,sport,UIAA,Hohe Wand,Wandeck Klettergarten,Österreich Ost,47.849841,16.079012,Hohe Wand | Wandeck Klettergarten | Fool on the Hill,,to create,theCrag: Wandeck-Klettergarten (761648265)
Hunter,8-,8-11,sport,UIAA,Hohe Wand,Wandeck Klettergarten,Österreich Ost,47.849841,16.079012,Hohe Wand | Wandeck Klettergarten | Hunter,,to create,theCrag: Wandeck-Klettergarten (761648265)
Eat the Rich,7,5-7,sport,UIAA,Hohe Wand,Wandeck Klettergarten,Österreich Ost,47.849841,16.079012,Hohe Wand | Wandeck Klettergarten | Eat the Rich,,to create,theCrag: Wandeck-Klettergarten (761648265)
Hootchie Gootchie Man,6+,5-7,sport,UIAA,Hohe Wand,Wandeck Klettergarten,Österreich Ost,47.849841,16.079012,Hohe Wand | Wandeck Klettergarten | Hootchie Gootchie Man,,to create,theCrag: Wandeck-Klettergarten (761648265)
Eiertanz,7,5-7,sport,UIAA,Hohe Wand,Wandeck Klettergarten,Österreich Ost,47.849841,16.079012,Hohe Wand | Wandeck Klettergarten | Eiertanz,,to create,theCrag: Wandeck-Klettergarten (761648265)
Fleischwolf,6+,5-7,sport,UIAA,Hohe Wand,Wandeck Klettergarten,Österreich Ost,47.849841,16.079012,Hohe Wand | Wandeck Klettergarten | Fleischwolf,,to create,theCrag: Wandeck-Klettergarten (761648265)
Bergsportzentrumsweg,7+,5-7,sport,UIAA,Hohe Wand,Wandeck Klettergarten,Österreich Ost,47.849841,16.079012,Hohe Wand | Wandeck Klettergarten | Bergsportzentrumsweg,,to create,theCrag: Wandeck-Klettergarten (761648265)
Wild at Heart,7,5-7,sport,UIAA,Hohe Wand,Wandeck Klettergarten,Österreich Ost,47.849841,16.079012,Hohe Wand | Wandeck Klettergarten | Wild at Heart,,to create,theCrag: Wandeck-Klettergarten (761648265)
Verlängerung (Wild at Heart),7+/8-,5-7,sport,UIAA,Hohe Wand,Wandeck Klettergarten,Österreich Ost,47.849841,16.079012,Hohe Wand | Wandeck Klettergarten | Verlängerung (Wild at Heart),,to create,theCrag: Wandeck-Klettergarten (761648265)
Namenlos (Wandeck a),7-,5-7,sport,UIAA,Hohe Wand,Wandeck Klettergarten,Österreich Ost,47.849841,16.079012,Hohe Wand | Wandeck Klettergarten | Namenlos (Wandeck a),,to create,theCrag: Wandeck-Klettergarten (761648265)
Zarathustra,6+,5-7,sport,UIAA,Hohe Wand,Wandeck Klettergarten,Österreich Ost,47.849841,16.079012,Hohe Wand | Wandeck Klettergarten | Zarathustra,,to create,theCrag: Wandeck-Klettergarten (761648265)
Luckys Streik,6+,5-7,sport,UIAA,Hohe Wand,Wandeck Klettergarten,Österreich Ost,47.849841,16.079012,Hohe Wand | Wandeck Klettergarten | Luckys Streik,,to create,theCrag: Wandeck-Klettergarten (761648265)
Das Projekt (Wandeck),6+,5-7,sport,UIAA,Hohe Wand,Wandeck Klettergarten,Österreich Ost,47.849841,16.079012,Hohe Wand | Wandeck Klettergarten | Das Projekt (Wandeck),,to create,theCrag: Wandeck-Klettergarten (761648265)
Hanky Panky,6+,5-7,sport,UIAA,Hohe Wand,Wandeck Klettergarten,Österreich Ost,47.849841,16.079012,Hohe Wand | Wandeck Klettergarten | Hanky Panky,,to create,theCrag: Wandeck-Klettergarten (761648265)
Steig der Schmiede,6,5-7,sport,UIAA,Hohe Wand,Wandeck Klettergarten,Österreich Ost,47.849841,16.079012,Hohe Wand | Wandeck Klettergarten | Steig der Schmiede,,to create,theCrag: Wandeck-Klettergarten (761648265)
Steig der mechanischen Werkstätte,6+,5-7,sport,UIAA,Hohe Wand,Wandeck Klettergarten,Österreich Ost,47.849841,16.079012,Hohe Wand | Wandeck Klettergarten | Steig der mechanischen Werkstätte,,to create,theCrag: Wandeck-Klettergarten (761648265)
Fluxus,6+,5-7,sport,UIAA,Hohe Wand,Wandeck Klettergarten,Österreich Ost,47.849841,16.079012,Hohe Wand | Wandeck Klettergarten | Fluxus,,to create,theCrag: Wandeck-Klettergarten (761648265)
Verlängerung (Fugazi),6-,5-7,sport,UIAA,Hohe Wand,Wandeck Klettergarten,Österreich Ost,47.849841,16.079012,Hohe Wand | Wandeck Klettergarten | Verlängerung (Fugazi),,to create,theCrag: Wandeck-Klettergarten (761648265)
Fleischesser,5+,5-7,sport,UIAA,Hohe Wand,Wandeck Klettergarten,Österreich Ost,47.849841,16.079012,Hohe Wand | Wandeck Klettergarten | Fleischesser,,to create,theCrag: Wandeck-Klettergarten (761648265)
Skiny,5,5-7,sport,UIAA,Hohe Wand,Wandeck Klettergarten,Österreich Ost,47.849841,16.079012,Hohe Wand | Wandeck Klettergarten | Skiny,,to create,theCrag: Wandeck-Klettergarten (761648265)
Herrgottschnitzerweg,5,5-7,sport,UIAA,Hohe Wand,Wandeck Klettergarten,Österreich Ost,47.849841,16.079012,Hohe Wand | Wandeck Klettergarten | Herrgottschnitzerweg,,to create,theCrag: Wandeck-Klettergarten (761648265)
Ast im Rücken,7-,5-7,sport,UIAA,Hohe Wand,Wandeck Klettergarten,Österreich Ost,47.849841,16.079012,Hohe Wand | Wandeck Klettergarten | Ast im Rücken,,to create,theCrag: Wandeck-Klettergarten (761648265)
Time and Again,6,5-7,sport,UIAA,Hohe Wand,Wandeck Klettergarten,Österreich Ost,47.849841,16.079012,Hohe Wand | Wandeck Klettergarten | Time and Again,,to create,theCrag: Wandeck-Klettergarten (761648265)
Fugazi,6,5-7,sport,UIAA,Hohe Wand,Wandeck Klettergarten,Österreich Ost,47.849841,16.079012,Hohe Wand | Wandeck Klettergarten | Fugazi,,to create,theCrag: Wandeck-Klettergarten (761648265)
Sportsfreund,10-,8-11,sport,UIAA,Hohe Wand,Wandeck Klettergarten,Österreich Ost,47.849841,16.079012,Hohe Wand | Wandeck Klettergarten | Sportsfreund,,to create,theCrag: Wandeck-Klettergarten (761648265)
Red Hot Chili Peppers,7+,5-7,sport,UIAA,Hohe Wand,Wandeck Klettergarten,Österreich Ost,47.849841,16.079012,Hohe Wand | Wandeck Klettergarten | Red Hot Chili Peppers,,to create,theCrag: Wandeck-Klettergarten (761648265)
Pushmi Pullyu,8-/8,8-11,sport,UIAA,Hohe Wand,Wandeck Klettergarten,Österreich Ost,47.849841,16.079012,Hohe Wand | Wandeck Klettergarten | Pushmi Pullyu,,to create,theCrag: Wandeck-Klettergarten (761648265)
Amygdala,8-/8,8-11,sport,UIAA,Hohe Wand,Wandeck Klettergarten,Österreich Ost,47.849841,16.079012,Hohe Wand | Wandeck Klettergarten | Amygdala,,to create,theCrag: Wandeck-Klettergarten (761648265)
Damisch Dynamisch,7,5-7,sport,UIAA,Hohe Wand,Wandeck Klettergarten,Österreich Ost,47.849841,16.079012,Hohe Wand | Wandeck Klettergarten | Damisch Dynamisch,,to create,theCrag: Wandeck-Klettergarten (761648265)
Liebesnest,7,5-7,sport,UIAA,Hohe Wand,Wandeck Klettergarten,Österreich Ost,47.849841,16.079012,Hohe Wand | Wandeck Klettergarten | Liebesnest,,to create,theCrag: Wandeck-Klettergarten (761648265)
Henkel Trocken,6+,5-7,sport,UIAA,Hohe Wand,Wandeck Klettergarten,Österreich Ost,47.849841,16.079012,Hohe Wand | Wandeck Klettergarten | Henkel Trocken,,to create,theCrag: Wandeck-Klettergarten (761648265)
Gran Fury,7-,5-7,sport,UIAA,Hohe Wand,Wandeck Klettergarten,Österreich Ost,47.849841,16.079012,Hohe Wand | Wandeck Klettergarten | Gran Fury,,to create,theCrag: Wandeck-Klettergarten (761648265)
Zwischenzeit,7,5-7,sport,UIAA,Hohe Wand,Wandeck Klettergarten,Österreich Ost,47.849841,16.079012,Hohe Wand | Wandeck Klettergarten | Zwischenzeit,,to create,theCrag: Wandeck-Klettergarten (761648265)
Bigtime,8-,8-11,sport,UIAA,Hohe Wand,Wandeck Klettergarten,Österreich Ost,47.849841,16.079012,Hohe Wand | Wandeck Klettergarten | Bigtime,,to create,theCrag: Wandeck-Klettergarten (761648265)
Schneuzelchen,9+,8-11,sport,UIAA,Hohe Wand,Wandeck Klettergarten,Österreich Ost,47.849841,16.079012,Hohe Wand | Wandeck Klettergarten | Schneuzelchen,,to create,theCrag: Wandeck-Klettergarten (761648265)
Wohin und zurück,9-,8-11,sport,UIAA,Hohe Wand,Wandeck Klettergarten,Österreich Ost,47.849841,16.079012,Hohe Wand | Wandeck Klettergarten | Wohin und zurück,,to create,theCrag: Wandeck-Klettergarten (761648265)
Lausbubenriss,6,5-7,sport,UIAA,Hohe Wand,Strassenwand,Österreich Ost,47.658469,15.796388,Hohe Wand | Strassenwand | Lausbubenriss,,to create,OSM exact: Straßenwand
Land der Lausbuben,7,5-7,sport,UIAA,Hohe Wand,Strassenwand,Österreich Ost,47.658469,15.796388,Hohe Wand | Strassenwand | Land der Lausbuben,,to create,OSM exact: Straßenwand
Zwei Bomben mehr,8-,8-11,sport,UIAA,Hohe Wand,Strassenwand,Österreich Ost,47.658469,15.796388,Hohe Wand | Strassenwand | Zwei Bomben mehr,,to create,OSM exact: Straßenwand
Der Stümper,8-,8-11,sport,UIAA,Hohe Wand,Strassenwand,Österreich Ost,47.658469,15.796388,Hohe Wand | Strassenwand | Der Stümper,,to create,OSM exact: Straßenwand
Direinstieg,7,5-7,sport,UIAA,Hohe Wand,Strassenwand,Österreich Ost,47.658469,15.796388,Hohe Wand | Strassenwand | Direinstieg,,to create,OSM exact: Straßenwand
Puchberger Präsent,9+/10-,8-11,sport,UIAA,Hohe Wand,Strassenwand,Österreich Ost,47.658469,15.796388,Hohe Wand | Strassenwand | Puchberger Präsent,,to create,OSM exact: Straßenwand
Heidi Hetzer,8+,8-11,sport,UIAA,Hohe Wand,Strassenwand,Österreich Ost,47.658469,15.796388,Hohe Wand | Strassenwand | Heidi Hetzer,,to create,OSM exact: Straßenwand
Müllerriss,7+,5-7,sport,UIAA,Hohe Wand,Strassenwand,Österreich Ost,47.658469,15.796388,Hohe Wand | Strassenwand | Müllerriss,,to create,OSM exact: Straßenwand
Hammersturm,7+,5-7,sport,UIAA,Hohe Wand,Strassenwand,Österreich Ost,47.658469,15.796388,Hohe Wand | Strassenwand | Hammersturm,,to create,OSM exact: Straßenwand
Room to Move,9-,8-11,sport,UIAA,Hohe Wand,Strassenwand,Österreich Ost,47.658469,15.796388,Hohe Wand | Strassenwand | Room to Move,,to create,OSM exact: Straßenwand
Lock Up,8/8+,8-11,sport,UIAA,Hohe Wand,Strassenwand,Österreich Ost,47.658469,15.796388,Hohe Wand | Strassenwand | Lock Up,,to create,OSM exact: Straßenwand
Stoneoffice,8,8-11,sport,UIAA,Hohe Wand,Strassenwand,Österreich Ost,47.658469,15.796388,Hohe Wand | Strassenwand | Stoneoffice,,to create,OSM exact: Straßenwand
Crisis,7,5-7,sport,UIAA,Hohe Wand,Strassenwand,Österreich Ost,47.658469,15.796388,Hohe Wand | Strassenwand | Crisis,,to create,OSM exact: Straßenwand
Schweinsgalopp,7,5-7,sport,UIAA,Hohe Wand,Strassenwand,Österreich Ost,47.658469,15.796388,Hohe Wand | Strassenwand | Schweinsgalopp,,to create,OSM exact: Straßenwand
Morbus 68,6+,5-7,sport,UIAA,Hohe Wand,Strassenwand,Österreich Ost,47.658469,15.796388,Hohe Wand | Strassenwand | Morbus 68,,to create,OSM exact: Straßenwand
Helly Hannsen,7,5-7,sport,UIAA,Hohe Wand,Strassenwand,Österreich Ost,47.658469,15.796388,Hohe Wand | Strassenwand | Helly Hannsen,,to create,OSM exact: Straßenwand
Rein oder Nein,6+,5-7,sport,UIAA,Hohe Wand,Strassenwand,Österreich Ost,47.658469,15.796388,Hohe Wand | Strassenwand | Rein oder Nein,,to create,OSM exact: Straßenwand
Eichenlaub,8,8-11,sport,UIAA,Hohe Wand,Strassenwand,Österreich Ost,47.658469,15.796388,Hohe Wand | Strassenwand | Eichenlaub,,to create,OSM exact: Straßenwand
Persona Non Grata,7,5-7,sport,UIAA,Hohe Wand,Strassenwand,Österreich Ost,47.658469,15.796388,Hohe Wand | Strassenwand | Persona Non Grata,,to create,OSM exact: Straßenwand
Jörg Gedächtnisweg,6,5-7,sport,UIAA,Hohe Wand,Strassenwand,Österreich Ost,47.658469,15.796388,Hohe Wand | Strassenwand | Jörg Gedächtnisweg,,to create,OSM exact: Straßenwand
Sphynx,7,5-7,sport,UIAA,Hohe Wand,Strassenwand,Österreich Ost,47.658469,15.796388,Hohe Wand | Strassenwand | Sphynx,,to create,OSM exact: Straßenwand
Ruhig Blut,7+,5-7,sport,UIAA,Hohe Wand,Strassenwand,Österreich Ost,47.658469,15.796388,Hohe Wand | Strassenwand | Ruhig Blut,,to create,OSM exact: Straßenwand
Immer Vorwärts,7-,5-7,sport,UIAA,Hohe Wand,Strassenwand,Österreich Ost,47.658469,15.796388,Hohe Wand | Strassenwand | Immer Vorwärts,,to create,OSM exact: Straßenwand
Musikantenstadl,7-,5-7,sport,UIAA,Hohe Wand,Strassenwand,Österreich Ost,47.658469,15.796388,Hohe Wand | Strassenwand | Musikantenstadl,,to create,OSM exact: Straßenwand
Goldblut,7,5-7,sport,UIAA,Hohe Wand,Strassenwand,Österreich Ost,47.658469,15.796388,Hohe Wand | Strassenwand | Goldblut,,to create,OSM exact: Straßenwand
Blutmauer,9+,8-11,sport,UIAA,Hohe Wand,Strassenwand,Österreich Ost,47.658469,15.796388,Hohe Wand | Strassenwand | Blutmauer,,to create,OSM exact: Straßenwand
Zang Tumb Tumb,8-,8-11,sport,UIAA,Hohe Wand,Strassenwand,Österreich Ost,47.658469,15.796388,Hohe Wand | Strassenwand | Zang Tumb Tumb,,to create,OSM exact: Straßenwand
Split,7+,5-7,sport,UIAA,Hohe Wand,Strassenwand,Österreich Ost,47.658469,15.796388,Hohe Wand | Strassenwand | Split,,to create,OSM exact: Straßenwand
Spätlese,7+,5-7,sport,UIAA,Hohe Wand,Strassenwand,Österreich Ost,47.658469,15.796388,Hohe Wand | Strassenwand | Spätlese,,to create,OSM exact: Straßenwand
Ruhelos,8-,8-11,sport,UIAA,Hohe Wand,Strassenwand,Österreich Ost,47.658469,15.796388,Hohe Wand | Strassenwand | Ruhelos,,to create,OSM exact: Straßenwand
Vater Mond,4,1-4,sport,UIAA,Hohe Wand,ÖTK Klettergarten,Österreich Ost,47.83002,16.047411,Hohe Wand | ÖTK Klettergarten | Vater Mond,,to create,OSM exact: ÖTK-Klettergarten
Neue Sonne,3,1-4,sport,UIAA,Hohe Wand,ÖTK Klettergarten,Österreich Ost,47.83002,16.047411,Hohe Wand | ÖTK Klettergarten | Neue Sonne,,to create,OSM exact: ÖTK-Klettergarten
Weisser Mond,4,1-4,sport,UIAA,Hohe Wand,ÖTK Klettergarten,Österreich Ost,47.83002,16.047411,Hohe Wand | ÖTK Klettergarten | Weisser Mond,,to create,OSM exact: ÖTK-Klettergarten
Rotes Dreieck,4,1-4,sport,UIAA,Hohe Wand,ÖTK Klettergarten,Österreich Ost,47.83002,16.047411,Hohe Wand | ÖTK Klettergarten | Rotes Dreieck,,to create,OSM exact: ÖTK-Klettergarten
Bahlsenkex,4,1-4,sport,UIAA,Hohe Wand,ÖTK Klettergarten,Österreich Ost,47.83002,16.047411,Hohe Wand | ÖTK Klettergarten | Bahlsenkex,,to create,OSM exact: ÖTK-Klettergarten
Marebito,6+,5-7,sport,UIAA,Hohe Wand,ÖTK Klettergarten,Österreich Ost,47.83002,16.047411,Hohe Wand | ÖTK Klettergarten | Marebito,,to create,OSM exact: ÖTK-Klettergarten
Sonnenfinsternis,7,5-7,sport,UIAA,Hohe Wand,ÖTK Klettergarten,Österreich Ost,47.83002,16.047411,Hohe Wand | ÖTK Klettergarten | Sonnenfinsternis,,to create,OSM exact: ÖTK-Klettergarten
Mental Funeral,9,8-11,sport,UIAA,Hohe Wand,ÖTK Klettergarten,Österreich Ost,47.83002,16.047411,Hohe Wand | ÖTK Klettergarten | Mental Funeral,,to create,OSM exact: ÖTK-Klettergarten
Quellenkante,8,8-11,sport,UIAA,Hohe Wand,ÖTK Klettergarten,Österreich Ost,47.83002,16.047411,Hohe Wand | ÖTK Klettergarten | Quellenkante,,to create,OSM exact: ÖTK-Klettergarten
Sacramento,7+/8-,5-7,sport,UIAA,Hohe Wand,ÖTK Klettergarten,Österreich Ost,47.83002,16.047411,Hohe Wand | ÖTK Klettergarten | Sacramento,,to create,OSM exact: ÖTK-Klettergarten
Ruckzuck,7,5-7,sport,UIAA,Hohe Wand,ÖTK Klettergarten,Österreich Ost,47.83002,16.047411,Hohe Wand | ÖTK Klettergarten | Ruckzuck,,to create,OSM exact: ÖTK-Klettergarten
Santa Fe,7+/8-,5-7,sport,UIAA,Hohe Wand,ÖTK Klettergarten,Österreich Ost,47.83002,16.047411,Hohe Wand | ÖTK Klettergarten | Santa Fe,,to create,OSM exact: ÖTK-Klettergarten
Aller Anfang,6+,5-7,sport,UIAA,Hohe Wand,ÖTK Klettergarten,Österreich Ost,47.83002,16.047411,Hohe Wand | ÖTK Klettergarten | Aller Anfang,,to create,OSM exact: ÖTK-Klettergarten
Kurzer Kamin (ÖTK),5,5-7,sport,UIAA,Hohe Wand,ÖTK Klettergarten,Österreich Ost,47.83002,16.047411,Hohe Wand | ÖTK Klettergarten | Kurzer Kamin (ÖTK),,to create,OSM exact: ÖTK-Klettergarten
Var (ÖTK),4+,1-4,sport,UIAA,Hohe Wand,ÖTK Klettergarten,Österreich Ost,47.83002,16.047411,Hohe Wand | ÖTK Klettergarten | Var (ÖTK),,to create,OSM exact: ÖTK-Klettergarten
Wilde Völlerin,3-,1-4,sport,UIAA,Hohe Wand,ÖTK Klettergarten,Österreich Ost,47.83002,16.047411,Hohe Wand | ÖTK Klettergarten | Wilde Völlerin,,to create,OSM exact: ÖTK-Klettergarten
Wildeste Völlerin,3+,1-4,sport,UIAA,Hohe Wand,ÖTK Klettergarten,Österreich Ost,47.83002,16.047411,Hohe Wand | ÖTK Klettergarten | Wildeste Völlerin,,to create,OSM exact: ÖTK-Klettergarten
Linker Völlerinpfeiler,5,5-7,sport,UIAA,Hohe Wand,ÖTK Klettergarten,Österreich Ost,47.83002,16.047411,Hohe Wand | ÖTK Klettergarten | Linker Völlerinpfeiler,,to create,OSM exact: ÖTK-Klettergarten
Völlerinpfeiler,4+,1-4,sport,UIAA,Hohe Wand,ÖTK Klettergarten,Österreich Ost,47.83002,16.047411,Hohe Wand | ÖTK Klettergarten | Völlerinpfeiler,,to create,OSM exact: ÖTK-Klettergarten
Beinhart,8+,8-11,sport,UIAA,Hohe Wand,ÖTK Klettergarten,Österreich Ost,47.83002,16.047411,Hohe Wand | ÖTK Klettergarten | Beinhart,,to create,OSM exact: ÖTK-Klettergarten
Unterm Pfaffenrock,8-,8-11,sport,UIAA,Hohe Wand,ÖTK Klettergarten,Österreich Ost,47.83002,16.047411,Hohe Wand | ÖTK Klettergarten | Unterm Pfaffenrock,,to create,OSM exact: ÖTK-Klettergarten
Für unsere Kinder,2-,1-4,sport,UIAA,Hohe Wand,ÖTK Klettergarten,Österreich Ost,47.83002,16.047411,Hohe Wand | ÖTK Klettergarten | Für unsere Kinder,,to create,OSM exact: ÖTK-Klettergarten
Der strenge Geruch nach Merkapthan,9+,8-11,sport,UIAA,Hohe Wand,ÖTK Klettergarten,Österreich Ost,47.83002,16.047411,Hohe Wand | ÖTK Klettergarten | Der strenge Geruch nach Merkapthan,,to create,OSM exact: ÖTK-Klettergarten
Maxpfeiler,4-,1-4,sport,UIAA,Hohe Wand,ÖTK Klettergarten,Österreich Ost,47.83002,16.047411,Hohe Wand | ÖTK Klettergarten | Maxpfeiler,,to create,OSM exact: ÖTK-Klettergarten
Der Mann von der Maut,3,1-4,sport,UIAA,Hohe Wand,ÖTK Klettergarten,Österreich Ost,47.83002,16.047411,Hohe Wand | ÖTK Klettergarten | Der Mann von der Maut,,to create,OSM exact: ÖTK-Klettergarten
Die wüdeste Posteline,4+,1-4,sport,UIAA,Hohe Wand,ÖTK Klettergarten,Österreich Ost,47.83002,16.047411,Hohe Wand | ÖTK Klettergarten | Die wüdeste Posteline,,to create,OSM exact: ÖTK-Klettergarten
Sonnenuhrverschneidung,6,5-7,sport,UIAA,Hohe Wand,ÖTK Klettergarten,Österreich Ost,47.83002,16.047411,Hohe Wand | ÖTK Klettergarten | Sonnenuhrverschneidung,,to create,OSM exact: ÖTK-Klettergarten
Pfeilereinstieg,6,5-7,sport,UIAA,Hohe Wand,ÖTK Klettergarten,Österreich Ost,47.83002,16.047411,Hohe Wand | ÖTK Klettergarten | Pfeilereinstieg,,to create,OSM exact: ÖTK-Klettergarten
Überhangvariante,7-,5-7,sport,UIAA,Hohe Wand,ÖTK Klettergarten,Österreich Ost,47.83002,16.047411,Hohe Wand | ÖTK Klettergarten | Überhangvariante,,to create,OSM exact: ÖTK-Klettergarten
Nebelreissen,5,5-7,sport,UIAA,Hohe Wand,ÖTK Klettergarten,Österreich Ost,47.83002,16.047411,Hohe Wand | ÖTK Klettergarten | Nebelreissen,,to create,OSM exact: ÖTK-Klettergarten
Miluppa,7,5-7,sport,UIAA,Hohe Wand,ÖTK Klettergarten,Österreich Ost,47.83002,16.047411,Hohe Wand | ÖTK Klettergarten | Miluppa,,to create,OSM exact: ÖTK-Klettergarten
Nebelgrauen,5-,5-7,sport,UIAA,Hohe Wand,ÖTK Klettergarten,Österreich Ost,47.83002,16.047411,Hohe Wand | ÖTK Klettergarten | Nebelgrauen,,to create,OSM exact: ÖTK-Klettergarten
Bat Bitch,8+,8-11,sport,UIAA,Hohe Wand,Unterer Almfrieden,Österreich Ost,47.835046,16.055602,Hohe Wand | Unterer Almfrieden | Bat Bitch,,to create,theCrag: Bereich Almfrieden (460233891)
Robin Hood,8,8-11,sport,UIAA,Hohe Wand,Unterer Almfrieden,Österreich Ost,47.835046,16.055602,Hohe Wand | Unterer Almfrieden | Robin Hood,,to create,theCrag: Bereich Almfrieden (460233891)
Gut Ding braucht Weile,8-,8-11,sport,UIAA,Hohe Wand,Unterer Almfrieden,Österreich Ost,47.835046,16.055602,Hohe Wand | Unterer Almfrieden | Gut Ding braucht Weile,,to create,theCrag: Bereich Almfrieden (460233891)
Im Schatten des Sequoia,8-,8-11,sport,UIAA,Hohe Wand,Unterer Almfrieden,Österreich Ost,47.835046,16.055602,Hohe Wand | Unterer Almfrieden | Im Schatten des Sequoia,,to create,theCrag: Bereich Almfrieden (460233891)
Turbo Diesel,8-,8-11,sport,UIAA,Hohe Wand,Unterer Almfrieden,Österreich Ost,47.835046,16.055602,Hohe Wand | Unterer Almfrieden | Turbo Diesel,,to create,theCrag: Bereich Almfrieden (460233891)
Condorman,8,8-11,sport,UIAA,Hohe Wand,Unterer Almfrieden,Österreich Ost,47.835046,16.055602,Hohe Wand | Unterer Almfrieden | Condorman,,to create,theCrag: Bereich Almfrieden (460233891)
Flug des Kolibri,7/7+,5-7,sport,UIAA,Hohe Wand,Unterer Almfrieden,Österreich Ost,47.835046,16.055602,Hohe Wand | Unterer Almfrieden | Flug des Kolibri,,to create,theCrag: Bereich Almfrieden (460233891)
Öko Hanf,7+,5-7,sport,UIAA,Hohe Wand,Unterer Almfrieden,Österreich Ost,47.835046,16.055602,Hohe Wand | Unterer Almfrieden | Öko Hanf,,to create,theCrag: Bereich Almfrieden (460233891)
Im Regenwald,7+,5-7,sport,UIAA,Hohe Wand,Unterer Almfrieden,Österreich Ost,47.835046,16.055602,Hohe Wand | Unterer Almfrieden | Im Regenwald,,to create,theCrag: Bereich Almfrieden (460233891)
Time Out,8+/9-,8-11,sport,UIAA,Hohe Wand,Unterer Almfrieden,Österreich Ost,47.835046,16.055602,Hohe Wand | Unterer Almfrieden | Time Out,,to create,theCrag: Bereich Almfrieden (460233891)
Namenlos (Almfrieden a),8,8-11,sport,UIAA,Hohe Wand,Unterer Almfrieden,Österreich Ost,47.835046,16.055602,Hohe Wand | Unterer Almfrieden | Namenlos (Almfrieden a),,to create,theCrag: Bereich Almfrieden (460233891)
Arktischer Sturm,8,8-11,sport,UIAA,Hohe Wand,Unterer Almfrieden,Österreich Ost,47.835046,16.055602,Hohe Wand | Unterer Almfrieden | Arktischer Sturm,,to create,theCrag: Bereich Almfrieden (460233891)
Froschkönig,7-,5-7,sport,UIAA,Hohe Wand,Unterer Almfrieden,Österreich Ost,47.835046,16.055602,Hohe Wand | Unterer Almfrieden | Froschkönig,,to create,theCrag: Bereich Almfrieden (460233891)
Märchenprinz,7,5-7,sport,UIAA,Hohe Wand,Unterer Almfrieden,Österreich Ost,47.835046,16.055602,Hohe Wand | Unterer Almfrieden | Märchenprinz,,to create,theCrag: Bereich Almfrieden (460233891)
Zwergnase,6+,5-7,sport,UIAA,Hohe Wand,Unterer Almfrieden,Österreich Ost,47.835046,16.055602,Hohe Wand | Unterer Almfrieden | Zwergnase,,to create,theCrag: Bereich Almfrieden (460233891)
Zwielichtig,6+,5-7,sport,UIAA,Hohe Wand,Unterer Almfrieden,Österreich Ost,47.835046,16.055602,Hohe Wand | Unterer Almfrieden | Zwielichtig,,to create,theCrag: Bereich Almfrieden (460233891)
Papamobil,6,5-7,sport,UIAA,Hohe Wand,Unterer Almfrieden,Österreich Ost,47.835046,16.055602,Hohe Wand | Unterer Almfrieden | Papamobil,,to create,theCrag: Bereich Almfrieden (460233891)
Steinfeder Rose,5+,5-7,sport,UIAA,Hohe Wand,Unterer Almfrieden,Österreich Ost,47.835046,16.055602,Hohe Wand | Unterer Almfrieden | Steinfeder Rose,,to create,theCrag: Bereich Almfrieden (460233891)
Graue Kante,3+,1-4,sport,UIAA,Hohe Wand,Hochkogeleck,Österreich Ost,47.823588,16.040483,Hohe Wand | Hochkogeleck | Graue Kante,,to create,OSM exact: Hochkogeleck
Yes We Can,7,5-7,sport,UIAA,Hohe Wand,Hochkogeleck,Österreich Ost,47.823588,16.040483,Hohe Wand | Hochkogeleck | Yes We Can,,to create,OSM exact: Hochkogeleck
Miss Helsinki,8,8-11,sport,UIAA,Hohe Wand,Hochkogeleck,Österreich Ost,47.823588,16.040483,Hohe Wand | Hochkogeleck | Miss Helsinki,,to create,OSM exact: Hochkogeleck
Trumpets Call,6-,5-7,sport,UIAA,Hohe Wand,Hochkogeleck,Österreich Ost,47.823588,16.040483,Hohe Wand | Hochkogeleck | Trumpets Call,,to create,OSM exact: Hochkogeleck
Die Wende,5-,5-7,sport,UIAA,Hohe Wand,Hochkogeleck,Österreich Ost,47.823588,16.040483,Hohe Wand | Hochkogeleck | Die Wende,,to create,OSM exact: Hochkogeleck
Bocksteig,2-,1-4,sport,UIAA,Hohe Wand,Hochkogeleck,Österreich Ost,47.823588,16.040483,Hohe Wand | Hochkogeleck | Bocksteig,,to create,OSM exact: Hochkogeleck
Die neue Welle,5+,5-7,sport,UIAA,Hohe Wand,Hochkogeleck,Österreich Ost,47.823588,16.040483,Hohe Wand | Hochkogeleck | Die neue Welle,,to create,OSM exact: Hochkogeleck
FCK System,6+,5-7,sport,UIAA,Hohe Wand,Hochkogeleck,Österreich Ost,47.823588,16.040483,Hohe Wand | Hochkogeleck | FCK System,,to create,OSM exact: Hochkogeleck
Horusauge,6+,5-7,sport,UIAA,Hohe Wand,Hochkogeleck,Österreich Ost,47.823588,16.040483,Hohe Wand | Hochkogeleck | Horusauge,,to create,OSM exact: Hochkogeleck
An Bahnsteigen stehn,7+,5-7,sport,UIAA,Hohe Wand,Hochkogeleck,Österreich Ost,47.823588,16.040483,Hohe Wand | Hochkogeleck | An Bahnsteigen stehn,,to create,OSM exact: Hochkogeleck
Walknut,7,5-7,sport,UIAA,Hohe Wand,Hochkogeleck,Österreich Ost,47.823588,16.040483,Hohe Wand | Hochkogeleck | Walknut,,to create,OSM exact: Hochkogeleck
Alek,7-,5-7,sport,UIAA,Hohe Wand,Hochkogeleck,Österreich Ost,47.823588,16.040483,Hohe Wand | Hochkogeleck | Alek,,to create,OSM exact: Hochkogeleck
Drangsal,6-,5-7,sport,UIAA,Hohe Wand,Hochkogeleck,Österreich Ost,47.823588,16.040483,Hohe Wand | Hochkogeleck | Drangsal,,to create,OSM exact: Hochkogeleck
Drangsal Lang,9/9+,8-11,multipitch,UIAA,Hohe Wand,Hochkogeleck,Österreich Ost,47.823588,16.040483,Hohe Wand | Hochkogeleck | Drangsal Lang,,to create,OSM exact: Hochkogeleck
Gungnir,5-,5-7,sport,UIAA,Hohe Wand,Hochkogeleck,Österreich Ost,47.823588,16.040483,Hohe Wand | Hochkogeleck | Gungnir,,to create,OSM exact: Hochkogeleck
Gungnir Lang,10-,8-11,multipitch,UIAA,Hohe Wand,Hochkogeleck,Österreich Ost,47.823588,16.040483,Hohe Wand | Hochkogeleck | Gungnir Lang,,to create,OSM exact: Hochkogeleck
Feuropa + Neuer Einstieg,7,5-7,multipitch,UIAA,Hohe Wand,Hochkogeleck,Österreich Ost,47.823588,16.040483,Hohe Wand | Hochkogeleck | Feuropa + Neuer Einstieg,,to create,OSM exact: Hochkogeleck
Feuropa,7,5-7,multipitch,UIAA,Hohe Wand,Hochkogeleck,Österreich Ost,47.823588,16.040483,Hohe Wand | Hochkogeleck | Feuropa,,to create,OSM exact: Hochkogeleck
Wildhoney,7-,5-7,sport,UIAA,Hohe Wand,Hochkogel,Österreich Ost,47.821827,16.034621,Hohe Wand | Hochkogel | Wildhoney,,to create,OSM exact: Hochkogel
Honeymoon,7-,5-7,sport,UIAA,Hohe Wand,Hochkogel,Österreich Ost,47.821827,16.034621,Hohe Wand | Hochkogel | Honeymoon,,to create,OSM exact: Hochkogel
Zauberlehrling,7-,5-7,sport,UIAA,Hohe Wand,Hochkogel,Österreich Ost,47.821827,16.034621,Hohe Wand | Hochkogel | Zauberlehrling,,to create,OSM exact: Hochkogel
Zauberflöte,7,5-7,sport,UIAA,Hohe Wand,Hochkogel,Österreich Ost,47.821827,16.034621,Hohe Wand | Hochkogel | Zauberflöte,,to create,OSM exact: Hochkogel
Esparanza,7,5-7,sport,UIAA,Hohe Wand,Hochkogel,Österreich Ost,47.821827,16.034621,Hohe Wand | Hochkogel | Esparanza,,to create,OSM exact: Hochkogel
Uovopeccare,7+,5-7,sport,UIAA,Hohe Wand,Hochkogel,Österreich Ost,47.821827,16.034621,Hohe Wand | Hochkogel | Uovopeccare,,to create,OSM exact: Hochkogel
Geilspecht,8,8-11,sport,UIAA,Hohe Wand,Hochkogel,Österreich Ost,47.821827,16.034621,Hohe Wand | Hochkogel | Geilspecht,,to create,OSM exact: Hochkogel
Iszeit,9-/9,8-11,sport,UIAA,Hohe Wand,Hochkogel,Österreich Ost,47.821827,16.034621,Hohe Wand | Hochkogel | Iszeit,,to create,OSM exact: Hochkogel
Condor,8,8-11,sport,UIAA,Hohe Wand,Hochkogel,Österreich Ost,47.821827,16.034621,Hohe Wand | Hochkogel | Condor,,to create,OSM exact: Hochkogel
König Uhu und die Gier,9-,8-11,sport,UIAA,Hohe Wand,Hochkogel,Österreich Ost,47.821827,16.034621,Hohe Wand | Hochkogel | König Uhu und die Gier,,to create,OSM exact: Hochkogel
Urquell,8-,8-11,sport,UIAA,Hohe Wand,Hochkogel,Österreich Ost,47.821827,16.034621,Hohe Wand | Hochkogel | Urquell,,to create,OSM exact: Hochkogel
Pokerface,7+,5-7,sport,UIAA,Hohe Wand,Hochkogel,Österreich Ost,47.821827,16.034621,Hohe Wand | Hochkogel | Pokerface,,to create,OSM exact: Hochkogel
Kraftlicht,11-,8-11,sport,UIAA,Hohe Wand,Hochkogel,Österreich Ost,47.821827,16.034621,Hohe Wand | Hochkogel | Kraftlicht,,to create,OSM exact: Hochkogel
Windkraft,10-,8-11,sport,UIAA,Hohe Wand,Hochkogel,Österreich Ost,47.821827,16.034621,Hohe Wand | Hochkogel | Windkraft,,to create,OSM exact: Hochkogel
Zeitreise,10,8-11,sport,UIAA,Hohe Wand,Hochkogel,Österreich Ost,47.821827,16.034621,Hohe Wand | Hochkogel | Zeitreise,,to create,OSM exact: Hochkogel
Finstertour,10,8-11,sport,UIAA,Hohe Wand,Hochkogel,Österreich Ost,47.821827,16.034621,Hohe Wand | Hochkogel | Finstertour,,to create,OSM exact: Hochkogel
Im Reich des silbernen Löwen,10/10+,8-11,sport,UIAA,Hohe Wand,Hochkogel,Österreich Ost,47.821827,16.034621,Hohe Wand | Hochkogel | Im Reich des silbernen Löwen,,to create,OSM exact: Hochkogel
Die Philosophie ist wie ein Gurkerl im Knie,10,8-11,sport,UIAA,Hohe Wand,Hochkogel,Österreich Ost,47.821827,16.034621,Hohe Wand | Hochkogel | Die Philosophie ist wie ein Gurkerl im Knie,,to create,OSM exact: Hochkogel
Manitou,9-,8-11,sport,UIAA,Hohe Wand,Hochkogel,Österreich Ost,47.821827,16.034621,Hohe Wand | Hochkogel | Manitou,,to create,OSM exact: Hochkogel
Back to the Roots,10+,8-11,sport,UIAA,Hohe Wand,Hochkogel,Österreich Ost,47.821827,16.034621,Hohe Wand | Hochkogel | Back to the Roots,,to create,OSM exact: Hochkogel
Nobodi,9+/10-,8-11,sport,UIAA,Hohe Wand,Hochkogel,Österreich Ost,47.821827,16.034621,Hohe Wand | Hochkogel | Nobodi,,to create,OSM exact: Hochkogel
1000 Liter Feuerwasser,10/10,8-11,sport,UIAA,Hohe Wand,Hochkogel,Österreich Ost,47.821827,16.034621,Hohe Wand | Hochkogel | 1000 Liter Feuerwasser,,to create,OSM exact: Hochkogel
Tscho Tschi,10-/10,8-11,sport,UIAA,Hohe Wand,Hochkogel,Österreich Ost,47.821827,16.034621,Hohe Wand | Hochkogel | Tscho Tschi,,to create,OSM exact: Hochkogel
Verliebter Leichnam,10,8-11,sport,UIAA,Hohe Wand,Hochkogel,Österreich Ost,47.821827,16.034621,Hohe Wand | Hochkogel | Verliebter Leichnam,,to create,OSM exact: Hochkogel
Red Bull,9-/9,8-11,sport,UIAA,Hohe Wand,Hochkogel,Österreich Ost,47.821827,16.034621,Hohe Wand | Hochkogel | Red Bull,,to create,OSM exact: Hochkogel
Nirvana,8+/9-,8-11,sport,UIAA,Hohe Wand,Hochkogel,Österreich Ost,47.821827,16.034621,Hohe Wand | Hochkogel | Nirvana,,to create,OSM exact: Hochkogel
Winnitou,9-,8-11,sport,UIAA,Hohe Wand,Hochkogel,Österreich Ost,47.821827,16.034621,Hohe Wand | Hochkogel | Winnitou,,to create,OSM exact: Hochkogel
Ballisto Vertikal,9-,8-11,sport,UIAA,Hohe Wand,Hochkogel,Österreich Ost,47.821827,16.034621,Hohe Wand | Hochkogel | Ballisto Vertikal,,to create,OSM exact: Hochkogel
Hakoah,9+/10-,8-11,sport,UIAA,Hohe Wand,Hochkogel,Österreich Ost,47.821827,16.034621,Hohe Wand | Hochkogel | Hakoah,,to create,OSM exact: Hochkogel
Impoposant,9+,8-11,sport,UIAA,Hohe Wand,Hochkogel,Österreich Ost,47.821827,16.034621,Hohe Wand | Hochkogel | Impoposant,,to create,OSM exact: Hochkogel
Milchstau,9+/10-,8-11,sport,UIAA,Hohe Wand,Hochkogel,Österreich Ost,47.821827,16.034621,Hohe Wand | Hochkogel | Milchstau,,to create,OSM exact: Hochkogel
Rex the Runt,10-,8-11,sport,UIAA,Hohe Wand,Hochkogel,Österreich Ost,47.821827,16.034621,Hohe Wand | Hochkogel | Rex the Runt,,to create,OSM exact: Hochkogel
Cold Turkey,10-,8-11,sport,UIAA,Hohe Wand,Hochkogel,Österreich Ost,47.821827,16.034621,Hohe Wand | Hochkogel | Cold Turkey,,to create,OSM exact: Hochkogel
Stilldemenz,10-,8-11,sport,UIAA,Hohe Wand,Hochkogel,Österreich Ost,47.821827,16.034621,Hohe Wand | Hochkogel | Stilldemenz,,to create,OSM exact: Hochkogel
Missing Link,9-,8-11,sport,UIAA,Hohe Wand,Hochkogel,Österreich Ost,47.821827,16.034621,Hohe Wand | Hochkogel | Missing Link,,to create,OSM exact: Hochkogel
Lucy in the Sky,7-,5-7,sport,UIAA,Hohe Wand,Hochkogel,Österreich Ost,47.821827,16.034621,Hohe Wand | Hochkogel | Lucy in the Sky,,to create,OSM exact: Hochkogel
Lederstrumpf,6+,5-7,sport,UIAA,Hohe Wand,Hochkogel,Österreich Ost,47.821827,16.034621,Hohe Wand | Hochkogel | Lederstrumpf,,to create,OSM exact: Hochkogel
Supermartinachtzeh,8-,8-11,sport,UIAA,Hohe Wand,Hochkogel,Österreich Ost,47.821827,16.034621,Hohe Wand | Hochkogel | Supermartinachtzeh,,to create,OSM exact: Hochkogel
Hakuna Matata,10-,8-11,sport,UIAA,Hohe Wand,Hochfallbasis,Österreich Ost,47.811081,16.022969,Hohe Wand | Hochfallbasis | Hakuna Matata,,to create,theCrag: Bereich Hochfall (12061840704)
Pfeilerharmonie,7,5-7,sport,UIAA,Hohe Wand,Hochfallbasis,Österreich Ost,47.811081,16.022969,Hohe Wand | Hochfallbasis | Pfeilerharmonie,,to create,theCrag: Bereich Hochfall (12061840704)
Schilddrüsengenerator,7,5-7,sport,UIAA,Hohe Wand,Hochfallbasis,Österreich Ost,47.811081,16.022969,Hohe Wand | Hochfallbasis | Schilddrüsengenerator,,to create,theCrag: Bereich Hochfall (12061840704)
Hochfallpfeiler,6+,5-7,sport,UIAA,Hohe Wand,Hochfallbasis,Österreich Ost,47.811081,16.022969,Hohe Wand | Hochfallbasis | Hochfallpfeiler,,to create,theCrag: Bereich Hochfall (12061840704)
Potatoe Field,7+/8-,5-7,sport,UIAA,Hohe Wand,Hochfallbasis,Österreich Ost,47.811081,16.022969,Hohe Wand | Hochfallbasis | Potatoe Field,,to create,theCrag: Bereich Hochfall (12061840704)
Knusperstilzchen,7+/8-,5-7,sport,UIAA,Hohe Wand,Hochfallbasis,Österreich Ost,47.811081,16.022969,Hohe Wand | Hochfallbasis | Knusperstilzchen,,to create,theCrag: Bereich Hochfall (12061840704)
Eldorado,7,5-7,sport,UIAA,Hohe Wand,Hochfallbasis,Österreich Ost,47.811081,16.022969,Hohe Wand | Hochfallbasis | Eldorado,,to create,theCrag: Bereich Hochfall (12061840704)
Tanz den Mussolini,8-,8-11,sport,UIAA,Hohe Wand,Hochfallbasis,Österreich Ost,47.811081,16.022969,Hohe Wand | Hochfallbasis | Tanz den Mussolini,,to create,theCrag: Bereich Hochfall (12061840704)
Nullkommajosef,8-/8,8-11,sport,UIAA,Hohe Wand,Hochfallbasis,Österreich Ost,47.811081,16.022969,Hohe Wand | Hochfallbasis | Nullkommajosef,,to create,theCrag: Bereich Hochfall (12061840704)
Thar,7+,5-7,sport,UIAA,Hohe Wand,Hochfallbasis,Österreich Ost,47.811081,16.022969,Hohe Wand | Hochfallbasis | Thar,,to create,theCrag: Bereich Hochfall (12061840704)
Get a Grip,7+,5-7,sport,UIAA,Hohe Wand,Hochfallbasis,Österreich Ost,47.811081,16.022969,Hohe Wand | Hochfallbasis | Get a Grip,,to create,theCrag: Bereich Hochfall (12061840704)
Take a Trip,8/8+,8-11,sport,UIAA,Hohe Wand,Hochfallbasis,Österreich Ost,47.811081,16.022969,Hohe Wand | Hochfallbasis | Take a Trip,,to create,theCrag: Bereich Hochfall (12061840704)
Kein Kaffee kein Kuchen,8,8-11,sport,UIAA,Hohe Wand,Hochfallbasis,Österreich Ost,47.811081,16.022969,Hohe Wand | Hochfallbasis | Kein Kaffee kein Kuchen,,to create,theCrag: Bereich Hochfall (12061840704)
Whales Forever,9-/10-,8-11,sport,UIAA,Hohe Wand,Hochfallbasis,Österreich Ost,47.811081,16.022969,Hohe Wand | Hochfallbasis | Whales Forever,,to create,theCrag: Bereich Hochfall (12061840704)
Orca,8+,8-11,sport,UIAA,Hohe Wand,Hochfallbasis,Österreich Ost,47.811081,16.022969,Hohe Wand | Hochfallbasis | Orca,,to create,theCrag: Bereich Hochfall (12061840704)
Kein Kaffee Originaleinstieg,7-,5-7,sport,UIAA,Hohe Wand,Hochfallbasis,Österreich Ost,47.811081,16.022969,Hohe Wand | Hochfallbasis | Kein Kaffee Originaleinstieg,,to create,theCrag: Bereich Hochfall (12061840704)
Grünbachersteig,6+,5-7,sport,UIAA,Hohe Wand,Hochfallbasis,Österreich Ost,47.811081,16.022969,Hohe Wand | Hochfallbasis | Grünbachersteig,,to create,theCrag: Bereich Hochfall (12061840704)
Michlweg,7+,5-7,sport,UIAA,Hohe Wand,Hochfallbasis,Österreich Ost,47.811081,16.022969,Hohe Wand | Hochfallbasis | Michlweg,,to create,theCrag: Bereich Hochfall (12061840704)
Rave de Fair,7+,5-7,sport,UIAA,Hohe Wand,Hochfallbasis,Österreich Ost,47.811081,16.022969,Hohe Wand | Hochfallbasis | Rave de Fair,,to create,theCrag: Bereich Hochfall (12061840704)
De Ja Vue,7+,5-7,sport,UIAA,Hohe Wand,Hochfallbasis,Österreich Ost,47.811081,16.022969,Hohe Wand | Hochfallbasis | De Ja Vue,,to create,theCrag: Bereich Hochfall (12061840704)
Wilder Honig,7+/8-,5-7,sport,UIAA,Hohe Wand,Hochfallbasis,Österreich Ost,47.811081,16.022969,Hohe Wand | Hochfallbasis | Wilder Honig,,to create,theCrag: Bereich Hochfall (12061840704)
Impressionskompressor,,,sport,UIAA,Hohe Wand,Hochfallbasis,Österreich Ost,47.811081,16.022969,Hohe Wand | Hochfallbasis | Impressionskompressor,,to create,theCrag: Bereich Hochfall (12061840704)
Südwind,7-,5-7,sport,UIAA,Hohe Wand,Hochfallbasis,Österreich Ost,47.811081,16.022969,Hohe Wand | Hochfallbasis | Südwind,,to create,theCrag: Bereich Hochfall (12061840704)
Charlies Traum,7+,5-7,sport,UIAA,Hohe Wand,Hochfallbasis,Österreich Ost,47.811081,16.022969,Hohe Wand | Hochfallbasis | Charlies Traum,,to create,theCrag: Bereich Hochfall (12061840704)
Harter Aufriss,8-,8-11,sport,UIAA,Hohe Wand,Hochfallbasis,Österreich Ost,47.811081,16.022969,Hohe Wand | Hochfallbasis | Harter Aufriss,,to create,theCrag: Bereich Hochfall (12061840704)
Holzertour,,,sport,UIAA,Hohe Wand,Hochfallbasis,Österreich Ost,47.811081,16.022969,Hohe Wand | Hochfallbasis | Holzertour,,to create,theCrag: Bereich Hochfall (12061840704)
Grünbacherverschneidung,7-,5-7,sport,UIAA,Hohe Wand,Hochfallbasis,Österreich Ost,47.811081,16.022969,Hohe Wand | Hochfallbasis | Grünbacherverschneidung,,to create,theCrag: Bereich Hochfall (12061840704)
Traumlos,10-,8-11,sport,UIAA,Hohe Wand,Hochfallbasis,Österreich Ost,47.811081,16.022969,Hohe Wand | Hochfallbasis | Traumlos,,to create,theCrag: Bereich Hochfall (12061840704)
Inuendo,8+,8-11,sport,UIAA,Hohe Wand,Hochfallbasis,Österreich Ost,47.811081,16.022969,Hohe Wand | Hochfallbasis | Inuendo,,to create,theCrag: Bereich Hochfall (12061840704)
Kindertour (Hochfall a),1+ bis 2+,1-4,sport,UIAA,Hohe Wand,Hochfallbasis,Österreich Ost,47.811081,16.022969,Hohe Wand | Hochfallbasis | Kindertour (Hochfall a),,to create,theCrag: Bereich Hochfall (12061840704)
Land der Hämmer,9,8-11,multipitch,UIAA,Hohe Wand,Hochfallbasis,Österreich Ost,47.811081,16.022969,Hohe Wand | Hochfallbasis | Land der Hämmer,,to create,theCrag: Bereich Hochfall (12061840704)
ÖTK-Jubiläumsführe,10-,8-11,multipitch,UIAA,Hohe Wand,Hochfallbasis,Österreich Ost,47.811081,16.022969,Hohe Wand | Hochfallbasis | ÖTK-Jubiläumsführe,,to create,theCrag: Bereich Hochfall (12061840704)
Limbonic Art,8,8-11,sport,UIAA,Hohe Wand,Hochfallbasis,Österreich Ost,47.811081,16.022969,Hohe Wand | Hochfallbasis | Limbonic Art,,to create,theCrag: Bereich Hochfall (12061840704)
Kurzer Prozess,6+,5-7,sport,UIAA,Hohe Wand,Hochfallbasis,Österreich Ost,47.811081,16.022969,Hohe Wand | Hochfallbasis | Kurzer Prozess,,to create,theCrag: Bereich Hochfall (12061840704)
Orgasmus des Teufels,6+,5-7,multipitch,UIAA,Hohe Wand,Hochfallbasis,Österreich Ost,47.811081,16.022969,Hohe Wand | Hochfallbasis | Orgasmus des Teufels,,to create,theCrag: Bereich Hochfall (12061840704)
Orgasmus 2.SL,9+/10-,8-11,sport,UIAA,Hohe Wand,Hochfallbasis,Österreich Ost,47.811081,16.022969,Hohe Wand | Hochfallbasis | Orgasmus 2.SL,,to create,theCrag: Bereich Hochfall (12061840704)
Niagara,8,8-11,sport,UIAA,Hohe Wand,Hochfallbasis,Österreich Ost,47.811081,16.022969,Hohe Wand | Hochfallbasis | Niagara,,to create,theCrag: Bereich Hochfall (12061840704)
Noch ein Überhang,8-,8-11,sport,UIAA,Hohe Wand,Hochfallbasis,Österreich Ost,47.811081,16.022969,Hohe Wand | Hochfallbasis | Noch ein Überhang,,to create,theCrag: Bereich Hochfall (12061840704)
Fahrstuhl zu den Sternen,8,8-11,multipitch,UIAA,Hohe Wand,Hochfallbasis,Österreich Ost,47.811081,16.022969,Hohe Wand | Hochfallbasis | Fahrstuhl zu den Sternen,,to create,theCrag: Bereich Hochfall (12061840704)
Für immer und selig,9+,8-11,sport,UIAA,Hohe Wand,Hochfallbasis,Österreich Ost,47.811081,16.022969,Hohe Wand | Hochfallbasis | Für immer und selig,,to create,theCrag: Bereich Hochfall (12061840704)
Der fliegende Rudi,6+,5-7,sport,UIAA,Hohe Wand,Hochfallbasis,Österreich Ost,47.811081,16.022969,Hohe Wand | Hochfallbasis | Der fliegende Rudi,,to create,theCrag: Bereich Hochfall (12061840704)
Seniorengymnastik,6,5-7,sport,UIAA,Hohe Wand,Hochfallbasis,Österreich Ost,47.811081,16.022969,Hohe Wand | Hochfallbasis | Seniorengymnastik,,to create,theCrag: Bereich Hochfall (12061840704)
Sonnentor,6,5-7,sport,UIAA,Hohe Wand,Naglplatten,Österreich Ost,47.810895,16.016873,Hohe Wand | Naglplatten | Sonnentor,,to create,OSM exact: Naglplatten
Tocotronic,7-,5-7,sport,UIAA,Hohe Wand,Naglplatten,Österreich Ost,47.810895,16.016873,Hohe Wand | Naglplatten | Tocotronic,,to create,OSM exact: Naglplatten
Über den weiten Midgards,6-,5-7,sport,UIAA,Hohe Wand,Naglplatten,Österreich Ost,47.810895,16.016873,Hohe Wand | Naglplatten | Über den weiten Midgards,,to create,OSM exact: Naglplatten
Obere Naglplatte,6-,5-7,sport,UIAA,Hohe Wand,Naglplatten,Österreich Ost,47.810895,16.016873,Hohe Wand | Naglplatten | Obere Naglplatte,,to create,OSM exact: Naglplatten
Der Eiermann,6+,5-7,sport,UIAA,Hohe Wand,Naglplatten,Österreich Ost,47.810895,16.016873,Hohe Wand | Naglplatten | Der Eiermann,,to create,OSM exact: Naglplatten
Obere Naglkante,6+,5-7,sport,UIAA,Hohe Wand,Naglplatten,Österreich Ost,47.810895,16.016873,Hohe Wand | Naglplatten | Obere Naglkante,,to create,OSM exact: Naglplatten
Direkteinstieg,7-,5-7,sport,UIAA,Hohe Wand,Naglplatten,Österreich Ost,47.810895,16.016873,Hohe Wand | Naglplatten | Direkteinstieg,,to create,OSM exact: Naglplatten
Schandwache,6,5-7,sport,UIAA,Hohe Wand,Naglplatten,Österreich Ost,47.810895,16.016873,Hohe Wand | Naglplatten | Schandwache,,to create,OSM exact: Naglplatten
LP Ausstieg,5+,5-7,sport,UIAA,Hohe Wand,Naglplatten,Österreich Ost,47.810895,16.016873,Hohe Wand | Naglplatten | LP Ausstieg,,to create,OSM exact: Naglplatten
Var (Naglplatten a),6+,5-7,sport,UIAA,Hohe Wand,Naglplatten,Österreich Ost,47.810895,16.016873,Hohe Wand | Naglplatten | Var (Naglplatten a),,to create,OSM exact: Naglplatten
Sturzausstieg,5+,5-7,sport,UIAA,Hohe Wand,Naglplatten,Österreich Ost,47.810895,16.016873,Hohe Wand | Naglplatten | Sturzausstieg,,to create,OSM exact: Naglplatten
Anwandler,6+,5-7,sport,UIAA,Hohe Wand,Naglplatten,Österreich Ost,47.810895,16.016873,Hohe Wand | Naglplatten | Anwandler,,to create,OSM exact: Naglplatten
Schackltour,7-,5-7,sport,UIAA,Hohe Wand,Naglplatten,Österreich Ost,47.810895,16.016873,Hohe Wand | Naglplatten | Schackltour,,to create,OSM exact: Naglplatten
Mister X,7+,5-7,sport,UIAA,Hohe Wand,Naglplatten,Österreich Ost,47.810895,16.016873,Hohe Wand | Naglplatten | Mister X,,to create,OSM exact: Naglplatten
Puppisteig,7-,5-7,sport,UIAA,Hohe Wand,Naglplatten,Österreich Ost,47.810895,16.016873,Hohe Wand | Naglplatten | Puppisteig,,to create,OSM exact: Naglplatten
Dirty Laundry,6,5-7,sport,UIAA,Hohe Wand,Naglplatten,Österreich Ost,47.810895,16.016873,Hohe Wand | Naglplatten | Dirty Laundry,,to create,OSM exact: Naglplatten
Sturznummer 999,7-,5-7,sport,UIAA,Hohe Wand,Naglplatten,Österreich Ost,47.810895,16.016873,Hohe Wand | Naglplatten | Sturznummer 999,,to create,OSM exact: Naglplatten
Nach Lust und Laune,7+,5-7,sport,UIAA,Hohe Wand,Naglplatten,Österreich Ost,47.810895,16.016873,Hohe Wand | Naglplatten | Nach Lust und Laune,,to create,OSM exact: Naglplatten
Französinnenschreck,7-,5-7,sport,UIAA,Hohe Wand,Naglplatten,Österreich Ost,47.810895,16.016873,Hohe Wand | Naglplatten | Französinnenschreck,,to create,OSM exact: Naglplatten
Elfisteig,5+,5-7,sport,UIAA,Hohe Wand,Naglplatten,Österreich Ost,47.810895,16.016873,Hohe Wand | Naglplatten | Elfisteig,,to create,OSM exact: Naglplatten
Neue Elfi,6+,5-7,sport,UIAA,Hohe Wand,Naglplatten,Österreich Ost,47.810895,16.016873,Hohe Wand | Naglplatten | Neue Elfi,,to create,OSM exact: Naglplatten
Simektour,6+,5-7,sport,UIAA,Hohe Wand,Naglplatten,Österreich Ost,47.810895,16.016873,Hohe Wand | Naglplatten | Simektour,,to create,OSM exact: Naglplatten
Dynamisiert,8-,8-11,sport,UIAA,Hohe Wand,Naglplatten,Österreich Ost,47.810895,16.016873,Hohe Wand | Naglplatten | Dynamisiert,,to create,OSM exact: Naglplatten
Höhlenunfug,8,8-11,sport,UIAA,Hohe Wand,Naglplatten,Österreich Ost,47.810895,16.016873,Hohe Wand | Naglplatten | Höhlenunfug,,to create,OSM exact: Naglplatten
Höhlenquerung,6,5-7,sport,UIAA,Hohe Wand,Naglplatten,Österreich Ost,47.810895,16.016873,Hohe Wand | Naglplatten | Höhlenquerung,,to create,OSM exact: Naglplatten
Eine hab ich noch,7+/8-,5-7,sport,UIAA,Hohe Wand,Naglplatten,Österreich Ost,47.810895,16.016873,Hohe Wand | Naglplatten | Eine hab ich noch,,to create,OSM exact: Naglplatten
Fensterlgalerie,5,5-7,sport,UIAA,Hohe Wand,Naglplatten,Österreich Ost,47.810895,16.016873,Hohe Wand | Naglplatten | Fensterlgalerie,,to create,OSM exact: Naglplatten
Open Window,7-,5-7,sport,UIAA,Hohe Wand,Naglplatten,Österreich Ost,47.810895,16.016873,Hohe Wand | Naglplatten | Open Window,,to create,OSM exact: Naglplatten
Via Nelly,4-,1-4,sport,UIAA,Hohe Wand,Naglplatten,Österreich Ost,47.810895,16.016873,Hohe Wand | Naglplatten | Via Nelly,,to create,OSM exact: Naglplatten
Var (Naglplatten b),7-,5-7,sport,UIAA,Hohe Wand,Naglplatten,Österreich Ost,47.810895,16.016873,Hohe Wand | Naglplatten | Var (Naglplatten b),,to create,OSM exact: Naglplatten
Notnagl,7+,5-7,sport,UIAA,Hohe Wand,Naglplatten,Österreich Ost,47.810895,16.016873,Hohe Wand | Naglplatten | Notnagl,,to create,OSM exact: Naglplatten
Linksdrall,7-,5-7,sport,UIAA,Hohe Wand,Naglplatten,Österreich Ost,47.810895,16.016873,Hohe Wand | Naglplatten | Linksdrall,,to create,OSM exact: Naglplatten
Naglverschneidung,6,5-7,sport,UIAA,Hohe Wand,Naglplatten,Österreich Ost,47.810895,16.016873,Hohe Wand | Naglplatten | Naglverschneidung,,to create,OSM exact: Naglplatten
Untere Naglkante,6+,5-7,sport,UIAA,Hohe Wand,Naglplatten,Österreich Ost,47.810895,16.016873,Hohe Wand | Naglplatten | Untere Naglkante,,to create,OSM exact: Naglplatten
Untere Naglplatte,5+,5-7,sport,UIAA,Hohe Wand,Naglplatten,Österreich Ost,47.810895,16.016873,Hohe Wand | Naglplatten | Untere Naglplatte,,to create,OSM exact: Naglplatten
Megafilou,7,5-7,sport,UIAA,Hohe Wand,Naglplatten,Österreich Ost,47.810895,16.016873,Hohe Wand | Naglplatten | Megafilou,,to create,OSM exact: Naglplatten
Viel Spass und Vergnügen,6+,5-7,sport,UIAA,Hohe Wand,Naglplatten,Österreich Ost,47.810895,16.016873,Hohe Wand | Naglplatten | Viel Spass und Vergnügen,,to create,OSM exact: Naglplatten
Var (Naglplatten c),6+,5-7,sport,UIAA,Hohe Wand,Naglplatten,Österreich Ost,47.810895,16.016873,Hohe Wand | Naglplatten | Var (Naglplatten c),,to create,OSM exact: Naglplatten
Chaos Direkt,7-,5-7,sport,UIAA,Hohe Wand,Naglplatten,Österreich Ost,47.810895,16.016873,Hohe Wand | Naglplatten | Chaos Direkt,,to create,OSM exact: Naglplatten
Heilsteig,6+,5-7,sport,UIAA,Hohe Wand,Naglplatten,Österreich Ost,47.810895,16.016873,Hohe Wand | Naglplatten | Heilsteig,,to create,OSM exact: Naglplatten
Alte neue Direkte,7-,5-7,sport,UIAA,Hohe Wand,Naglplatten,Österreich Ost,47.810895,16.016873,Hohe Wand | Naglplatten | Alte neue Direkte,,to create,OSM exact: Naglplatten
Eile mit Weile,7,5-7,sport,UIAA,Hohe Wand,Naglplatten,Österreich Ost,47.810895,16.016873,Hohe Wand | Naglplatten | Eile mit Weile,,to create,OSM exact: Naglplatten
Bibi Blocksberg,7,5-7,sport,UIAA,Hohe Wand,Naglplatten,Österreich Ost,47.810895,16.016873,Hohe Wand | Naglplatten | Bibi Blocksberg,,to create,OSM exact: Naglplatten
Heimattreu,6,5-7,sport,UIAA,Hohe Wand,Naglplatten,Österreich Ost,47.810895,16.016873,Hohe Wand | Naglplatten | Heimattreu,,to create,OSM exact: Naglplatten
Plattenabschied,6,5-7,sport,UIAA,Hohe Wand,Naglplatten,Österreich Ost,47.810895,16.016873,Hohe Wand | Naglplatten | Plattenabschied,,to create,OSM exact: Naglplatten
Quereinsteiger,8,8-11,sport,UIAA,Fischauer Vorberge,Engelsberg,Österreich Ost,47.827687,16.1226,Fischauer Vorberge | Engelsberg | Quereinsteiger,,to create,OSM exact: Engelsberg
Hundstage,8,8-11,sport,UIAA,Fischauer Vorberge,Engelsberg,Österreich Ost,47.827687,16.1226,Fischauer Vorberge | Engelsberg | Hundstage,,to create,OSM exact: Engelsberg
Freunde Baba,9+,8-11,sport,UIAA,Fischauer Vorberge,Engelsberg,Österreich Ost,47.827687,16.1226,Fischauer Vorberge | Engelsberg | Freunde Baba,,to create,OSM exact: Engelsberg
Slick & Pain,8+,8-11,sport,UIAA,Fischauer Vorberge,Engelsberg,Österreich Ost,47.827687,16.1226,Fischauer Vorberge | Engelsberg | Slick & Pain,,to create,OSM exact: Engelsberg
Mit Alles,8,8-11,sport,UIAA,Fischauer Vorberge,Engelsberg,Österreich Ost,47.827687,16.1226,Fischauer Vorberge | Engelsberg | Mit Alles,,to create,OSM exact: Engelsberg
Zwingherr,9-,8-11,sport,UIAA,Fischauer Vorberge,Engelsberg,Österreich Ost,47.827687,16.1226,Fischauer Vorberge | Engelsberg | Zwingherr,,to create,OSM exact: Engelsberg
Capri Sun,8-,8-11,sport,UIAA,Fischauer Vorberge,Engelsberg,Österreich Ost,47.827687,16.1226,Fischauer Vorberge | Engelsberg | Capri Sun,,to create,OSM exact: Engelsberg
Grischnack,7+,5-7,sport,UIAA,Fischauer Vorberge,Engelsberg,Österreich Ost,47.827687,16.1226,Fischauer Vorberge | Engelsberg | Grischnack,,to create,OSM exact: Engelsberg
Müllertour,8-,8-11,sport,UIAA,Fischauer Vorberge,Engelsberg,Österreich Ost,47.827687,16.1226,Fischauer Vorberge | Engelsberg | Müllertour,,to create,OSM exact: Engelsberg
Weisse Pulver,7+/8-,5-7,sport,UIAA,Fischauer Vorberge,Engelsberg,Österreich Ost,47.827687,16.1226,Fischauer Vorberge | Engelsberg | Weisse Pulver,,to create,OSM exact: Engelsberg
Kriegskunst,7+,5-7,sport,UIAA,Fischauer Vorberge,Engelsberg,Österreich Ost,47.827687,16.1226,Fischauer Vorberge | Engelsberg | Kriegskunst,,to create,OSM exact: Engelsberg
Salami,6+,5-7,sport,UIAA,Fischauer Vorberge,Engelsberg,Österreich Ost,47.827687,16.1226,Fischauer Vorberge | Engelsberg | Salami,,to create,OSM exact: Engelsberg
Namenloser Geist,8,8-11,sport,UIAA,Fischauer Vorberge,Engelsberg,Österreich Ost,47.827687,16.1226,Fischauer Vorberge | Engelsberg | Namenloser Geist,,to create,OSM exact: Engelsberg
Namenlos (Engelsberg a),8-/8,8-11,sport,UIAA,Fischauer Vorberge,Engelsberg,Österreich Ost,47.827687,16.1226,Fischauer Vorberge | Engelsberg | Namenlos (Engelsberg a),,to create,OSM exact: Engelsberg
Must noch wachsen,8+,8-11,sport,UIAA,Fischauer Vorberge,Engelsberg,Österreich Ost,47.827687,16.1226,Fischauer Vorberge | Engelsberg | Must noch wachsen,,to create,OSM exact: Engelsberg
Gruppenkuscheln,6,5-7,sport,UIAA,Fischauer Vorberge,Engelsberg,Österreich Ost,47.827687,16.1226,Fischauer Vorberge | Engelsberg | Gruppenkuscheln,,to create,OSM exact: Engelsberg
Bohrneider,8,8-11,sport,UIAA,Fischauer Vorberge,Engelsberg,Österreich Ost,47.827687,16.1226,Fischauer Vorberge | Engelsberg | Bohrneider,,to create,OSM exact: Engelsberg
Atemlos durch die Tour,8-,8-11,sport,UIAA,Fischauer Vorberge,Engelsberg,Österreich Ost,47.827687,16.1226,Fischauer Vorberge | Engelsberg | Atemlos durch die Tour,,to create,OSM exact: Engelsberg
Lilly vs Willy,8-,8-11,sport,UIAA,Fischauer Vorberge,Engelsberg,Österreich Ost,47.827687,16.1226,Fischauer Vorberge | Engelsberg | Lilly vs Willy,,to create,OSM exact: Engelsberg
Herzen brechen nicht,7-,5-7,sport,UIAA,Fischauer Vorberge,Engelsberg,Österreich Ost,47.827687,16.1226,Fischauer Vorberge | Engelsberg | Herzen brechen nicht,,to create,OSM exact: Engelsberg
Slab & Mantle,8-,8-11,sport,UIAA,Fischauer Vorberge,Kleiner Engelsberg,Österreich Ost,47.82676,16.121075,Fischauer Vorberge | Kleiner Engelsberg | Slab & Mantle,,to create,theCrag: Kleiner Engelsberg (4998701070)
Ruckreisemanager,7,5-7,sport,UIAA,Fischauer Vorberge,Kleiner Engelsberg,Österreich Ost,47.82676,16.121075,Fischauer Vorberge | Kleiner Engelsberg | Ruckreisemanager,,to create,theCrag: Kleiner Engelsberg (4998701070)
Engelberg Humperdinck,9+,8-11,sport,UIAA,Fischauer Vorberge,Kleiner Engelsberg,Österreich Ost,47.82676,16.121075,Fischauer Vorberge | Kleiner Engelsberg | Engelberg Humperdinck,,to create,theCrag: Kleiner Engelsberg (4998701070)
Please Release Me,10,8-11,sport,UIAA,Fischauer Vorberge,Kleiner Engelsberg,Österreich Ost,47.82676,16.121075,Fischauer Vorberge | Kleiner Engelsberg | Please Release Me,,to create,theCrag: Kleiner Engelsberg (4998701070)
Like Spain,10-,8-11,sport,UIAA,Fischauer Vorberge,Kleiner Engelsberg,Österreich Ost,47.82676,16.121075,Fischauer Vorberge | Kleiner Engelsberg | Like Spain,,to create,theCrag: Kleiner Engelsberg (4998701070)
The Best of the Rest,8+,8-11,sport,UIAA,Fischauer Vorberge,Kleiner Engelsberg,Österreich Ost,47.82676,16.121075,Fischauer Vorberge | Kleiner Engelsberg | The Best of the Rest,,to create,theCrag: Kleiner Engelsberg (4998701070)
Fang das Griff,8,8-11,sport,UIAA,Fischauer Vorberge,Kleiner Engelsberg,Österreich Ost,47.82676,16.121075,Fischauer Vorberge | Kleiner Engelsberg | Fang das Griff,,to create,theCrag: Kleiner Engelsberg (4998701070)
Wolfsriss,6,5-7,sport,UIAA,Fischauer Vorberge,Kleiner Engelsberg,Österreich Ost,47.82676,16.121075,Fischauer Vorberge | Kleiner Engelsberg | Wolfsriss,,to create,theCrag: Kleiner Engelsberg (4998701070)
This Is the End,8,8-11,sport,UIAA,Fischauer Vorberge,Kleiner Engelsberg,Österreich Ost,47.82676,16.121075,Fischauer Vorberge | Kleiner Engelsberg | This Is the End,,to create,theCrag: Kleiner Engelsberg (4998701070)
Balla Balla,9,8-11,sport,UIAA,Fischauer Vorberge,Kleiner Engelsberg,Österreich Ost,47.82676,16.121075,Fischauer Vorberge | Kleiner Engelsberg | Balla Balla,,to create,theCrag: Kleiner Engelsberg (4998701070)
Waldpfad,5c trav,5-7,sport,UIAA,Fischauer Vorberge,Kleiner Engelsberg,Österreich Ost,47.82676,16.121075,Fischauer Vorberge | Kleiner Engelsberg | Waldpfad,,to create,theCrag: Kleiner Engelsberg (4998701070)
Traktor,6c trav,5-7,sport,UIAA,Fischauer Vorberge,Kleiner Engelsberg,Österreich Ost,47.82676,16.121075,Fischauer Vorberge | Kleiner Engelsberg | Traktor,,to create,theCrag: Kleiner Engelsberg (4998701070)
Alpinist,6,5-7,sport,UIAA,Fischauer Vorberge,Kleiner Engelsberg,Österreich Ost,47.82676,16.121075,Fischauer Vorberge | Kleiner Engelsberg | Alpinist,,to create,theCrag: Kleiner Engelsberg (4998701070)
Kalte Finger,6-,5-7,sport,UIAA,Fischauer Vorberge,Kleiner Engelsberg,Österreich Ost,47.82676,16.121075,Fischauer Vorberge | Kleiner Engelsberg | Kalte Finger,,to create,theCrag: Kleiner Engelsberg (4998701070)
Pestpfeiler,6+,5-7,sport,UIAA,Fischauer Vorberge,Kleiner Engelsberg,Österreich Ost,47.82676,16.121075,Fischauer Vorberge | Kleiner Engelsberg | Pestpfeiler,,to create,theCrag: Kleiner Engelsberg (4998701070)
Namenlos (Kl.Engelsberg a),6,5-7,sport,UIAA,Fischauer Vorberge,Kleiner Engelsberg,Österreich Ost,47.82676,16.121075,Fischauer Vorberge | Kleiner Engelsberg | Namenlos (Kl.Engelsberg a),,to create,theCrag: Kleiner Engelsberg (4998701070)
Namenlos (Kl.Engelsberg b),6,5-7,sport,UIAA,Fischauer Vorberge,Kleiner Engelsberg,Österreich Ost,47.82676,16.121075,Fischauer Vorberge | Kleiner Engelsberg | Namenlos (Kl.Engelsberg b),,to create,theCrag: Kleiner Engelsberg (4998701070)
Kamelbuckeln,7-,5-7,sport,UIAA,Fischauer Vorberge,Kleiner Engelsberg,Österreich Ost,47.82676,16.121075,Fischauer Vorberge | Kleiner Engelsberg | Kamelbuckeln,,to create,theCrag: Kleiner Engelsberg (4998701070)
Muss man halt mögen,7-,5-7,sport,UIAA,Fischauer Vorberge,Kleiner Engelsberg,Österreich Ost,47.82676,16.121075,Fischauer Vorberge | Kleiner Engelsberg | Muss man halt mögen,,to create,theCrag: Kleiner Engelsberg (4998701070)
Und täglich grüsst das Murmeltier,7+/8,5-7,sport,UIAA,Fischauer Vorberge,Kleiner Engelsberg,Österreich Ost,47.82676,16.121075,Fischauer Vorberge | Kleiner Engelsberg | Und täglich grüsst das Murmeltier,,to create,theCrag: Kleiner Engelsberg (4998701070)
Namenlos (Kl.Engelsberg c),8-,8-11,sport,UIAA,Fischauer Vorberge,Kleiner Engelsberg,Österreich Ost,47.82676,16.121075,Fischauer Vorberge | Kleiner Engelsberg | Namenlos (Kl.Engelsberg c),,to create,theCrag: Kleiner Engelsberg (4998701070)
Namenlos (Kl.Engelsberg d),8-,8-11,sport,UIAA,Fischauer Vorberge,Kleiner Engelsberg,Österreich Ost,47.82676,16.121075,Fischauer Vorberge | Kleiner Engelsberg | Namenlos (Kl.Engelsberg d),,to create,theCrag: Kleiner Engelsberg (4998701070)
Kalium,9-,8-11,sport,UIAA,Fischauer Vorberge,Kleiner Engelsberg,Österreich Ost,47.82676,16.121075,Fischauer Vorberge | Kleiner Engelsberg | Kalium,,to create,theCrag: Kleiner Engelsberg (4998701070)
Schöner Wald,8-,8-11,sport,UIAA,Fischauer Vorberge,Kleiner Engelsberg,Österreich Ost,47.82676,16.121075,Fischauer Vorberge | Kleiner Engelsberg | Schöner Wald,,to create,theCrag: Kleiner Engelsberg (4998701070)
Lithium,8,8-11,sport,UIAA,Fischauer Vorberge,Kleiner Engelsberg,Österreich Ost,47.82676,16.121075,Fischauer Vorberge | Kleiner Engelsberg | Lithium,,to create,theCrag: Kleiner Engelsberg (4998701070)
Kurzer Kamin (Kl.Engelsberg),5,5-7,sport,UIAA,Fischauer Vorberge,Kleiner Engelsberg,Österreich Ost,47.82676,16.121075,Fischauer Vorberge | Kleiner Engelsberg | Kurzer Kamin (Kl.Engelsberg),,to create,theCrag: Kleiner Engelsberg (4998701070)
Dromedar,6+,5-7,sport,UIAA,Fischauer Vorberge,Kleiner Engelsberg,Österreich Ost,47.82676,16.121075,Fischauer Vorberge | Kleiner Engelsberg | Dromedar,,to create,theCrag: Kleiner Engelsberg (4998701070)
Fleischwald,5,5-7,sport,UIAA,Fischauer Vorberge,Kleiner Engelsberg,Österreich Ost,47.82676,16.121075,Fischauer Vorberge | Kleiner Engelsberg | Fleischwald,,to create,theCrag: Kleiner Engelsberg (4998701070)
Skaldensang,6,5-7,sport,UIAA,Fischauer Vorberge,Kleiner Engelsberg,Österreich Ost,47.82676,16.121075,Fischauer Vorberge | Kleiner Engelsberg | Skaldensang,,to create,theCrag: Kleiner Engelsberg (4998701070)
Reisewinter,7,5-7,sport,UIAA,Fischauer Vorberge,Kleiner Engelsberg,Österreich Ost,47.82676,16.121075,Fischauer Vorberge | Kleiner Engelsberg | Reisewinter,,to create,theCrag: Kleiner Engelsberg (4998701070)
Mac Gepp,8+,8-11,sport,UIAA,Fischauer Vorberge,Kleiner Engelsberg,Österreich Ost,47.82676,16.121075,Fischauer Vorberge | Kleiner Engelsberg | Mac Gepp,,to create,theCrag: Kleiner Engelsberg (4998701070)
Glückliche Raben,7,5-7,sport,UIAA,Fischauer Vorberge,Marmorsteinbruch,Österreich Ost,47.825185,16.123834,Fischauer Vorberge | Marmorsteinbruch | Glückliche Raben,,to create,theCrag: Marmorsteinbruch Engelsberg (3145022889)
Strafplanet,7+,5-7,sport,UIAA,Fischauer Vorberge,Marmorsteinbruch,Österreich Ost,47.825185,16.123834,Fischauer Vorberge | Marmorsteinbruch | Strafplanet,,to create,theCrag: Marmorsteinbruch Engelsberg (3145022889)
Gedenkweg,5,5-7,sport,UIAA,Fischauer Vorberge,Marmorsteinbruch,Österreich Ost,47.825185,16.123834,Fischauer Vorberge | Marmorsteinbruch | Gedenkweg,,to create,theCrag: Marmorsteinbruch Engelsberg (3145022889)
Namenlos (Marmor a),7,5-7,sport,UIAA,Fischauer Vorberge,Marmorsteinbruch,Österreich Ost,47.825185,16.123834,Fischauer Vorberge | Marmorsteinbruch | Namenlos (Marmor a),,to create,theCrag: Marmorsteinbruch Engelsberg (3145022889)
Snake,6,5-7,sport,UIAA,Fischauer Vorberge,Marmorsteinbruch,Österreich Ost,47.825185,16.123834,Fischauer Vorberge | Marmorsteinbruch | Snake,,to create,theCrag: Marmorsteinbruch Engelsberg (3145022889)
Rutschpartie,7,5-7,sport,UIAA,Fischauer Vorberge,Marmorsteinbruch,Österreich Ost,47.825185,16.123834,Fischauer Vorberge | Marmorsteinbruch | Rutschpartie,,to create,theCrag: Marmorsteinbruch Engelsberg (3145022889)
Naturfreundeverschneidung,4+,1-4,sport,UIAA,Fischauer Vorberge,Marmorsteinbruch,Österreich Ost,47.825185,16.123834,Fischauer Vorberge | Marmorsteinbruch | Naturfreundeverschneidung,,to create,theCrag: Marmorsteinbruch Engelsberg (3145022889)
Grummkiwi,5+,5-7,sport,UIAA,Fischauer Vorberge,Marmorsteinbruch,Österreich Ost,47.825185,16.123834,Fischauer Vorberge | Marmorsteinbruch | Grummkiwi,,to create,theCrag: Marmorsteinbruch Engelsberg (3145022889)
Grünkiwi,5-,5-7,sport,UIAA,Fischauer Vorberge,Marmorsteinbruch,Österreich Ost,47.825185,16.123834,Fischauer Vorberge | Marmorsteinbruch | Grünkiwi,,to create,theCrag: Marmorsteinbruch Engelsberg (3145022889)
Sid,5,5-7,sport,UIAA,Fischauer Vorberge,Marmorsteinbruch,Österreich Ost,47.825185,16.123834,Fischauer Vorberge | Marmorsteinbruch | Sid,,to create,theCrag: Marmorsteinbruch Engelsberg (3145022889)
Scrat,5,5-7,sport,UIAA,Fischauer Vorberge,Marmorsteinbruch,Österreich Ost,47.825185,16.123834,Fischauer Vorberge | Marmorsteinbruch | Scrat,,to create,theCrag: Marmorsteinbruch Engelsberg (3145022889)
Scrat Junior,5+,5-7,sport,UIAA,Fischauer Vorberge,Marmorsteinbruch,Österreich Ost,47.825185,16.123834,Fischauer Vorberge | Marmorsteinbruch | Scrat Junior,,to create,theCrag: Marmorsteinbruch Engelsberg (3145022889)
Trollnase,4-,1-4,sport,UIAA,Fischauer Vorberge,Marmorsteinbruch,Österreich Ost,47.825185,16.123834,Fischauer Vorberge | Marmorsteinbruch | Trollnase,,to create,theCrag: Marmorsteinbruch Engelsberg (3145022889)
Vavö,7,5-7,sport,UIAA,Fischauer Vorberge,Willendorfer Wandl,Österreich Ost,47.797039,16.007119,Fischauer Vorberge | Willendorfer Wandl | Vavö,,to create,theCrag: PC-Wandl rechter Bereich (8667027765)
Döwi,6+,5-7,sport,UIAA,Fischauer Vorberge,Willendorfer Wandl,Österreich Ost,47.797039,16.007119,Fischauer Vorberge | Willendorfer Wandl | Döwi,,to create,theCrag: PC-Wandl rechter Bereich (8667027765)
Stolperstein,4+,1-4,sport,UIAA,Fischauer Vorberge,Willendorfer Wandl,Österreich Ost,47.797039,16.007119,Fischauer Vorberge | Willendorfer Wandl | Stolperstein,,to create,theCrag: PC-Wandl rechter Bereich (8667027765)
Kasperlpost,6,5-7,sport,UIAA,Fischauer Vorberge,Willendorfer Wandl,Österreich Ost,47.797039,16.007119,Fischauer Vorberge | Willendorfer Wandl | Kasperlpost,,to create,theCrag: PC-Wandl rechter Bereich (8667027765)
Roter Riss,7+,5-7,sport,UIAA,Fischauer Vorberge,Willendorfer Wandl,Österreich Ost,47.797039,16.007119,Fischauer Vorberge | Willendorfer Wandl | Roter Riss,,to create,theCrag: PC-Wandl rechter Bereich (8667027765)
Im Maschinenraum,8,8-11,sport,UIAA,Fischauer Vorberge,Willendorfer Wandl,Österreich Ost,47.797039,16.007119,Fischauer Vorberge | Willendorfer Wandl | Im Maschinenraum,,to create,theCrag: PC-Wandl rechter Bereich (8667027765)
Rostgewitter,7,5-7,sport,UIAA,Fischauer Vorberge,Willendorfer Wandl,Österreich Ost,47.797039,16.007119,Fischauer Vorberge | Willendorfer Wandl | Rostgewitter,,to create,theCrag: PC-Wandl rechter Bereich (8667027765)
Aschenregen,6+,5-7,sport,UIAA,Fischauer Vorberge,Willendorfer Wandl,Österreich Ost,47.797039,16.007119,Fischauer Vorberge | Willendorfer Wandl | Aschenregen,,to create,theCrag: PC-Wandl rechter Bereich (8667027765)
Aschensegen,5+,5-7,sport,UIAA,Fischauer Vorberge,Willendorfer Wandl,Österreich Ost,47.797039,16.007119,Fischauer Vorberge | Willendorfer Wandl | Aschensegen,,to create,theCrag: PC-Wandl rechter Bereich (8667027765)
PC-Wandl 1,7,5-7,sport,UIAA,Fischauer Vorberge,PC-Wandl,Österreich Ost,47.797039,16.007119,Fischauer Vorberge | PC-Wandl | PC-Wandl 1,,to create,theCrag: PC-Wandl (8667027765)
PC-Wandl 2,7-,5-7,sport,UIAA,Fischauer Vorberge,PC-Wandl,Österreich Ost,47.797039,16.007119,Fischauer Vorberge | PC-Wandl | PC-Wandl 2,,to create,theCrag: PC-Wandl (8667027765)
PC-Wandl 3,7+,5-7,sport,UIAA,Fischauer Vorberge,PC-Wandl,Österreich Ost,47.797039,16.007119,Fischauer Vorberge | PC-Wandl | PC-Wandl 3,,to create,theCrag: PC-Wandl (8667027765)
PC-Wandl 4,7-,5-7,sport,UIAA,Fischauer Vorberge,PC-Wandl,Österreich Ost,47.797039,16.007119,Fischauer Vorberge | PC-Wandl | PC-Wandl 4,,to create,theCrag: PC-Wandl (8667027765)
PC-Wandl 5,6+,5-7,sport,UIAA,Fischauer Vorberge,PC-Wandl,Österreich Ost,47.797039,16.007119,Fischauer Vorberge | PC-Wandl | PC-Wandl 5,,to create,theCrag: PC-Wandl (8667027765)
PC-Wandl 6,6+,5-7,sport,UIAA,Fischauer Vorberge,PC-Wandl,Österreich Ost,47.797039,16.007119,Fischauer Vorberge | PC-Wandl | PC-Wandl 6,,to create,theCrag: PC-Wandl (8667027765)
PC-Wandl 7,7+,5-7,sport,UIAA,Fischauer Vorberge,PC-Wandl,Österreich Ost,47.797039,16.007119,Fischauer Vorberge | PC-Wandl | PC-Wandl 7,,to create,theCrag: PC-Wandl (8667027765)
PC-Wandl 8,8-,8-11,sport,UIAA,Fischauer Vorberge,PC-Wandl,Österreich Ost,47.797039,16.007119,Fischauer Vorberge | PC-Wandl | PC-Wandl 8,,to create,theCrag: PC-Wandl (8667027765)
PC-Wandl 9,8-,8-11,sport,UIAA,Fischauer Vorberge,PC-Wandl,Österreich Ost,47.797039,16.007119,Fischauer Vorberge | PC-Wandl | PC-Wandl 9,,to create,theCrag: PC-Wandl (8667027765)
PC-Wandl 10,5-,5-7,sport,UIAA,Fischauer Vorberge,PC-Wandl,Österreich Ost,47.797039,16.007119,Fischauer Vorberge | PC-Wandl | PC-Wandl 10,,to create,theCrag: PC-Wandl (8667027765)
PC-Wandl 11,5+,5-7,sport,UIAA,Fischauer Vorberge,PC-Wandl,Österreich Ost,47.797039,16.007119,Fischauer Vorberge | PC-Wandl | PC-Wandl 11,,to create,theCrag: PC-Wandl (8667027765)
Greta Thunfisch,6,5-7,sport,UIAA,Fischauer Vorberge,Bad Fischau Klettergarten,Österreich Ost,47.83855,16.151882,Fischauer Vorberge | Bad Fischau Klettergarten | Greta Thunfisch,,to create,OSM fuzzy (0.88): Bad Fischau Kinderklettergarten
Ihr glaubt auch alles,6,5-7,sport,UIAA,Fischauer Vorberge,Bad Fischau Klettergarten,Österreich Ost,47.83855,16.151882,Fischauer Vorberge | Bad Fischau Klettergarten | Ihr glaubt auch alles,,to create,OSM fuzzy (0.88): Bad Fischau Kinderklettergarten
Ürx,3,1-4,sport,UIAA,Fischauer Vorberge,Bad Fischau Klettergarten,Österreich Ost,47.83855,16.151882,Fischauer Vorberge | Bad Fischau Klettergarten | Ürx,,to create,OSM fuzzy (0.88): Bad Fischau Kinderklettergarten
Alpentarzan,4,1-4,sport,UIAA,Fischauer Vorberge,Bad Fischau Klettergarten,Österreich Ost,47.83855,16.151882,Fischauer Vorberge | Bad Fischau Klettergarten | Alpentarzan,,to create,OSM fuzzy (0.88): Bad Fischau Kinderklettergarten
KRX,4,1-4,sport,UIAA,Fischauer Vorberge,Bad Fischau Klettergarten,Österreich Ost,47.83855,16.151882,Fischauer Vorberge | Bad Fischau Klettergarten | KRX,,to create,OSM fuzzy (0.88): Bad Fischau Kinderklettergarten
Lupotour,7-,5-7,sport,UIAA,Fischauer Vorberge,Bad Fischau Klettergarten,Österreich Ost,47.83855,16.151882,Fischauer Vorberge | Bad Fischau Klettergarten | Lupotour,,to create,OSM fuzzy (0.88): Bad Fischau Kinderklettergarten
Klagemauer,8/9,8-11,sport,UIAA,Fischauer Vorberge,Bad Fischau Klettergarten,Österreich Ost,47.83855,16.151882,Fischauer Vorberge | Bad Fischau Klettergarten | Klagemauer,,to create,OSM fuzzy (0.88): Bad Fischau Kinderklettergarten
Hansi Hopp,7,5-7,sport,UIAA,Fischauer Vorberge,Bad Fischau Klettergarten,Österreich Ost,47.83855,16.151882,Fischauer Vorberge | Bad Fischau Klettergarten | Hansi Hopp,,to create,OSM fuzzy (0.88): Bad Fischau Kinderklettergarten
Weg durch den Fisch,6,5-7,sport,UIAA,Fischauer Vorberge,Bad Fischau Klettergarten,Österreich Ost,47.83855,16.151882,Fischauer Vorberge | Bad Fischau Klettergarten | Weg durch den Fisch,,to create,OSM fuzzy (0.88): Bad Fischau Kinderklettergarten
Muhriris,6-,5-7,sport,UIAA,Fischauer Vorberge,Bad Fischau Klettergarten,Österreich Ost,47.83855,16.151882,Fischauer Vorberge | Bad Fischau Klettergarten | Muhriris,,to create,OSM fuzzy (0.88): Bad Fischau Kinderklettergarten
Simaplatte,7,5-7,sport,UIAA,Fischauer Vorberge,Bad Fischau Klettergarten,Österreich Ost,47.83855,16.151882,Fischauer Vorberge | Bad Fischau Klettergarten | Simaplatte,,to create,OSM fuzzy (0.88): Bad Fischau Kinderklettergarten
Lächelt viel,8-,8-11,sport,UIAA,Fischauer Vorberge,Bad Fischau Klettergarten,Österreich Ost,47.83855,16.151882,Fischauer Vorberge | Bad Fischau Klettergarten | Lächelt viel,,to create,OSM fuzzy (0.88): Bad Fischau Kinderklettergarten
Direkter Einstieg (Bad Fischau a),7+,5-7,sport,UIAA,Fischauer Vorberge,Bad Fischau Klettergarten,Österreich Ost,47.83855,16.151882,Fischauer Vorberge | Bad Fischau Klettergarten | Direkter Einstieg (Bad Fischau a),,to create,OSM fuzzy (0.88): Bad Fischau Kinderklettergarten
Wilde Welt,7+,5-7,sport,UIAA,Fischauer Vorberge,Bad Fischau Klettergarten,Österreich Ost,47.83855,16.151882,Fischauer Vorberge | Bad Fischau Klettergarten | Wilde Welt,,to create,OSM fuzzy (0.88): Bad Fischau Kinderklettergarten
Kantka,8-/8,8-11,sport,UIAA,Fischauer Vorberge,Bad Fischau Klettergarten,Österreich Ost,47.83855,16.151882,Fischauer Vorberge | Bad Fischau Klettergarten | Kantka,,to create,OSM fuzzy (0.88): Bad Fischau Kinderklettergarten
Zappa,7+,5-7,sport,UIAA,Fischauer Vorberge,Bad Fischau Klettergarten,Österreich Ost,47.83855,16.151882,Fischauer Vorberge | Bad Fischau Klettergarten | Zappa,,to create,OSM fuzzy (0.88): Bad Fischau Kinderklettergarten
Schöne Tage,5,5-7,sport,UIAA,Fischauer Vorberge,Bad Fischau Klettergarten,Österreich Ost,47.83855,16.151882,Fischauer Vorberge | Bad Fischau Klettergarten | Schöne Tage,,to create,OSM fuzzy (0.88): Bad Fischau Kinderklettergarten
Schräge,6,5-7,sport,UIAA,Fischauer Vorberge,Bad Fischau Klettergarten,Österreich Ost,47.83855,16.151882,Fischauer Vorberge | Bad Fischau Klettergarten | Schräge,,to create,OSM fuzzy (0.88): Bad Fischau Kinderklettergarten
Silberpfeil,8,8-11,sport,UIAA,Fischauer Vorberge,Bad Fischau Klettergarten,Österreich Ost,47.83855,16.151882,Fischauer Vorberge | Bad Fischau Klettergarten | Silberpfeil,,to create,OSM fuzzy (0.88): Bad Fischau Kinderklettergarten
Cheap Thrills,7,5-7,sport,UIAA,Fischauer Vorberge,Bad Fischau Klettergarten,Österreich Ost,47.83855,16.151882,Fischauer Vorberge | Bad Fischau Klettergarten | Cheap Thrills,,to create,OSM fuzzy (0.88): Bad Fischau Kinderklettergarten
In the Air and You Fly,10-,8-11,sport,UIAA,Fischauer Vorberge,Bad Fischau Klettergarten,Österreich Ost,47.83855,16.151882,Fischauer Vorberge | Bad Fischau Klettergarten | In the Air and You Fly,,to create,OSM fuzzy (0.88): Bad Fischau Kinderklettergarten
Interjektion,9-,8-11,sport,UIAA,Fischauer Vorberge,Bad Fischau Klettergarten,Österreich Ost,47.83855,16.151882,Fischauer Vorberge | Bad Fischau Klettergarten | Interjektion,,to create,OSM fuzzy (0.88): Bad Fischau Kinderklettergarten
Achternbusch for President,8-,8-11,sport,UIAA,Fischauer Vorberge,Bad Fischau Klettergarten,Österreich Ost,47.83855,16.151882,Fischauer Vorberge | Bad Fischau Klettergarten | Achternbusch for President,,to create,OSM fuzzy (0.88): Bad Fischau Kinderklettergarten
Grobmotoriker,9-/9,8-11,sport,UIAA,Fischauer Vorberge,Bad Fischau Klettergarten,Österreich Ost,47.83855,16.151882,Fischauer Vorberge | Bad Fischau Klettergarten | Grobmotoriker,,to create,OSM fuzzy (0.88): Bad Fischau Kinderklettergarten
Pizza,8,8-11,sport,UIAA,Fischauer Vorberge,Bad Fischau Klettergarten,Österreich Ost,47.83855,16.151882,Fischauer Vorberge | Bad Fischau Klettergarten | Pizza,,to create,OSM fuzzy (0.88): Bad Fischau Kinderklettergarten
Kobis Weinkrampf,8-,8-11,sport,UIAA,Fischauer Vorberge,Bad Fischau Klettergarten,Österreich Ost,47.83855,16.151882,Fischauer Vorberge | Bad Fischau Klettergarten | Kobis Weinkrampf,,to create,OSM fuzzy (0.88): Bad Fischau Kinderklettergarten
Schiessmuskel,7-,5-7,sport,UIAA,Fischauer Vorberge,Bad Fischau Klettergarten,Österreich Ost,47.83855,16.151882,Fischauer Vorberge | Bad Fischau Klettergarten | Schiessmuskel,,to create,OSM fuzzy (0.88): Bad Fischau Kinderklettergarten
Miranda Orange,8,8-11,sport,UIAA,Fischauer Vorberge,Bad Fischau Klettergarten,Österreich Ost,47.83855,16.151882,Fischauer Vorberge | Bad Fischau Klettergarten | Miranda Orange,,to create,OSM fuzzy (0.88): Bad Fischau Kinderklettergarten
Elefantenschwanzcocktail,7-,5-7,sport,UIAA,Fischauer Vorberge,Bad Fischau Klettergarten,Österreich Ost,47.83855,16.151882,Fischauer Vorberge | Bad Fischau Klettergarten | Elefantenschwanzcocktail,,to create,OSM fuzzy (0.88): Bad Fischau Kinderklettergarten
Direkter Einstieg (Bad Fischau b),8+,8-11,sport,UIAA,Fischauer Vorberge,Bad Fischau Klettergarten,Österreich Ost,47.83855,16.151882,Fischauer Vorberge | Bad Fischau Klettergarten | Direkter Einstieg (Bad Fischau b),,to create,OSM fuzzy (0.88): Bad Fischau Kinderklettergarten
Lausbua,5,5-7,sport,UIAA,Fischauer Vorberge,Bad Fischau Klettergarten,Österreich Ost,47.83855,16.151882,Fischauer Vorberge | Bad Fischau Klettergarten | Lausbua,,to create,OSM fuzzy (0.88): Bad Fischau Kinderklettergarten
Comeback,7-,5-7,sport,UIAA,Fischauer Vorberge,Bad Fischau Klettergarten,Österreich Ost,47.83855,16.151882,Fischauer Vorberge | Bad Fischau Klettergarten | Comeback,,to create,OSM fuzzy (0.88): Bad Fischau Kinderklettergarten
Dreiecksdach,6+,5-7,sport,UIAA,Fischauer Vorberge,Bad Fischau Klettergarten,Österreich Ost,47.83855,16.151882,Fischauer Vorberge | Bad Fischau Klettergarten | Dreiecksdach,,to create,OSM fuzzy (0.88): Bad Fischau Kinderklettergarten
Chien Fatigue,7,5-7,sport,UIAA,Fischauer Vorberge,Bad Fischau Klettergarten,Österreich Ost,47.83855,16.151882,Fischauer Vorberge | Bad Fischau Klettergarten | Chien Fatigue,,to create,OSM fuzzy (0.88): Bad Fischau Kinderklettergarten
Genusstour,4+,1-4,sport,UIAA,Fischauer Vorberge,Bad Fischau Klettergarten,Österreich Ost,47.83855,16.151882,Fischauer Vorberge | Bad Fischau Klettergarten | Genusstour,,to create,OSM fuzzy (0.88): Bad Fischau Kinderklettergarten
All You Can Eat,8-,8-11,sport,UIAA,Fischauer Vorberge,Bad Fischau Klettergarten,Österreich Ost,47.83855,16.151882,Fischauer Vorberge | Bad Fischau Klettergarten | All You Can Eat,,to create,OSM fuzzy (0.88): Bad Fischau Kinderklettergarten
Stay Hungry,7+,5-7,sport,UIAA,Fischauer Vorberge,Bad Fischau Klettergarten,Österreich Ost,47.83855,16.151882,Fischauer Vorberge | Bad Fischau Klettergarten | Stay Hungry,,to create,OSM fuzzy (0.88): Bad Fischau Kinderklettergarten
Stay Hungry Direkt,8-,8-11,sport,UIAA,Fischauer Vorberge,Bad Fischau Klettergarten,Österreich Ost,47.83855,16.151882,Fischauer Vorberge | Bad Fischau Klettergarten | Stay Hungry Direkt,,to create,OSM fuzzy (0.88): Bad Fischau Kinderklettergarten
Kroatisch Österreichische Freundschaft,4,1-4,sport,UIAA,Fischauer Vorberge,Bad Fischau Klettergarten,Österreich Ost,47.83855,16.151882,Fischauer Vorberge | Bad Fischau Klettergarten | Kroatisch Österreichische Freundschaft,,to create,OSM fuzzy (0.88): Bad Fischau Kinderklettergarten
Salzburger Nockerl,5-,5-7,sport,UIAA,Fischauer Vorberge,Bad Fischau Klettergarten,Österreich Ost,47.83855,16.151882,Fischauer Vorberge | Bad Fischau Klettergarten | Salzburger Nockerl,,to create,OSM fuzzy (0.88): Bad Fischau Kinderklettergarten
Vampirella,6+,5-7,sport,UIAA,Fischauer Vorberge,Bad Fischau Klettergarten,Österreich Ost,47.83855,16.151882,Fischauer Vorberge | Bad Fischau Klettergarten | Vampirella,,to create,OSM fuzzy (0.88): Bad Fischau Kinderklettergarten
Piazking,5+,5-7,sport,UIAA,Fischauer Vorberge,Bad Fischau Klettergarten,Österreich Ost,47.83855,16.151882,Fischauer Vorberge | Bad Fischau Klettergarten | Piazking,,to create,OSM fuzzy (0.88): Bad Fischau Kinderklettergarten
Django,7+,5-7,sport,UIAA,Fischauer Vorberge,Bad Fischau Klettergarten,Österreich Ost,47.83855,16.151882,Fischauer Vorberge | Bad Fischau Klettergarten | Django,,to create,OSM fuzzy (0.88): Bad Fischau Kinderklettergarten
Werwolf,6+,5-7,sport,UIAA,Fischauer Vorberge,Bad Fischau Klettergarten,Österreich Ost,47.83855,16.151882,Fischauer Vorberge | Bad Fischau Klettergarten | Werwolf,,to create,OSM fuzzy (0.88): Bad Fischau Kinderklettergarten
MC Donalds Massaker,7,5-7,sport,UIAA,Fischauer Vorberge,Bad Fischau Klettergarten,Österreich Ost,47.83855,16.151882,Fischauer Vorberge | Bad Fischau Klettergarten | MC Donalds Massaker,,to create,OSM fuzzy (0.88): Bad Fischau Kinderklettergarten
Pfeilerverschneidung,5,5-7,sport,UIAA,Fischauer Vorberge,Bad Fischau Klettergarten,Österreich Ost,47.83855,16.151882,Fischauer Vorberge | Bad Fischau Klettergarten | Pfeilerverschneidung,,to create,OSM fuzzy (0.88): Bad Fischau Kinderklettergarten
Higher Level,7a+ trav,5-7,sport,UIAA,Fischauer Vorberge,Bad Fischau Klettergarten,Österreich Ost,47.83855,16.151882,Fischauer Vorberge | Bad Fischau Klettergarten | Higher Level,,to create,OSM fuzzy (0.88): Bad Fischau Kinderklettergarten
Pfeiler,7,5-7,sport,UIAA,Fischauer Vorberge,Bad Fischau Klettergarten,Österreich Ost,47.83855,16.151882,Fischauer Vorberge | Bad Fischau Klettergarten | Pfeiler,,to create,OSM fuzzy (0.88): Bad Fischau Kinderklettergarten
Trad ist Trend,8,8-11,sport,UIAA,Fischauer Vorberge,Bad Fischau Klettergarten,Österreich Ost,47.83855,16.151882,Fischauer Vorberge | Bad Fischau Klettergarten | Trad ist Trend,,to create,OSM fuzzy (0.88): Bad Fischau Kinderklettergarten
Afrika,8-,8-11,sport,UIAA,Fischauer Vorberge,Bad Fischau Klettergarten,Österreich Ost,47.83855,16.151882,Fischauer Vorberge | Bad Fischau Klettergarten | Afrika,,to create,OSM fuzzy (0.88): Bad Fischau Kinderklettergarten
Hödlmoser,5+,5-7,sport,UIAA,Fischauer Vorberge,Bad Fischau Klettergarten,Österreich Ost,47.83855,16.151882,Fischauer Vorberge | Bad Fischau Klettergarten | Hödlmoser,,to create,OSM fuzzy (0.88): Bad Fischau Kinderklettergarten
Endzeit,6+,5-7,sport,UIAA,Fischauer Vorberge,Bad Fischau Klettergarten,Österreich Ost,47.83855,16.151882,Fischauer Vorberge | Bad Fischau Klettergarten | Endzeit,,to create,OSM fuzzy (0.88): Bad Fischau Kinderklettergarten
Live Free or Die,7-,5-7,sport,UIAA,Fischauer Vorberge,Bad Fischau Klettergarten,Österreich Ost,47.83855,16.151882,Fischauer Vorberge | Bad Fischau Klettergarten | Live Free or Die,,to create,OSM fuzzy (0.88): Bad Fischau Kinderklettergarten
Meteora,6-,5-7,sport,UIAA,Fischauer Vorberge,Bad Fischau Klettergarten,Österreich Ost,47.83855,16.151882,Fischauer Vorberge | Bad Fischau Klettergarten | Meteora,,to create,OSM fuzzy (0.88): Bad Fischau Kinderklettergarten
Axelschweiss,8-,8-11,sport,UIAA,Fischauer Vorberge,Bad Fischau Klettergarten,Österreich Ost,47.83855,16.151882,Fischauer Vorberge | Bad Fischau Klettergarten | Axelschweiss,,to create,OSM fuzzy (0.88): Bad Fischau Kinderklettergarten
Gullyriss,6+,5-7,sport,UIAA,Fischauer Vorberge,Bad Fischau Klettergarten,Österreich Ost,47.83855,16.151882,Fischauer Vorberge | Bad Fischau Klettergarten | Gullyriss,,to create,OSM fuzzy (0.88): Bad Fischau Kinderklettergarten
White Russian,8+,8-11,sport,UIAA,Fischauer Vorberge,Bad Fischau Klettergarten,Österreich Ost,47.83855,16.151882,Fischauer Vorberge | Bad Fischau Klettergarten | White Russian,,to create,OSM fuzzy (0.88): Bad Fischau Kinderklettergarten
Mobutu,6,5-7,sport,UIAA,Fischauer Vorberge,Bad Fischau Klettergarten,Österreich Ost,47.83855,16.151882,Fischauer Vorberge | Bad Fischau Klettergarten | Mobutu,,to create,OSM fuzzy (0.88): Bad Fischau Kinderklettergarten
Lumumba,7-,5-7,sport,UIAA,Fischauer Vorberge,Bad Fischau Klettergarten,Österreich Ost,47.83855,16.151882,Fischauer Vorberge | Bad Fischau Klettergarten | Lumumba,,to create,OSM fuzzy (0.88): Bad Fischau Kinderklettergarten
Kettensäge,6+,5-7,sport,UIAA,Fischauer Vorberge,Bad Fischau Klettergarten,Österreich Ost,47.83855,16.151882,Fischauer Vorberge | Bad Fischau Klettergarten | Kettensäge,,to create,OSM fuzzy (0.88): Bad Fischau Kinderklettergarten
Bad Fischau Bobo,7,5-7,sport,UIAA,Fischauer Vorberge,Bad Fischau Klettergarten,Österreich Ost,47.83855,16.151882,Fischauer Vorberge | Bad Fischau Klettergarten | Bad Fischau Bobo,,to create,OSM fuzzy (0.88): Bad Fischau Kinderklettergarten
Rissal,3-,1-4,sport,UIAA,Hohe Wand,Haussteinmugal,Österreich Ost,47.917665,15.93254,Hohe Wand | Haussteinmugal | Rissal,,to create,theCrag: Hausstein (5333714385) near Muggendorf
Schnappal,5+,5-7,sport,UIAA,Hohe Wand,Haussteinmugal,Österreich Ost,47.917665,15.93254,Hohe Wand | Haussteinmugal | Schnappal,,to create,theCrag: Hausstein (5333714385) near Muggendorf
Diagonal,3+,1-4,sport,UIAA,Hohe Wand,Haussteinmugal,Österreich Ost,47.917665,15.93254,Hohe Wand | Haussteinmugal | Diagonal,,to create,theCrag: Hausstein (5333714385) near Muggendorf
Katastrophal,5-,5-7,sport,UIAA,Hohe Wand,Haussteinmugal,Österreich Ost,47.917665,15.93254,Hohe Wand | Haussteinmugal | Katastrophal,,to create,theCrag: Hausstein (5333714385) near Muggendorf
Lethal,8+,8-11,sport,UIAA,Hohe Wand,Haussteinmugal,Österreich Ost,47.917665,15.93254,Hohe Wand | Haussteinmugal | Lethal,,to create,theCrag: Hausstein (5333714385) near Muggendorf
Mental,9,8-11,sport,UIAA,Hohe Wand,Haussteinmugal,Österreich Ost,47.917665,15.93254,Hohe Wand | Haussteinmugal | Mental,,to create,theCrag: Hausstein (5333714385) near Muggendorf
Brutal,6+,5-7,sport,UIAA,Hohe Wand,Haussteinmugal,Österreich Ost,47.917665,15.93254,Hohe Wand | Haussteinmugal | Brutal,,to create,theCrag: Hausstein (5333714385) near Muggendorf
Kausal,6+,5-7,sport,UIAA,Hohe Wand,Haussteinmugal,Österreich Ost,47.917665,15.93254,Hohe Wand | Haussteinmugal | Kausal,,to create,theCrag: Hausstein (5333714385) near Muggendorf
Genial,8,8-11,sport,UIAA,Hohe Wand,Haussteinmugal,Österreich Ost,47.917665,15.93254,Hohe Wand | Haussteinmugal | Genial,,to create,theCrag: Hausstein (5333714385) near Muggendorf
Halal,6+,5-7,sport,UIAA,Hohe Wand,Haussteinmugal,Österreich Ost,47.917665,15.93254,Hohe Wand | Haussteinmugal | Halal,,to create,theCrag: Hausstein (5333714385) near Muggendorf
Suboptimal,6,5-7,sport,UIAA,Hohe Wand,Haussteinmugal,Österreich Ost,47.917665,15.93254,Hohe Wand | Haussteinmugal | Suboptimal,,to create,theCrag: Hausstein (5333714385) near Muggendorf
Deppal,4,1-4,sport,UIAA,Hohe Wand,Haussteinmugal,Österreich Ost,47.917665,15.93254,Hohe Wand | Haussteinmugal | Deppal,,to create,theCrag: Hausstein (5333714385) near Muggendorf
Dreckspatz,7,5-7,sport,UIAA,Pernitz,Steinwandklamm,Österreich Ost,47.930749,15.943623,Pernitz | Steinwandklamm | Dreckspatz,,to create,theCrag: Steinwandklamm (10127214978)
Not-Aus,7+/8-,5-7,sport,UIAA,Pernitz,Steinwandklamm,Österreich Ost,47.930749,15.943623,Pernitz | Steinwandklamm | Not-Aus,,to create,theCrag: Steinwandklamm (10127214978)
Not-Geil,8-,8-11,sport,UIAA,Pernitz,Steinwandklamm,Österreich Ost,47.930749,15.943623,Pernitz | Steinwandklamm | Not-Geil,,to create,theCrag: Steinwandklamm (10127214978)
Sadomaso,9+/10-,8-11,sport,UIAA,Pernitz,Steinwandklamm,Österreich Ost,47.930749,15.943623,Pernitz | Steinwandklamm | Sadomaso,,to create,theCrag: Steinwandklamm (10127214978)
Ready for SM,9+,8-11,sport,UIAA,Pernitz,Steinwandklamm,Österreich Ost,47.930749,15.943623,Pernitz | Steinwandklamm | Ready for SM,,to create,theCrag: Steinwandklamm (10127214978)
Ready or Not,9-,8-11,sport,UIAA,Pernitz,Steinwandklamm,Österreich Ost,47.930749,15.943623,Pernitz | Steinwandklamm | Ready or Not,,to create,theCrag: Steinwandklamm (10127214978)
All Girls Are 18,9+/10-,8-11,sport,UIAA,Pernitz,Steinwandklamm,Österreich Ost,47.930749,15.943623,Pernitz | Steinwandklamm | All Girls Are 18,,to create,theCrag: Steinwandklamm (10127214978)
Die Welle,8+,8-11,sport,UIAA,Pernitz,Steinwandklamm,Österreich Ost,47.930749,15.943623,Pernitz | Steinwandklamm | Die Welle,,to create,theCrag: Steinwandklamm (10127214978)
Verlängerung (Steinwandklamm),,,sport,UIAA,Pernitz,Steinwandklamm,Österreich Ost,47.930749,15.943623,Pernitz | Steinwandklamm | Verlängerung (Steinwandklamm),,to create,theCrag: Steinwandklamm (10127214978)
Speichelfäden in der Buttermilch,8,8-11,sport,UIAA,Pernitz,Steinwandklamm,Österreich Ost,47.930749,15.943623,Pernitz | Steinwandklamm | Speichelfäden in der Buttermilch,,to create,theCrag: Steinwandklamm (10127214978)
Push Me Into a Cage,7+,5-7,sport,UIAA,Pernitz,Steinwandklamm,Österreich Ost,47.930749,15.943623,Pernitz | Steinwandklamm | Push Me Into a Cage,,to create,theCrag: Steinwandklamm (10127214978)
Dirty Sanchez,9+,8-11,sport,UIAA,Pernitz,Steinwandklamm,Österreich Ost,47.930749,15.943623,Pernitz | Steinwandklamm | Dirty Sanchez,,to create,theCrag: Steinwandklamm (10127214978)
Anassazi,7,5-7,sport,UIAA,Pernitz,Steinwandklamm,Österreich Ost,47.930749,15.943623,Pernitz | Steinwandklamm | Anassazi,,to create,theCrag: Steinwandklamm (10127214978)
Krabblplatte,5-,5-7,sport,UIAA,Pernitz,Kalkofenwand,Österreich Ost,47.915312,15.939315,Pernitz | Kalkofenwand | Krabblplatte,,to create,OSM cliff: Hirschwände (way 115602397)
Schnifix,7,5-7,sport,UIAA,Pernitz,Kalkofenwand,Österreich Ost,47.915312,15.939315,Pernitz | Kalkofenwand | Schnifix,,to create,OSM cliff: Hirschwände (way 115602397)
Todesverschneidung,5,5-7,sport,UIAA,Pernitz,Kalkofenwand,Österreich Ost,47.915312,15.939315,Pernitz | Kalkofenwand | Todesverschneidung,,to create,OSM cliff: Hirschwände (way 115602397)
Chalking Heads,7,5-7,sport,UIAA,Pernitz,Kalkofenwand,Österreich Ost,47.915312,15.939315,Pernitz | Kalkofenwand | Chalking Heads,,to create,OSM cliff: Hirschwände (way 115602397)
Bluff,7,5-7,sport,UIAA,Pernitz,Kalkofenwand,Österreich Ost,47.915312,15.939315,Pernitz | Kalkofenwand | Bluff,,to create,OSM cliff: Hirschwände (way 115602397)
Sintal,8-,8-11,sport,UIAA,Pernitz,Kalkofenwand,Österreich Ost,47.915312,15.939315,Pernitz | Kalkofenwand | Sintal,,to create,OSM cliff: Hirschwände (way 115602397)
Ofenverschneidung,6,5-7,sport,UIAA,Pernitz,Kalkofenwand,Österreich Ost,47.915312,15.939315,Pernitz | Kalkofenwand | Ofenverschneidung,,to create,OSM cliff: Hirschwände (way 115602397)
Ofenkante,7-,5-7,sport,UIAA,Pernitz,Kalkofenwand,Österreich Ost,47.915312,15.939315,Pernitz | Kalkofenwand | Ofenkante,,to create,OSM cliff: Hirschwände (way 115602397)
Riss mit Biss,6,5-7,sport,UIAA,Pernitz,Kalkofenwand,Österreich Ost,47.915312,15.939315,Pernitz | Kalkofenwand | Riss mit Biss,,to create,OSM cliff: Hirschwände (way 115602397)
Kalkbrand,9-,8-11,sport,UIAA,Pernitz,Kalkofenwand,Österreich Ost,47.915312,15.939315,Pernitz | Kalkofenwand | Kalkbrand,,to create,OSM cliff: Hirschwände (way 115602397)
Maxi,5,5-7,sport,UIAA,Pernitz,Kalkofenwand,Österreich Ost,47.915312,15.939315,Pernitz | Kalkofenwand | Maxi,,to create,OSM cliff: Hirschwände (way 115602397)
Morizi,8,8-11,sport,UIAA,Pernitz,Kalkofenwand,Österreich Ost,47.915312,15.939315,Pernitz | Kalkofenwand | Morizi,,to create,OSM cliff: Hirschwände (way 115602397)
Schweinernes mit Krenn,8+,8-11,sport,UIAA,Pernitz,Kalkofenwand,Österreich Ost,47.915312,15.939315,Pernitz | Kalkofenwand | Schweinernes mit Krenn,,to create,OSM cliff: Hirschwände (way 115602397)
Leider Geil,8,8-11,sport,UIAA,Pernitz,Kalkofenwand,Österreich Ost,47.915312,15.939315,Pernitz | Kalkofenwand | Leider Geil,,to create,OSM cliff: Hirschwände (way 115602397)
Nötsch,9,8-11,sport,UIAA,Pernitz,Kalkofenwand,Österreich Ost,47.915312,15.939315,Pernitz | Kalkofenwand | Nötsch,,to create,OSM cliff: Hirschwände (way 115602397)
Erste Schritte,1+,1-4,sport,UIAA,Pernitz,Kalkofenwand,Österreich Ost,47.915312,15.939315,Pernitz | Kalkofenwand | Erste Schritte,,to create,OSM cliff: Hirschwände (way 115602397)
Krabbelstube,1+,1-4,sport,UIAA,Pernitz,Kalkofenwand,Österreich Ost,47.915312,15.939315,Pernitz | Kalkofenwand | Krabbelstube,,to create,OSM cliff: Hirschwände (way 115602397)
Gehschule,2,1-4,sport,UIAA,Pernitz,Kalkofenwand,Österreich Ost,47.915312,15.939315,Pernitz | Kalkofenwand | Gehschule,,to create,OSM cliff: Hirschwände (way 115602397)
Frühfoerderung,2,1-4,sport,UIAA,Pernitz,Kalkofenwand,Österreich Ost,47.915312,15.939315,Pernitz | Kalkofenwand | Frühfoerderung,,to create,OSM cliff: Hirschwände (way 115602397)
Früh übt sich,2+,1-4,sport,UIAA,Pernitz,Kalkofenwand,Österreich Ost,47.915312,15.939315,Pernitz | Kalkofenwand | Früh übt sich,,to create,OSM cliff: Hirschwände (way 115602397)
Kindergarten,2+,1-4,sport,UIAA,Pernitz,Kalkofenwand,Österreich Ost,47.915312,15.939315,Pernitz | Kalkofenwand | Kindergarten,,to create,OSM cliff: Hirschwände (way 115602397)
Volksschule,3+,1-4,sport,UIAA,Pernitz,Kalkofenwand,Österreich Ost,47.915312,15.939315,Pernitz | Kalkofenwand | Volksschule,,to create,OSM cliff: Hirschwände (way 115602397)
Schulreife,3-,1-4,sport,UIAA,Pernitz,Kalkofenwand,Österreich Ost,47.915312,15.939315,Pernitz | Kalkofenwand | Schulreife,,to create,OSM cliff: Hirschwände (way 115602397)
Verbale Benotung,3-,1-4,sport,UIAA,Pernitz,Kalkofenwand,Österreich Ost,47.915312,15.939315,Pernitz | Kalkofenwand | Verbale Benotung,,to create,OSM cliff: Hirschwände (way 115602397)
Erstes Training,5,5-7,sport,UIAA,Pernitz,Kalkofenwand,Österreich Ost,47.915312,15.939315,Pernitz | Kalkofenwand | Erstes Training,,to create,OSM cliff: Hirschwände (way 115602397)
Detailschulung,5,5-7,sport,UIAA,Pernitz,Kalkofenwand,Österreich Ost,47.915312,15.939315,Pernitz | Kalkofenwand | Detailschulung,,to create,OSM cliff: Hirschwände (way 115602397)
Übungskante,4,1-4,sport,UIAA,Pernitz,Kalkofenwand,Österreich Ost,47.915312,15.939315,Pernitz | Kalkofenwand | Übungskante,,to create,OSM cliff: Hirschwände (way 115602397)
Kamin-Einschulung,4,1-4,sport,UIAA,Pernitz,Kalkofenwand,Österreich Ost,47.915312,15.939315,Pernitz | Kalkofenwand | Kamin-Einschulung,,to create,OSM cliff: Hirschwände (way 115602397)
Nichts für Kinder,7,5-7,sport,UIAA,Pernitz,Kalkofenwand,Österreich Ost,47.915312,15.939315,Pernitz | Kalkofenwand | Nichts für Kinder,,to create,OSM cliff: Hirschwände (way 115602397)
Ausweiche,6+,5-7,sport,UIAA,Pernitz,Kalkofenwand,Österreich Ost,47.915312,15.939315,Pernitz | Kalkofenwand | Ausweiche,,to create,OSM cliff: Hirschwände (way 115602397)
Schattengrat,2+,1-4,sport,UIAA,Pernitz,Kalkofenwand,Österreich Ost,47.915312,15.939315,Pernitz | Kalkofenwand | Schattengrat,,to create,OSM cliff: Hirschwände (way 115602397)
Nicht warum fragen,7,5-7,sport,UIAA,Pernitz,Kraftwandl,Österreich Ost,47.915312,15.939315,Pernitz | Kraftwandl | Nicht warum fragen,,to create,OSM cliff: Hirschwände (way 115602397)
Nicht verzagen,6+,5-7,sport,UIAA,Pernitz,Kraftwandl,Österreich Ost,47.915312,15.939315,Pernitz | Kraftwandl | Nicht verzagen,,to create,OSM cliff: Hirschwände (way 115602397)
Muggendance,7,5-7,sport,UIAA,Pernitz,Kraftwandl,Österreich Ost,47.915312,15.939315,Pernitz | Kraftwandl | Muggendance,,to create,OSM cliff: Hirschwände (way 115602397)
Power Control,8,8-11,sport,UIAA,Pernitz,Kraftwandl,Österreich Ost,47.915312,15.939315,Pernitz | Kraftwandl | Power Control,,to create,OSM cliff: Hirschwände (way 115602397)
A Riss der Kana is,9-/9,8-11,sport,UIAA,Pernitz,Kraftwandl,Österreich Ost,47.915312,15.939315,Pernitz | Kraftwandl | A Riss der Kana is,,to create,OSM cliff: Hirschwände (way 115602397)
Meerschweine,7+,5-7,sport,UIAA,Pernitz,Kraftwandl,Österreich Ost,47.915312,15.939315,Pernitz | Kraftwandl | Meerschweine,,to create,OSM cliff: Hirschwände (way 115602397)
Proteinminister,7+/8-,5-7,sport,UIAA,Pernitz,Kraftwandl,Österreich Ost,47.915312,15.939315,Pernitz | Kraftwandl | Proteinminister,,to create,OSM cliff: Hirschwände (way 115602397)
Ach wie gut dass niemand weiss,9-,8-11,sport,UIAA,Pernitz,Kraftwandl,Österreich Ost,47.915312,15.939315,Pernitz | Kraftwandl | Ach wie gut dass niemand weiss,,to create,OSM cliff: Hirschwände (way 115602397)
Pe Jing Express,9+,8-11,sport,UIAA,Pernitz,Kraftwandl,Österreich Ost,47.915312,15.939315,Pernitz | Kraftwandl | Pe Jing Express,,to create,OSM cliff: Hirschwände (way 115602397)
No Pain No Game,8/8+,8-11,sport,UIAA,Pernitz,Kraftwandl,Österreich Ost,47.915312,15.939315,Pernitz | Kraftwandl | No Pain No Game,,to create,OSM cliff: Hirschwände (way 115602397)
Helmi,8,8-11,sport,UIAA,Pernitz,Kraftwandl,Österreich Ost,47.915312,15.939315,Pernitz | Kraftwandl | Helmi,,to create,OSM cliff: Hirschwände (way 115602397)
Armarock,8,8-11,sport,UIAA,Pernitz,Kraftwandl,Österreich Ost,47.915312,15.939315,Pernitz | Kraftwandl | Armarock,,to create,OSM cliff: Hirschwände (way 115602397)
Geile Sau,6b trav,5-7,sport,UIAA,Pernitz,Kraftwandl,Österreich Ost,47.915312,15.939315,Pernitz | Kraftwandl | Geile Sau,,to create,OSM cliff: Hirschwände (way 115602397)
Waldquelle,6+/7-,5-7,sport,UIAA,Pernitz,Shadow Wall,Österreich Ost,47.915312,15.939315,Pernitz | Shadow Wall | Waldquelle,,to create,OSM cliff: Hirschwände (way 115602397)
Nachtschattengewächs,7/7+,5-7,sport,UIAA,Pernitz,Shadow Wall,Österreich Ost,47.915312,15.939315,Pernitz | Shadow Wall | Nachtschattengewächs,,to create,OSM cliff: Hirschwände (way 115602397)
Schattenspender,7-,5-7,sport,UIAA,Pernitz,Shadow Wall,Österreich Ost,47.915312,15.939315,Pernitz | Shadow Wall | Schattenspender,,to create,OSM cliff: Hirschwände (way 115602397)
Schattenspiele,7+,5-7,sport,UIAA,Pernitz,Shadow Wall,Österreich Ost,47.915312,15.939315,Pernitz | Shadow Wall | Schattenspiele,,to create,OSM cliff: Hirschwände (way 115602397)
Shadow on the Wall,9,8-11,sport,UIAA,Pernitz,Shadow Wall,Österreich Ost,47.915312,15.939315,Pernitz | Shadow Wall | Shadow on the Wall,,to create,OSM cliff: Hirschwände (way 115602397)
Schattendasein,7+,5-7,sport,UIAA,Pernitz,Shadow Wall,Österreich Ost,47.915312,15.939315,Pernitz | Shadow Wall | Schattendasein,,to create,OSM cliff: Hirschwände (way 115602397)
Balance of Power,8+/9-,8-11,sport,UIAA,Pernitz,Shadow Wall,Österreich Ost,47.915312,15.939315,Pernitz | Shadow Wall | Balance of Power,,to create,OSM cliff: Hirschwände (way 115602397)
Mordstrum,6+,5-7,sport,UIAA,Pernitz,Kleine Klause,Österreich Ost,47.843401,16.024654,Pernitz | Kleine Klause | Mordstrum,,to create,OSM exact: Kleine Klause
Twittertäufer,7+/8-,5-7,sport,UIAA,Pernitz,Kleine Klause,Österreich Ost,47.843401,16.024654,Pernitz | Kleine Klause | Twittertäufer,,to create,OSM exact: Kleine Klause
Hintenrum,7+,5-7,sport,UIAA,Pernitz,Kleine Klause,Österreich Ost,47.843401,16.024654,Pernitz | Kleine Klause | Hintenrum,,to create,OSM exact: Kleine Klause
Tee mit Rum,7+,5-7,sport,UIAA,Pernitz,Kleine Klause,Österreich Ost,47.843401,16.024654,Pernitz | Kleine Klause | Tee mit Rum,,to create,OSM exact: Kleine Klause
Seisdrum,7,5-7,sport,UIAA,Pernitz,Kleine Klause,Österreich Ost,47.843401,16.024654,Pernitz | Kleine Klause | Seisdrum,,to create,OSM exact: Kleine Klause
Memorandum,6,5-7,sport,UIAA,Pernitz,Kleine Klause,Österreich Ost,47.843401,16.024654,Pernitz | Kleine Klause | Memorandum,,to create,OSM exact: Kleine Klause
Jägerslust,6,5-7,sport,UIAA,Pernitz,Kleine Klause,Österreich Ost,47.843401,16.024654,Pernitz | Kleine Klause | Jägerslust,,to create,OSM exact: Kleine Klause
Dirty Dancing,6+,5-7,sport,UIAA,Pernitz,Kleine Klause,Österreich Ost,47.843401,16.024654,Pernitz | Kleine Klause | Dirty Dancing,,to create,OSM exact: Kleine Klause
Martialische Kunst,7+,5-7,sport,UIAA,Pernitz,Kleine Klause,Österreich Ost,47.843401,16.024654,Pernitz | Kleine Klause | Martialische Kunst,,to create,OSM exact: Kleine Klause
Wopfinger Topfinger,8,8-11,sport,UIAA,Pernitz,Kleine Klause,Österreich Ost,47.843401,16.024654,Pernitz | Kleine Klause | Wopfinger Topfinger,,to create,OSM exact: Kleine Klause
Der Felsinator,9-,8-11,sport,UIAA,Pernitz,Kleine Klause,Österreich Ost,47.843401,16.024654,Pernitz | Kleine Klause | Der Felsinator,,to create,OSM exact: Kleine Klause
Steinerweg,8,8-11,sport,UIAA,Pernitz,Kleine Klause,Österreich Ost,47.843401,16.024654,Pernitz | Kleine Klause | Steinerweg,,to create,OSM exact: Kleine Klause
Klausenperle,9-,8-11,sport,UIAA,Pernitz,Kleine Klause,Österreich Ost,47.843401,16.024654,Pernitz | Kleine Klause | Klausenperle,,to create,OSM exact: Kleine Klause
Jos Projekt,9+,8-11,sport,UIAA,Pernitz,Kleine Klause,Österreich Ost,47.843401,16.024654,Pernitz | Kleine Klause | Jos Projekt,,to create,OSM exact: Kleine Klause
Ich Roque,8+/9-,8-11,sport,UIAA,Pernitz,Kleine Klause,Österreich Ost,47.843401,16.024654,Pernitz | Kleine Klause | Ich Roque,,to create,OSM exact: Kleine Klause
Ausdruckstanz,7+,5-7,sport,UIAA,Pernitz,Kleine Klause,Österreich Ost,47.843401,16.024654,Pernitz | Kleine Klause | Ausdruckstanz,,to create,OSM exact: Kleine Klause
Henkeldisco,6+,5-7,sport,UIAA,Pernitz,Kleine Klause,Österreich Ost,47.843401,16.024654,Pernitz | Kleine Klause | Henkeldisco,,to create,OSM exact: Kleine Klause
Disco Team,7+,5-7,sport,UIAA,Pernitz,Kleine Klause,Österreich Ost,47.843401,16.024654,Pernitz | Kleine Klause | Disco Team,,to create,OSM exact: Kleine Klause
Glückslos,7+,5-7,sport,UIAA,Pernitz,Badener Turm,Österreich Ost,48.004486,16.183675,Pernitz | Badener Turm | Glückslos,,to create,OSM exact: Badener Turm
Was ist los,8+,8-11,sport,UIAA,Pernitz,Badener Turm,Österreich Ost,48.004486,16.183675,Pernitz | Badener Turm | Was ist los,,to create,OSM exact: Badener Turm
Grosser schwarzer Vogel,7,5-7,sport,UIAA,Pernitz,Badener Turm,Österreich Ost,48.004486,16.183675,Pernitz | Badener Turm | Grosser schwarzer Vogel,,to create,OSM exact: Badener Turm
Vogelfrei,7,5-7,sport,UIAA,Pernitz,Badener Turm,Österreich Ost,48.004486,16.183675,Pernitz | Badener Turm | Vogelfrei,,to create,OSM exact: Badener Turm
Ende gut alles gut,8-,8-11,sport,UIAA,Pernitz,Badener Turm,Österreich Ost,48.004486,16.183675,Pernitz | Badener Turm | Ende gut alles gut,,to create,OSM exact: Badener Turm
Galaktobureko,8-,8-11,sport,UIAA,Pernitz,Badener Turm,Österreich Ost,48.004486,16.183675,Pernitz | Badener Turm | Galaktobureko,,to create,OSM exact: Badener Turm
Schlimmer Anfang-Böses Ende,8+/9-,8-11,sport,UIAA,Pernitz,Badener Turm,Österreich Ost,48.004486,16.183675,Pernitz | Badener Turm | Schlimmer Anfang-Böses Ende,,to create,OSM exact: Badener Turm
Kleine Männer Variante,8,8-11,sport,UIAA,Pernitz,Badener Turm,Österreich Ost,48.004486,16.183675,Pernitz | Badener Turm | Kleine Männer Variante,,to create,OSM exact: Badener Turm
Schräges Monster,8,8-11,sport,UIAA,Pernitz,Badener Turm,Österreich Ost,48.004486,16.183675,Pernitz | Badener Turm | Schräges Monster,,to create,OSM exact: Badener Turm
Bröselmonster,8+,8-11,sport,UIAA,Pernitz,Badener Turm,Österreich Ost,48.004486,16.183675,Pernitz | Badener Turm | Bröselmonster,,to create,OSM exact: Badener Turm
Kleiner Ausreisser,8+/9-,8-11,sport,UIAA,Pernitz,Badener Turm,Österreich Ost,48.004486,16.183675,Pernitz | Badener Turm | Kleiner Ausreisser,,to create,OSM exact: Badener Turm
Schwere Jungs,9+/10-,8-11,sport,UIAA,Pernitz,Badener Turm,Österreich Ost,48.004486,16.183675,Pernitz | Badener Turm | Schwere Jungs,,to create,OSM exact: Badener Turm
Im Sog der Tiefe,8+,8-11,sport,UIAA,Pernitz,Badener Turm,Österreich Ost,48.004486,16.183675,Pernitz | Badener Turm | Im Sog der Tiefe,,to create,OSM exact: Badener Turm
Helmheimvorteil,8-,8-11,sport,UIAA,Pernitz,Badener Turm,Österreich Ost,48.004486,16.183675,Pernitz | Badener Turm | Helmheimvorteil,,to create,OSM exact: Badener Turm
Hoch mit Gefühl,7-7,5-7,sport,UIAA,Pernitz,Badener Turm,Österreich Ost,48.004486,16.183675,Pernitz | Badener Turm | Hoch mit Gefühl,,to create,OSM exact: Badener Turm
Plag dich hoch,8,8-11,sport,UIAA,Pernitz,Badener Turm,Österreich Ost,48.004486,16.183675,Pernitz | Badener Turm | Plag dich hoch,,to create,OSM exact: Badener Turm
Morbider Höhenrausch,8+,8-11,sport,UIAA,Pernitz,Badener Turm,Österreich Ost,48.004486,16.183675,Pernitz | Badener Turm | Morbider Höhenrausch,,to create,OSM exact: Badener Turm
Vertrau dich hoch,7+,5-7,sport,UIAA,Pernitz,Badener Turm,Österreich Ost,48.004486,16.183675,Pernitz | Badener Turm | Vertrau dich hoch,,to create,OSM exact: Badener Turm
Klettern auf eigene Gefahr,8-,8-11,sport,UIAA,Pernitz,Badener Turm,Österreich Ost,48.004486,16.183675,Pernitz | Badener Turm | Klettern auf eigene Gefahr,,to create,OSM exact: Badener Turm
Watson Direkt,8-,8-11,sport,UIAA,Pernitz,Badener Turm,Österreich Ost,48.004486,16.183675,Pernitz | Badener Turm | Watson Direkt,,to create,OSM exact: Badener Turm
Paul Watson,7-,5-7,sport,UIAA,Pernitz,Badener Turm,Österreich Ost,48.004486,16.183675,Pernitz | Badener Turm | Paul Watson,,to create,OSM exact: Badener Turm
Batida de Coco,9+,8-11,sport,UIAA,Pernitz,Schatzinsel,Österreich Ost,47.853404,16.036292,Pernitz | Schatzinsel | Batida de Coco,,to create,OSM exact: Schatzinsel
Rollin on Chrome,9-/9,8-11,sport,UIAA,Pernitz,Schatzinsel,Österreich Ost,47.853404,16.036292,Pernitz | Schatzinsel | Rollin on Chrome,,to create,OSM exact: Schatzinsel
Tat Twam Asi,9+/10-,8-11,sport,UIAA,Pernitz,Schatzinsel,Österreich Ost,47.853404,16.036292,Pernitz | Schatzinsel | Tat Twam Asi,,to create,OSM exact: Schatzinsel
Jumping Around,10-,8-11,sport,UIAA,Pernitz,Schatzinsel,Österreich Ost,47.853404,16.036292,Pernitz | Schatzinsel | Jumping Around,,to create,OSM exact: Schatzinsel
The Lost World,8/8+,8-11,sport,UIAA,Pernitz,Schatzinsel,Österreich Ost,47.853404,16.036292,Pernitz | Schatzinsel | The Lost World,,to create,OSM exact: Schatzinsel
Mei Thai,8-,8-11,sport,UIAA,Pernitz,Schatzinsel,Österreich Ost,47.853404,16.036292,Pernitz | Schatzinsel | Mei Thai,,to create,OSM exact: Schatzinsel
Dei Thai,9-,8-11,sport,UIAA,Pernitz,Schatzinsel,Österreich Ost,47.853404,16.036292,Pernitz | Schatzinsel | Dei Thai,,to create,OSM exact: Schatzinsel
Tanz der Schatten,10-,8-11,sport,UIAA,Pernitz,Schatzinsel,Österreich Ost,47.853404,16.036292,Pernitz | Schatzinsel | Tanz der Schatten,,to create,OSM exact: Schatzinsel
Totentanz,9+,8-11,sport,UIAA,Pernitz,Schatzinsel,Österreich Ost,47.853404,16.036292,Pernitz | Schatzinsel | Totentanz,,to create,OSM exact: Schatzinsel
Eng aber Sexy,8,8-11,sport,UIAA,Pernitz,Schatzinsel,Österreich Ost,47.853404,16.036292,Pernitz | Schatzinsel | Eng aber Sexy,,to create,OSM exact: Schatzinsel
Skywalker,10-,8-11,sport,UIAA,Pernitz,Schatzinsel,Österreich Ost,47.853404,16.036292,Pernitz | Schatzinsel | Skywalker,,to create,OSM exact: Schatzinsel
La Grande Fin,9,8-11,sport,UIAA,Pernitz,Schatzinsel,Österreich Ost,47.853404,16.036292,Pernitz | Schatzinsel | La Grande Fin,,to create,OSM exact: Schatzinsel
Käptn Iglo,8,8-11,sport,UIAA,Pernitz,Schatzinsel,Österreich Ost,47.853404,16.036292,Pernitz | Schatzinsel | Käptn Iglo,,to create,OSM exact: Schatzinsel
Via Maria,7+/8-,5-7,sport,UIAA,Pernitz,Schatzinsel,Österreich Ost,47.853404,16.036292,Pernitz | Schatzinsel | Via Maria,,to create,OSM exact: Schatzinsel
Hände falten Goschn halten,9,8-11,sport,UIAA,Pernitz,Schatzinsel,Österreich Ost,47.853404,16.036292,Pernitz | Schatzinsel | Hände falten Goschn halten,,to create,OSM exact: Schatzinsel
Zwischen Pest und Cholera,8+/9-,8-11,sport,UIAA,Pernitz,Schatzinsel,Österreich Ost,47.853404,16.036292,Pernitz | Schatzinsel | Zwischen Pest und Cholera,,to create,OSM exact: Schatzinsel
Boandlkramer,8-,8-11,sport,UIAA,Pernitz,Schatzinsel,Österreich Ost,47.853404,16.036292,Pernitz | Schatzinsel | Boandlkramer,,to create,OSM exact: Schatzinsel
Phönix aus der Asche,8,8-11,sport,UIAA,Pernitz,Schatzinsel,Österreich Ost,47.853404,16.036292,Pernitz | Schatzinsel | Phönix aus der Asche,,to create,OSM exact: Schatzinsel
Wie die Geier,9+/10-,8-11,sport,UIAA,Pernitz,Schatzinsel,Österreich Ost,47.853404,16.036292,Pernitz | Schatzinsel | Wie die Geier,,to create,OSM exact: Schatzinsel
Fluch der schwulen Piraten,8-,8-11,sport,UIAA,Pernitz,Schatzinsel,Österreich Ost,47.853404,16.036292,Pernitz | Schatzinsel | Fluch der schwulen Piraten,,to create,OSM exact: Schatzinsel
Namenlos (Schatzinsel),8+,8-11,sport,UIAA,Pernitz,Schatzinsel,Österreich Ost,47.853404,16.036292,Pernitz | Schatzinsel | Namenlos (Schatzinsel),,to create,OSM exact: Schatzinsel
Mozzies Live,7-,5-7,sport,UIAA,Pernitz,Schatzinsel,Österreich Ost,47.853404,16.036292,Pernitz | Schatzinsel | Mozzies Live,,to create,OSM exact: Schatzinsel
La Vie en Rose,6-,5-7,sport,UIAA,Pernitz,Schatzinsel,Österreich Ost,47.853404,16.036292,Pernitz | Schatzinsel | La Vie en Rose,,to create,OSM exact: Schatzinsel
Esperanza Clandestina,5+,5-7,sport,UIAA,Pernitz,Schatzinsel,Österreich Ost,47.853404,16.036292,Pernitz | Schatzinsel | Esperanza Clandestina,,to create,OSM exact: Schatzinsel
Gleichgewichtsstörung,7a,Boulder,boulder,Font,Pernitz,Schatzinsel (Boulder),Österreich Ost,47.853404,16.036292,Pernitz | Schatzinsel (Boulder) | Gleichgewichtsstörung,,to create,OSM (boulder variant): Schatzinsel
Fantasma de Luxe,6c,Boulder,boulder,Font,Pernitz,Schatzinsel (Boulder),Österreich Ost,47.853404,16.036292,Pernitz | Schatzinsel (Boulder) | Fantasma de Luxe,,to create,OSM (boulder variant): Schatzinsel
You Feel Good,6a,Boulder,boulder,Font,Pernitz,Schatzinsel (Boulder),Österreich Ost,47.853404,16.036292,Pernitz | Schatzinsel (Boulder) | You Feel Good,,to create,OSM (boulder variant): Schatzinsel
Romantisch Sterben,6c,Boulder,boulder,Font,Pernitz,Schatzinsel (Boulder),Österreich Ost,47.853404,16.036292,Pernitz | Schatzinsel (Boulder) | Romantisch Sterben,,to create,OSM (boulder variant): Schatzinsel
Calisto,6c,Boulder,boulder,Font,Pernitz,Schatzinsel (Boulder),Österreich Ost,47.853404,16.036292,Pernitz | Schatzinsel (Boulder) | Calisto,,to create,OSM (boulder variant): Schatzinsel
Squeezing My Ibanez,6c,Boulder,boulder,Font,Pernitz,Schatzinsel (Boulder),Österreich Ost,47.853404,16.036292,Pernitz | Schatzinsel (Boulder) | Squeezing My Ibanez,,to create,OSM (boulder variant): Schatzinsel
Like an Egyptian,6a,Boulder,boulder,Font,Pernitz,Schatzinsel (Boulder),Österreich Ost,47.853404,16.036292,Pernitz | Schatzinsel (Boulder) | Like an Egyptian,,to create,OSM (boulder variant): Schatzinsel
Sacred Spirit,8a,Boulder,boulder,Font,Pernitz,Schatzinsel (Boulder),Österreich Ost,47.853404,16.036292,Pernitz | Schatzinsel (Boulder) | Sacred Spirit,,to create,OSM (boulder variant): Schatzinsel
Mülhalde,6c,Boulder,boulder,Font,Pernitz,Schatzinsel (Boulder),Österreich Ost,47.853404,16.036292,Pernitz | Schatzinsel (Boulder) | Mülhalde,,to create,OSM (boulder variant): Schatzinsel
Things I've Seen,7a+,Boulder,boulder,Font,Pernitz,Schatzinsel (Boulder),Österreich Ost,47.853404,16.036292,Pernitz | Schatzinsel (Boulder) | Things I've Seen,,to create,OSM (boulder variant): Schatzinsel
No Justice,7b+,Boulder,boulder,Font,Pernitz,Schatzinsel (Boulder),Österreich Ost,47.853404,16.036292,Pernitz | Schatzinsel (Boulder) | No Justice,,to create,OSM (boulder variant): Schatzinsel
Sauer,6c,Boulder,boulder,Font,Pernitz,Schatzinsel (Boulder),Österreich Ost,47.853404,16.036292,Pernitz | Schatzinsel (Boulder) | Sauer,,to create,OSM (boulder variant): Schatzinsel
Justice,6b,Boulder,boulder,Font,Pernitz,Schatzinsel (Boulder),Österreich Ost,47.853404,16.036292,Pernitz | Schatzinsel (Boulder) | Justice,,to create,OSM (boulder variant): Schatzinsel
Zeckenattacke,6a,Boulder,boulder,Font,Pernitz,Schatzinsel (Boulder),Österreich Ost,47.853404,16.036292,Pernitz | Schatzinsel (Boulder) | Zeckenattacke,,to create,OSM (boulder variant): Schatzinsel
Zeck Muss Weg,6a,Boulder,boulder,Font,Pernitz,Schatzinsel (Boulder),Österreich Ost,47.853404,16.036292,Pernitz | Schatzinsel (Boulder) | Zeck Muss Weg,,to create,OSM (boulder variant): Schatzinsel
Traverse (Schatzinsel),6b+,Boulder,boulder,Font,Pernitz,Schatzinsel (Boulder),Österreich Ost,47.853404,16.036292,Pernitz | Schatzinsel (Boulder) | Traverse (Schatzinsel),,to create,OSM (boulder variant): Schatzinsel
Glory Hole,7+/8-,5-7,sport,UIAA,Pernitz,Gamswandl,Österreich Ost,47.851605,16.040184,Pernitz | Gamswandl | Glory Hole,,to create,OSM exact: Gamswandl
Strassenstrich,8+,8-11,sport,UIAA,Pernitz,Gamswandl,Österreich Ost,47.851605,16.040184,Pernitz | Gamswandl | Strassenstrich,,to create,OSM exact: Gamswandl
Eiertanz,9-,8-11,sport,UIAA,Pernitz,Gamswandl,Österreich Ost,47.851605,16.040184,Pernitz | Gamswandl | Eiertanz,,to create,OSM exact: Gamswandl
Edelpuff,9-,8-11,sport,UIAA,Pernitz,Gamswandl,Österreich Ost,47.851605,16.040184,Pernitz | Gamswandl | Edelpuff,,to create,OSM exact: Gamswandl
Brezlgriff,9-/9,8-11,sport,UIAA,Pernitz,Gamswandl,Österreich Ost,47.851605,16.040184,Pernitz | Gamswandl | Brezlgriff,,to create,OSM exact: Gamswandl
Nix is Fix,8/8+,8-11,sport,UIAA,Pernitz,Gamswandl,Österreich Ost,47.851605,16.040184,Pernitz | Gamswandl | Nix is Fix,,to create,OSM exact: Gamswandl
Nonstop,9+,8-11,sport,UIAA,Pernitz,Gamswandl,Österreich Ost,47.851605,16.040184,Pernitz | Gamswandl | Nonstop,,to create,OSM exact: Gamswandl
Reiwalata,9/9+,8-11,sport,UIAA,Pernitz,Gamswandl,Österreich Ost,47.851605,16.040184,Pernitz | Gamswandl | Reiwalata,,to create,OSM exact: Gamswandl
Hoppala,7+,5-7,sport,UIAA,Pernitz,Gamswandl,Österreich Ost,47.851605,16.040184,Pernitz | Gamswandl | Hoppala,,to create,OSM exact: Gamswandl
United States of Nothing,7+,5-7,sport,UIAA,Pernitz,Gamswandl,Österreich Ost,47.851605,16.040184,Pernitz | Gamswandl | United States of Nothing,,to create,OSM exact: Gamswandl
Namenlos (Gamswandl),8-,8-11,sport,UIAA,Pernitz,Gamswandl,Österreich Ost,47.851605,16.040184,Pernitz | Gamswandl | Namenlos (Gamswandl),,to create,OSM exact: Gamswandl
Langer Weg zum schlechten Witz,8+,8-11,sport,UIAA,Pernitz,Gamswandl,Österreich Ost,47.851605,16.040184,Pernitz | Gamswandl | Langer Weg zum schlechten Witz,,to create,OSM exact: Gamswandl
Lochstreifen,8+,8-11,sport,UIAA,Pernitz,Gamswandl,Österreich Ost,47.851605,16.040184,Pernitz | Gamswandl | Lochstreifen,,to create,OSM exact: Gamswandl
Kane Händ Kane Keks,9-,8-11,sport,UIAA,Pernitz,Gamswandl,Österreich Ost,47.851605,16.040184,Pernitz | Gamswandl | Kane Händ Kane Keks,,to create,OSM exact: Gamswandl
Michls Projekt,10/10+,8-11,sport,UIAA,Pernitz,Gamswandl,Österreich Ost,47.851605,16.040184,Pernitz | Gamswandl | Michls Projekt,,to create,OSM exact: Gamswandl
Mini Phillip Flamm,7,5-7,sport,UIAA,Pernitz,Gamswandl,Österreich Ost,47.851605,16.040184,Pernitz | Gamswandl | Mini Phillip Flamm,,to create,OSM exact: Gamswandl
Nemesis,6,5-7,sport,UIAA,Pernitz,Gamswand,Österreich Ost,47.851605,16.040184,Pernitz | Gamswand | Nemesis,,to create,OSM fuzzy (0.94): Gamswandl
Doppelwitz,6+,5-7,sport,UIAA,Pernitz,Gamswand,Österreich Ost,47.851605,16.040184,Pernitz | Gamswand | Doppelwitz,,to create,OSM fuzzy (0.94): Gamswandl
Vogelfrei (Gamswand),8,8-11,sport,UIAA,Pernitz,Gamswand,Österreich Ost,47.851605,16.040184,Pernitz | Gamswand | Vogelfrei (Gamswand),,to create,OSM fuzzy (0.94): Gamswandl
Gottlos,8-,8-11,sport,UIAA,Pernitz,Gamswand,Österreich Ost,47.851605,16.040184,Pernitz | Gamswand | Gottlos,,to create,OSM fuzzy (0.94): Gamswandl
Abtritt,9,8-11,sport,UIAA,Pernitz,Gamswand,Österreich Ost,47.851605,16.040184,Pernitz | Gamswand | Abtritt,,to create,OSM fuzzy (0.94): Gamswandl
Paolo Pinkel,8+/9-,8-11,sport,UIAA,Pernitz,Gamswand,Österreich Ost,47.851605,16.040184,Pernitz | Gamswand | Paolo Pinkel,,to create,OSM fuzzy (0.94): Gamswandl
Rabenkampf,8-,8-11,sport,UIAA,Pernitz,Gamswand,Österreich Ost,47.851605,16.040184,Pernitz | Gamswand | Rabenkampf,,to create,OSM fuzzy (0.94): Gamswandl
Waldteufel,8-,8-11,sport,UIAA,Pernitz,Gamswand,Österreich Ost,47.851605,16.040184,Pernitz | Gamswand | Waldteufel,,to create,OSM fuzzy (0.94): Gamswandl
Das schwarze Schaf,7/7+,5-7,sport,UIAA,Pernitz,Gamswand,Österreich Ost,47.851605,16.040184,Pernitz | Gamswand | Das schwarze Schaf,,to create,OSM fuzzy (0.94): Gamswandl
Ästhetische Mobilmachung,7,5-7,sport,UIAA,Pernitz,Gamswand,Österreich Ost,47.851605,16.040184,Pernitz | Gamswand | Ästhetische Mobilmachung,,to create,OSM fuzzy (0.94): Gamswandl
Deutsch Nepal,8/8+,8-11,sport,UIAA,Pernitz,Gamswand,Österreich Ost,47.851605,16.040184,Pernitz | Gamswand | Deutsch Nepal,,to create,OSM fuzzy (0.94): Gamswandl
Sturmpercht,7+,5-7,sport,UIAA,Pernitz,Gamswand,Österreich Ost,47.851605,16.040184,Pernitz | Gamswand | Sturmpercht,,to create,OSM fuzzy (0.94): Gamswandl
Marsch der Wampelreiter,8,8-11,sport,UIAA,Pernitz,Gamswand,Österreich Ost,47.851605,16.040184,Pernitz | Gamswand | Marsch der Wampelreiter,,to create,OSM fuzzy (0.94): Gamswandl
Spreu und Weizen,7+,5-7,sport,UIAA,Pernitz,Gamswand,Österreich Ost,47.851605,16.040184,Pernitz | Gamswand | Spreu und Weizen,,to create,OSM fuzzy (0.94): Gamswandl
Revier und Stubenreinigung,7-,5-7,sport,UIAA,Pernitz,Gamswand,Österreich Ost,47.851605,16.040184,Pernitz | Gamswand | Revier und Stubenreinigung,,to create,OSM fuzzy (0.94): Gamswandl
Die hohe Stube,7+,5-7,sport,UIAA,Pernitz,Gamswand,Österreich Ost,47.851605,16.040184,Pernitz | Gamswand | Die hohe Stube,,to create,OSM fuzzy (0.94): Gamswandl
MC Dreck,8/8+,8-11,sport,UIAA,Pernitz,Gamswand,Österreich Ost,47.851605,16.040184,Pernitz | Gamswand | MC Dreck,,to create,OSM fuzzy (0.94): Gamswandl
Namenlos (Gamswand),8,8-11,sport,UIAA,Pernitz,Gamswand,Österreich Ost,47.851605,16.040184,Pernitz | Gamswand | Namenlos (Gamswand),,to create,OSM fuzzy (0.94): Gamswandl
Stubenrein,6+,5-7,sport,UIAA,Pernitz,Gamswand,Österreich Ost,47.851605,16.040184,Pernitz | Gamswand | Stubenrein,,to create,OSM fuzzy (0.94): Gamswandl
Einheitsfrass,6,5-7,sport,UIAA,Pernitz,Gamswand,Österreich Ost,47.851605,16.040184,Pernitz | Gamswand | Einheitsfrass,,to create,OSM fuzzy (0.94): Gamswandl
Die Welt ist so ungerecht,5+,5-7,sport,UIAA,Hirschwände,Sektor 1 - Calimero Wall,Österreich Ost,47.915312,15.939315,Hirschwände | Sektor 1 - Calimero Wall | Die Welt ist so ungerecht,,to create,OSM cliff: Hirschwände (way 115602397)
Immer auf die Kleinen,7-,5-7,sport,UIAA,Hirschwände,Sektor 1 - Calimero Wall,Österreich Ost,47.915312,15.939315,Hirschwände | Sektor 1 - Calimero Wall | Immer auf die Kleinen,,to create,OSM cliff: Hirschwände (way 115602397)
Geistesblitz,7+,5-7,sport,UIAA,Hirschwände,Sektor 1 - Calimero Wall,Österreich Ost,47.915312,15.939315,Hirschwände | Sektor 1 - Calimero Wall | Geistesblitz,,to create,OSM cliff: Hirschwände (way 115602397)
Calimero,8+,8-11,sport,UIAA,Hirschwände,Sektor 1 - Calimero Wall,Österreich Ost,47.915312,15.939315,Hirschwände | Sektor 1 - Calimero Wall | Calimero,,to create,OSM cliff: Hirschwände (way 115602397)
Hirschen und Pirschen,8+,8-11,sport,UIAA,Hirschwände,Sektor 1 - Calimero Wall,Österreich Ost,47.915312,15.939315,Hirschwände | Sektor 1 - Calimero Wall | Hirschen und Pirschen,,to create,OSM cliff: Hirschwände (way 115602397)
Ein Pfund Rauch,8,8-11,sport,UIAA,Hirschwände,Sektor 1 - Calimero Wall,Österreich Ost,47.915312,15.939315,Hirschwände | Sektor 1 - Calimero Wall | Ein Pfund Rauch,,to create,OSM cliff: Hirschwände (way 115602397)
Hochzeitsnacht,8-,8-11,sport,UIAA,Hirschwände,Sektor 1 - Calimero Wall,Österreich Ost,47.915312,15.939315,Hirschwände | Sektor 1 - Calimero Wall | Hochzeitsnacht,,to create,OSM cliff: Hirschwände (way 115602397)
Baba Rodellar,8+/9-,8-11,sport,UIAA,Hirschwände,Sektor 1 - Calimero Wall,Österreich Ost,47.915312,15.939315,Hirschwände | Sektor 1 - Calimero Wall | Baba Rodellar,,to create,OSM cliff: Hirschwände (way 115602397)
Phobiker der Schwerkraft,9-,8-11,sport,UIAA,Hirschwände,Sektor 1 - Calimero Wall,Österreich Ost,47.915312,15.939315,Hirschwände | Sektor 1 - Calimero Wall | Phobiker der Schwerkraft,,to create,OSM cliff: Hirschwände (way 115602397)
Steirische Weinstrasse,7+/8-,5-7,sport,UIAA,Hirschwände,Sektor 1 - Calimero Wall,Österreich Ost,47.915312,15.939315,Hirschwände | Sektor 1 - Calimero Wall | Steirische Weinstrasse,,to create,OSM cliff: Hirschwände (way 115602397)
Das schwarze Reh,6+/7-,5-7,sport,UIAA,Hirschwände,Sektor 1 - Calimero Wall,Österreich Ost,47.915312,15.939315,Hirschwände | Sektor 1 - Calimero Wall | Das schwarze Reh,,to create,OSM cliff: Hirschwände (way 115602397)
Geisterbahn,7+/8-,5-7,sport,UIAA,Hirschwände,Sektor 1 - Calimero Wall,Österreich Ost,47.915312,15.939315,Hirschwände | Sektor 1 - Calimero Wall | Geisterbahn,,to create,OSM cliff: Hirschwände (way 115602397)
Hirschhänd,8+/9-,8-11,sport,UIAA,Hirschwände,Sektor 1 - Calimero Wall,Österreich Ost,47.915312,15.939315,Hirschwände | Sektor 1 - Calimero Wall | Hirschhänd,,to create,OSM cliff: Hirschwände (way 115602397)
Aussteiger,8-,8-11,sport,UIAA,Hirschwände,Sektor 1 - Calimero Wall,Österreich Ost,47.915312,15.939315,Hirschwände | Sektor 1 - Calimero Wall | Aussteiger,,to create,OSM cliff: Hirschwände (way 115602397)
Stotina Godine,5+,5-7,sport,UIAA,Hirschwände,Sektor 1 - Calimero Wall,Österreich Ost,47.915312,15.939315,Hirschwände | Sektor 1 - Calimero Wall | Stotina Godine,,to create,OSM cliff: Hirschwände (way 115602397)
Trommelfell,6+,5-7,sport,UIAA,Hirschwände,Sektor 1 - Calimero Wall,Österreich Ost,47.915312,15.939315,Hirschwände | Sektor 1 - Calimero Wall | Trommelfell,,to create,OSM cliff: Hirschwände (way 115602397)
Bushsnake,7+,5-7,sport,UIAA,Hirschwände,Sektor 1 - Calimero Wall,Österreich Ost,47.915312,15.939315,Hirschwände | Sektor 1 - Calimero Wall | Bushsnake,,to create,OSM cliff: Hirschwände (way 115602397)
Transkei,7+,5-7,sport,UIAA,Hirschwände,Sektor 1 - Calimero Wall,Österreich Ost,47.915312,15.939315,Hirschwände | Sektor 1 - Calimero Wall | Transkei,,to create,OSM cliff: Hirschwände (way 115602397)
Draken Direkt,8-,8-11,sport,UIAA,Hirschwände,Sektor 1 - Calimero Wall,Österreich Ost,47.915312,15.939315,Hirschwände | Sektor 1 - Calimero Wall | Draken Direkt,,to create,OSM cliff: Hirschwände (way 115602397)
Drakenstour,7,5-7,sport,UIAA,Hirschwände,Sektor 1 - Calimero Wall,Österreich Ost,47.915312,15.939315,Hirschwände | Sektor 1 - Calimero Wall | Drakenstour,,to create,OSM cliff: Hirschwände (way 115602397)
Soweto,6+,5-7,sport,UIAA,Hirschwände,Sektor 1 - Calimero Wall,Österreich Ost,47.915312,15.939315,Hirschwände | Sektor 1 - Calimero Wall | Soweto,,to create,OSM cliff: Hirschwände (way 115602397)
Friss oder Stirb,7,5-7,sport,UIAA,Hirschwände,Sektor 2 - Messer,Österreich Ost,47.915312,15.939315,Hirschwände | Sektor 2 - Messer | Friss oder Stirb,,to create,OSM cliff: Hirschwände (way 115602397)
Hour of Power,7,5-7,sport,UIAA,Hirschwände,Sektor 2 - Messer,Österreich Ost,47.915312,15.939315,Hirschwände | Sektor 2 - Messer | Hour of Power,,to create,OSM cliff: Hirschwände (way 115602397)
Herr der Ringe,6+,5-7,sport,UIAA,Hirschwände,Sektor 2 - Messer,Österreich Ost,47.915312,15.939315,Hirschwände | Sektor 2 - Messer | Herr der Ringe,,to create,OSM cliff: Hirschwände (way 115602397)
Namenlos (Messer a),8,8-11,sport,UIAA,Hirschwände,Sektor 2 - Messer,Österreich Ost,47.915312,15.939315,Hirschwände | Sektor 2 - Messer | Namenlos (Messer a),,to create,OSM cliff: Hirschwände (way 115602397)
Namenlos (Messer b),7,5-7,sport,UIAA,Hirschwände,Sektor 2 - Messer,Österreich Ost,47.915312,15.939315,Hirschwände | Sektor 2 - Messer | Namenlos (Messer b),,to create,OSM cliff: Hirschwände (way 115602397)
Leatherman Tool,7+,5-7,sport,UIAA,Hirschwände,Sektor 2 - Messer,Österreich Ost,47.915312,15.939315,Hirschwände | Sektor 2 - Messer | Leatherman Tool,,to create,OSM cliff: Hirschwände (way 115602397)
Etwas Stumpf,7+,5-7,sport,UIAA,Hirschwände,Sektor 2 - Messer,Österreich Ost,47.915312,15.939315,Hirschwände | Sektor 2 - Messer | Etwas Stumpf,,to create,OSM cliff: Hirschwände (way 115602397)
Centerfold,7,5-7,sport,UIAA,Hirschwände,Sektor 2 - Messer,Österreich Ost,47.915312,15.939315,Hirschwände | Sektor 2 - Messer | Centerfold,,to create,OSM cliff: Hirschwände (way 115602397)
Dopingtest,7-,5-7,sport,UIAA,Hirschwände,Sektor 3 - Gamshöhlen,Österreich Ost,47.915312,15.939315,Hirschwände | Sektor 3 - Gamshöhlen | Dopingtest,,to create,OSM cliff: Hirschwände (way 115602397)
Masterpiece,7,5-7,sport,UIAA,Hirschwände,Sektor 3 - Gamshöhlen,Österreich Ost,47.915312,15.939315,Hirschwände | Sektor 3 - Gamshöhlen | Masterpiece,,to create,OSM cliff: Hirschwände (way 115602397)
Rap the Rock,6+,5-7,sport,UIAA,Hirschwände,Sektor 3 - Gamshöhlen,Österreich Ost,47.915312,15.939315,Hirschwände | Sektor 3 - Gamshöhlen | Rap the Rock,,to create,OSM cliff: Hirschwände (way 115602397)
Exit,5,5-7,sport,UIAA,Hirschwände,Sektor 3 - Gamshöhlen,Österreich Ost,47.915312,15.939315,Hirschwände | Sektor 3 - Gamshöhlen | Exit,,to create,OSM cliff: Hirschwände (way 115602397)
Bat Bitch (Gamshöhlen),7,5-7,sport,UIAA,Hirschwände,Sektor 3 - Gamshöhlen,Österreich Ost,47.915312,15.939315,Hirschwände | Sektor 3 - Gamshöhlen | Bat Bitch (Gamshöhlen),,to create,OSM cliff: Hirschwände (way 115602397)
I Was Net,7+,5-7,sport,UIAA,Hirschwände,Sektor 4 - Links Aussen,Österreich Ost,47.915312,15.939315,Hirschwände | Sektor 4 - Links Aussen | I Was Net,,to create,OSM cliff: Hirschwände (way 115602397)
Nicht mein Problem,8,8-11,sport,UIAA,Hirschwände,Sektor 4 - Links Aussen,Österreich Ost,47.915312,15.939315,Hirschwände | Sektor 4 - Links Aussen | Nicht mein Problem,,to create,OSM cliff: Hirschwände (way 115602397)
Curettage a vif,7+,5-7,sport,UIAA,Hirschwände,Sektor 4 - Links Aussen,Österreich Ost,47.915312,15.939315,Hirschwände | Sektor 4 - Links Aussen | Curettage a vif,,to create,OSM cliff: Hirschwände (way 115602397)
Klassischer Riss,6,5-7,sport,UIAA,Hirschwände,Sektor 4 - Links Aussen,Österreich Ost,47.915312,15.939315,Hirschwände | Sektor 4 - Links Aussen | Klassischer Riss,,to create,OSM cliff: Hirschwände (way 115602397)
Scharfe Sache,7-,5-7,sport,UIAA,Hirschwände,Sektor 4 - Links Aussen,Österreich Ost,47.915312,15.939315,Hirschwände | Sektor 4 - Links Aussen | Scharfe Sache,,to create,OSM cliff: Hirschwände (way 115602397)
Sternschnupperer,9-,8-11,sport,UIAA,Hirschwände,Sektor 4 - Links Aussen,Österreich Ost,47.915312,15.939315,Hirschwände | Sektor 4 - Links Aussen | Sternschnupperer,,to create,OSM cliff: Hirschwände (way 115602397)
Bröselmaier,5+,5-7,sport,UIAA,Hirschwände,Sektor 4 - Links Aussen,Österreich Ost,47.915312,15.939315,Hirschwände | Sektor 4 - Links Aussen | Bröselmaier,,to create,OSM cliff: Hirschwände (way 115602397)
Sternschnupperer 1.SL,6+,5-7,sport,UIAA,Hirschwände,Sektor 4 - Links Aussen,Österreich Ost,47.915312,15.939315,Hirschwände | Sektor 4 - Links Aussen | Sternschnupperer 1.SL,,to create,OSM cliff: Hirschwände (way 115602397)
Les Petits Riens,5+,5-7,sport,UIAA,Hirschwände,Sektor 4 - Links Aussen,Österreich Ost,47.915312,15.939315,Hirschwände | Sektor 4 - Links Aussen | Les Petits Riens,,to create,OSM cliff: Hirschwände (way 115602397)
Sand in Sicht,5,5-7,sport,UIAA,Hirschwände,Sektor 4 - Links Aussen,Österreich Ost,47.915312,15.939315,Hirschwände | Sektor 4 - Links Aussen | Sand in Sicht,,to create,OSM cliff: Hirschwände (way 115602397)
Vivant Sequentes,8,8-11,sport,UIAA,Hirschwände,Sektor 4 - Links Aussen,Österreich Ost,47.915312,15.939315,Hirschwände | Sektor 4 - Links Aussen | Vivant Sequentes,,to create,OSM cliff: Hirschwände (way 115602397)
Henkelversprechung,8+,8-11,sport,UIAA,Hirschwände,Sektor 4 - Links Aussen,Österreich Ost,47.915312,15.939315,Hirschwände | Sektor 4 - Links Aussen | Henkelversprechung,,to create,OSM cliff: Hirschwände (way 115602397)
Moria,7-,5-7,sport,UIAA,Hirschwände,Sektor 5 - Kulisse,Österreich Ost,47.915312,15.939315,Hirschwände | Sektor 5 - Kulisse | Moria,,to create,OSM cliff: Hirschwände (way 115602397)
Gomphidius,7,5-7,sport,UIAA,Hirschwände,Sektor 5 - Kulisse,Österreich Ost,47.915312,15.939315,Hirschwände | Sektor 5 - Kulisse | Gomphidius,,to create,OSM cliff: Hirschwände (way 115602397)
Bad Boy Boogie,7+,5-7,sport,UIAA,Hirschwände,Sektor 5 - Kulisse,Österreich Ost,47.915312,15.939315,Hirschwände | Sektor 5 - Kulisse | Bad Boy Boogie,,to create,OSM cliff: Hirschwände (way 115602397)
Hell Ain't a Bad Place to Be,8+/9-,8-11,sport,UIAA,Hirschwände,Sektor 5 - Kulisse,Österreich Ost,47.915312,15.939315,Hirschwände | Sektor 5 - Kulisse | Hell Ain't a Bad Place to Be,,to create,OSM cliff: Hirschwände (way 115602397)
Ccenturio,9+,8-11,sport,UIAA,Hirschwände,Sektor 5 - Kulisse,Österreich Ost,47.915312,15.939315,Hirschwände | Sektor 5 - Kulisse | Ccenturio,,to create,OSM cliff: Hirschwände (way 115602397)
Legionär,9,8-11,sport,UIAA,Hirschwände,Sektor 5 - Kulisse,Österreich Ost,47.915312,15.939315,Hirschwände | Sektor 5 - Kulisse | Legionär,,to create,OSM cliff: Hirschwände (way 115602397)
Semirough,6,5-7,sport,UIAA,Hirschwände,Sektor 5 - Kulisse,Österreich Ost,47.915312,15.939315,Hirschwände | Sektor 5 - Kulisse | Semirough,,to create,OSM cliff: Hirschwände (way 115602397)
Sadistenbehelf,8+/9-,8-11,sport,UIAA,Hirschwände,Sektor 5 - Kulisse,Österreich Ost,47.915312,15.939315,Hirschwände | Sektor 5 - Kulisse | Sadistenbehelf,,to create,OSM cliff: Hirschwände (way 115602397)
Sonnendiagonale,7,5-7,sport,UIAA,Hirschwände,Sektor 5 - Kulisse,Österreich Ost,47.915312,15.939315,Hirschwände | Sektor 5 - Kulisse | Sonnendiagonale,,to create,OSM cliff: Hirschwände (way 115602397)
Barbietour,7+,5-7,sport,UIAA,Hirschwände,Sektor 5 - Kulisse,Österreich Ost,47.915312,15.939315,Hirschwände | Sektor 5 - Kulisse | Barbietour,,to create,OSM cliff: Hirschwände (way 115602397)
Var (Kulisse a),6,5-7,sport,UIAA,Hirschwände,Sektor 5 - Kulisse,Österreich Ost,47.915312,15.939315,Hirschwände | Sektor 5 - Kulisse | Var (Kulisse a),,to create,OSM cliff: Hirschwände (way 115602397)
Var (Kulisse b),6,5-7,sport,UIAA,Hirschwände,Sektor 5 - Kulisse,Österreich Ost,47.915312,15.939315,Hirschwände | Sektor 5 - Kulisse | Var (Kulisse b),,to create,OSM cliff: Hirschwände (way 115602397)
Scherzpfeiferl,8,8-11,sport,UIAA,Hirschwände,Sektor 5 - Kulisse,Österreich Ost,47.915312,15.939315,Hirschwände | Sektor 5 - Kulisse | Scherzpfeiferl,,to create,OSM cliff: Hirschwände (way 115602397)
Immer nur Lächeln,9,8-11,sport,UIAA,Hirschwände,Sektor 5 - Kulisse,Österreich Ost,47.915312,15.939315,Hirschwände | Sektor 5 - Kulisse | Immer nur Lächeln,,to create,OSM cliff: Hirschwände (way 115602397)
Zwergenfalle,9+/10-,8-11,sport,UIAA,Hirschwände,Sektor 5 - Kulisse,Österreich Ost,47.915312,15.939315,Hirschwände | Sektor 5 - Kulisse | Zwergenfalle,,to create,OSM cliff: Hirschwände (way 115602397)
Singt mir ein Lied,9/9+,8-11,sport,UIAA,Hirschwände,Sektor 5 - Kulisse,Österreich Ost,47.915312,15.939315,Hirschwände | Sektor 5 - Kulisse | Singt mir ein Lied,,to create,OSM cliff: Hirschwände (way 115602397)
Mir is Wurscht,7-,5-7,sport,UIAA,Hirschwände,Sektor 5 - Kulisse,Österreich Ost,47.915312,15.939315,Hirschwände | Sektor 5 - Kulisse | Mir is Wurscht,,to create,OSM cliff: Hirschwände (way 115602397)
Riesenkamin,5+,5-7,sport,UIAA,Hirschwände,Sektor 5 - Kulisse,Österreich Ost,47.915312,15.939315,Hirschwände | Sektor 5 - Kulisse | Riesenkamin,,to create,OSM cliff: Hirschwände (way 115602397)
Jägermeisterkamin,3,1-4,sport,UIAA,Hirschwände,Sektor 5 - Kulisse,Österreich Ost,47.915312,15.939315,Hirschwände | Sektor 5 - Kulisse | Jägermeisterkamin,,to create,OSM cliff: Hirschwände (way 115602397)
Grantig Kantig,8,8-11,sport,UIAA,Hirschwände,Sektor 5 - Kulisse,Österreich Ost,47.915312,15.939315,Hirschwände | Sektor 5 - Kulisse | Grantig Kantig,,to create,OSM cliff: Hirschwände (way 115602397)
Originaltrick,8,8-11,sport,UIAA,Hirschwände,Sektor 5 - Kulisse,Österreich Ost,47.915312,15.939315,Hirschwände | Sektor 5 - Kulisse | Originaltrick,,to create,OSM cliff: Hirschwände (way 115602397)
Joyfight,8,8-11,sport,UIAA,Hirschwände,Sektor 5 - Kulisse,Österreich Ost,47.915312,15.939315,Hirschwände | Sektor 5 - Kulisse | Joyfight,,to create,OSM cliff: Hirschwände (way 115602397)
Joyride,7+,5-7,sport,UIAA,Hirschwände,Sektor 5 - Kulisse,Österreich Ost,47.915312,15.939315,Hirschwände | Sektor 5 - Kulisse | Joyride,,to create,OSM cliff: Hirschwände (way 115602397)
Plattenspiele,7-,5-7,sport,UIAA,Hirschwände,Sektor 5 - Kulisse,Österreich Ost,47.915312,15.939315,Hirschwände | Sektor 5 - Kulisse | Plattenspiele,,to create,OSM cliff: Hirschwände (way 115602397)
Zaubernuss,8+,8-11,sport,UIAA,Hirschwände,Sektor 5 - Kulisse,Österreich Ost,47.915312,15.939315,Hirschwände | Sektor 5 - Kulisse | Zaubernuss,,to create,OSM cliff: Hirschwände (way 115602397)
Zaubernussini,9-/9,8-11,sport,UIAA,Hirschwände,Sektor 5 - Kulisse,Österreich Ost,47.915312,15.939315,Hirschwände | Sektor 5 - Kulisse | Zaubernussini,,to create,OSM cliff: Hirschwände (way 115602397)
Strenger Aufriss,8,8-11,sport,UIAA,Hirschwände,Sektor 5 - Kulisse,Österreich Ost,47.915312,15.939315,Hirschwände | Sektor 5 - Kulisse | Strenger Aufriss,,to create,OSM cliff: Hirschwände (way 115602397)
Faites vous jeux,8+,8-11,sport,UIAA,Hirschwände,Sektor 5 - Kulisse,Österreich Ost,47.915312,15.939315,Hirschwände | Sektor 5 - Kulisse | Faites vous jeux,,to create,OSM cliff: Hirschwände (way 115602397)
Same Player Tries Again,7+/8-,5-7,sport,UIAA,Hirschwände,Sektor 5 - Kulisse,Österreich Ost,47.915312,15.939315,Hirschwände | Sektor 5 - Kulisse | Same Player Tries Again,,to create,OSM cliff: Hirschwände (way 115602397)
Schnurzilein,8+/9-,8-11,sport,UIAA,Hirschwände,Sektor 5 - Kulisse,Österreich Ost,47.915312,15.939315,Hirschwände | Sektor 5 - Kulisse | Schnurzilein,,to create,OSM cliff: Hirschwände (way 115602397)
Procaine,10/10+,8-11,sport,UIAA,Hirschwände,Sektor 5 - Kulisse,Österreich Ost,47.915312,15.939315,Hirschwände | Sektor 5 - Kulisse | Procaine,,to create,OSM cliff: Hirschwände (way 115602397)
Cierne Dni,9+,8-11,sport,UIAA,Hirschwände,Sektor 5 - Kulisse,Österreich Ost,47.915312,15.939315,Hirschwände | Sektor 5 - Kulisse | Cierne Dni,,to create,OSM cliff: Hirschwände (way 115602397)
Anarchoprak,9+/10-,8-11,sport,UIAA,Hirschwände,Sektor 5 - Kulisse,Österreich Ost,47.915312,15.939315,Hirschwände | Sektor 5 - Kulisse | Anarchoprak,,to create,OSM cliff: Hirschwände (way 115602397)
Pulvis et Umbra,9,8-11,sport,UIAA,Hirschwände,Sektor 5 - Kulisse,Österreich Ost,47.915312,15.939315,Hirschwände | Sektor 5 - Kulisse | Pulvis et Umbra,,to create,OSM cliff: Hirschwände (way 115602397)
Chaosgasse 92,9,8-11,sport,UIAA,Hirschwände,Sektor 5 - Kulisse,Österreich Ost,47.915312,15.939315,Hirschwände | Sektor 5 - Kulisse | Chaosgasse 92,,to create,OSM cliff: Hirschwände (way 115602397)
Ode Profanum Vulgos et Arceo,10-,8-11,sport,UIAA,Hirschwände,Sektor 5 - Kulisse,Österreich Ost,47.915312,15.939315,Hirschwände | Sektor 5 - Kulisse | Ode Profanum Vulgos et Arceo,,to create,OSM cliff: Hirschwände (way 115602397)
Denken kannst da schenkn,8+,8-11,sport,UIAA,Hirschwände,Sektor 5 - Kulisse,Österreich Ost,47.915312,15.939315,Hirschwände | Sektor 5 - Kulisse | Denken kannst da schenkn,,to create,OSM cliff: Hirschwände (way 115602397)
Happy Birthday Dr.Kromer,7+,5-7,sport,UIAA,Hirschwände,Sektor 5 - Kulisse,Österreich Ost,47.915312,15.939315,Hirschwände | Sektor 5 - Kulisse | Happy Birthday Dr.Kromer,,to create,OSM cliff: Hirschwände (way 115602397)
Originaleinstieg,8,8-11,sport,UIAA,Hirschwände,Sektor 5 - Kulisse,Österreich Ost,47.915312,15.939315,Hirschwände | Sektor 5 - Kulisse | Originaleinstieg,,to create,OSM cliff: Hirschwände (way 115602397)
Holde Täuschung,7,5-7,sport,UIAA,Hirschwände,Sektor 5 - Kulisse,Österreich Ost,47.915312,15.939315,Hirschwände | Sektor 5 - Kulisse | Holde Täuschung,,to create,OSM cliff: Hirschwände (way 115602397)
Liebstling,6+,5-7,sport,UIAA,Hirschwände,Sektor 5 - Kulisse,Österreich Ost,47.915312,15.939315,Hirschwände | Sektor 5 - Kulisse | Liebstling,,to create,OSM cliff: Hirschwände (way 115602397)
Ut Aliquid Fieri Videatur,7-,5-7,sport,UIAA,Hirschwände,Sektor 5 - Kulisse,Österreich Ost,47.915312,15.939315,Hirschwände | Sektor 5 - Kulisse | Ut Aliquid Fieri Videatur,,to create,OSM cliff: Hirschwände (way 115602397)
B-Boulder,8-,8-11,sport,UIAA,Hirschwände,Sektor 5 - Kulisse,Österreich Ost,47.915312,15.939315,Hirschwände | Sektor 5 - Kulisse | B-Boulder,,to create,OSM cliff: Hirschwände (way 115602397)
Mach dich leicht,9,8-11,sport,UIAA,Hirschwände,Sektor 5 - Kulisse,Österreich Ost,47.915312,15.939315,Hirschwände | Sektor 5 - Kulisse | Mach dich leicht,,to create,OSM cliff: Hirschwände (way 115602397)
Amasake,9+,8-11,sport,UIAA,Hirschwände,Sektor 5 - Kulisse,Österreich Ost,47.915312,15.939315,Hirschwände | Sektor 5 - Kulisse | Amasake,,to create,OSM cliff: Hirschwände (way 115602397)
No Way Back,8+,8-11,sport,UIAA,Hirschwände,Sektor 5 - Kulisse,Österreich Ost,47.915312,15.939315,Hirschwände | Sektor 5 - Kulisse | No Way Back,,to create,OSM cliff: Hirschwände (way 115602397)
Verlängerung (Kulisse),10-,8-11,sport,UIAA,Hirschwände,Sektor 5 - Kulisse,Österreich Ost,47.915312,15.939315,Hirschwände | Sektor 5 - Kulisse | Verlängerung (Kulisse),,to create,OSM cliff: Hirschwände (way 115602397)
Schräges Gelände,8,8-11,sport,UIAA,Hirschwände,Sektor 5 - Kulisse,Österreich Ost,47.915312,15.939315,Hirschwände | Sektor 5 - Kulisse | Schräges Gelände,,to create,OSM cliff: Hirschwände (way 115602397)
"Erde, Dornen",,,sport,UIAA,Hirschwände,Sektor 6 - Zentrum,Österreich Ost,47.915312,15.939315,"Hirschwände | Sektor 6 - Zentrum | Erde, Dornen",,to create,OSM cliff: Hirschwände (way 115602397)
Peinigl,8,8-11,sport,UIAA,Hirschwände,Sektor 6 - Zentrum,Österreich Ost,47.915312,15.939315,Hirschwände | Sektor 6 - Zentrum | Peinigl,,to create,OSM cliff: Hirschwände (way 115602397)
Gucki Wucki,8,8-11,sport,UIAA,Hirschwände,Sektor 6 - Zentrum,Österreich Ost,47.915312,15.939315,Hirschwände | Sektor 6 - Zentrum | Gucki Wucki,,to create,OSM cliff: Hirschwände (way 115602397)
Doppelt gerebelt,7,5-7,sport,UIAA,Hirschwände,Sektor 6 - Zentrum,Österreich Ost,47.915312,15.939315,Hirschwände | Sektor 6 - Zentrum | Doppelt gerebelt,,to create,OSM cliff: Hirschwände (way 115602397)
Gusch Krampen,6,5-7,sport,UIAA,Hirschwände,Sektor 6 - Zentrum,Österreich Ost,47.915312,15.939315,Hirschwände | Sektor 6 - Zentrum | Gusch Krampen,,to create,OSM cliff: Hirschwände (way 115602397)
Saxa Loquuntur,9,8-11,sport,UIAA,Hirschwände,Sektor 6 - Zentrum,Österreich Ost,47.915312,15.939315,Hirschwände | Sektor 6 - Zentrum | Saxa Loquuntur,,to create,OSM cliff: Hirschwände (way 115602397)
Primus Inter Pares,10,8-11,sport,UIAA,Hirschwände,Sektor 6 - Zentrum,Österreich Ost,47.915312,15.939315,Hirschwände | Sektor 6 - Zentrum | Primus Inter Pares,,to create,OSM cliff: Hirschwände (way 115602397)
Desiderio Desideravi,8+,8-11,sport,UIAA,Hirschwände,Sektor 6 - Zentrum,Österreich Ost,47.915312,15.939315,Hirschwände | Sektor 6 - Zentrum | Desiderio Desideravi,,to create,OSM cliff: Hirschwände (way 115602397)
Die alten Wilden,7+,5-7,sport,UIAA,Hirschwände,Sektor 6 - Zentrum,Österreich Ost,47.915312,15.939315,Hirschwände | Sektor 6 - Zentrum | Die alten Wilden,,to create,OSM cliff: Hirschwände (way 115602397)
De oide Pleschn,5,5-7,sport,UIAA,Hirschwände,Sektor 6 - Zentrum,Österreich Ost,47.915312,15.939315,Hirschwände | Sektor 6 - Zentrum | De oide Pleschn,,to create,OSM cliff: Hirschwände (way 115602397)
2.SL von 101,8,8-11,sport,UIAA,Hirschwände,Sektor 6 - Zentrum,Österreich Ost,47.915312,15.939315,Hirschwände | Sektor 6 - Zentrum | 2.SL von 101,,to create,OSM cliff: Hirschwände (way 115602397)
Ostarit,6,5-7,sport,UIAA,Hirschwände,Sektor 6 - Zentrum,Österreich Ost,47.915312,15.939315,Hirschwände | Sektor 6 - Zentrum | Ostarit,,to create,OSM cliff: Hirschwände (way 115602397)
Crno Macka,7,5-7,sport,UIAA,Hirschwände,Sektor 6 - Zentrum,Österreich Ost,47.915312,15.939315,Hirschwände | Sektor 6 - Zentrum | Crno Macka,,to create,OSM cliff: Hirschwände (way 115602397)
Bis zum bitteren Ende,6,5-7,sport,UIAA,Hirschwände,Sektor 6 - Zentrum,Österreich Ost,47.915312,15.939315,Hirschwände | Sektor 6 - Zentrum | Bis zum bitteren Ende,,to create,OSM cliff: Hirschwände (way 115602397)
Paradies,5-,5-7,sport,UIAA,Hirschwände,Sektor 6 - Zentrum,Österreich Ost,47.915312,15.939315,Hirschwände | Sektor 6 - Zentrum | Paradies,,to create,OSM cliff: Hirschwände (way 115602397)
Madelene,4+,1-4,sport,UIAA,Hirschwände,Sektor 6 - Zentrum,Österreich Ost,47.915312,15.939315,Hirschwände | Sektor 6 - Zentrum | Madelene,,to create,OSM cliff: Hirschwände (way 115602397)
Wunderbare Reise,8,8-11,sport,UIAA,Hirschwände,Sektor 6 - Zentrum,Österreich Ost,47.915312,15.939315,Hirschwände | Sektor 6 - Zentrum | Wunderbare Reise,,to create,OSM cliff: Hirschwände (way 115602397)
Zentralrisse,7+,5-7,sport,UIAA,Hirschwände,Sektor 6 - Zentrum,Österreich Ost,47.915312,15.939315,Hirschwände | Sektor 6 - Zentrum | Zentralrisse,,to create,OSM cliff: Hirschwände (way 115602397)
Gelber Pfeiler,6+,5-7,sport,UIAA,Hirschwände,Sektor 6 - Zentrum,Österreich Ost,47.915312,15.939315,Hirschwände | Sektor 6 - Zentrum | Gelber Pfeiler,,to create,OSM cliff: Hirschwände (way 115602397)
Pfeilerrisse,6,5-7,sport,UIAA,Hirschwände,Sektor 6 - Zentrum,Österreich Ost,47.915312,15.939315,Hirschwände | Sektor 6 - Zentrum | Pfeilerrisse,,to create,OSM cliff: Hirschwände (way 115602397)
May Gods Love Be With You,7+,5-7,sport,UIAA,Hirschwände,Sektor 7 - Rechtsaussen,Österreich Ost,47.915312,15.939315,Hirschwände | Sektor 7 - Rechtsaussen | May Gods Love Be With You,,to create,OSM cliff: Hirschwände (way 115602397)
Ut Aliquod Fiat,7+,5-7,sport,UIAA,Hirschwände,Sektor 7 - Rechtsaussen,Österreich Ost,47.915312,15.939315,Hirschwände | Sektor 7 - Rechtsaussen | Ut Aliquod Fiat,,to create,OSM cliff: Hirschwände (way 115602397)
Sunset Boulevard,7-,5-7,sport,UIAA,Hirschwände,Sektor 7 - Rechtsaussen,Österreich Ost,47.915312,15.939315,Hirschwände | Sektor 7 - Rechtsaussen | Sunset Boulevard,,to create,OSM cliff: Hirschwände (way 115602397)
Skidroad,7+,5-7,sport,UIAA,Hirschwände,Sektor 7 - Rechtsaussen,Österreich Ost,47.915312,15.939315,Hirschwände | Sektor 7 - Rechtsaussen | Skidroad,,to create,OSM cliff: Hirschwände (way 115602397)
Direkter Ostgrat,6-,5-7,multipitch,UIAA,Hirschwände,Sektor 7 - Rechtsaussen,Österreich Ost,47.915312,15.939315,Hirschwände | Sektor 7 - Rechtsaussen | Direkter Ostgrat,,to create,OSM cliff: Hirschwände (way 115602397)
Eintritt Frei,8,8-11,sport,UIAA,Hirschwände,Sektor 7 - Rechtsaussen,Österreich Ost,47.915312,15.939315,Hirschwände | Sektor 7 - Rechtsaussen | Eintritt Frei,,to create,OSM cliff: Hirschwände (way 115602397)
Welcome to Thaligrat,6,5-7,sport,UIAA,Hocheck,Südwestwand,Österreich Ost,48.006779,16.036057,Hocheck | Südwestwand | Welcome to Thaligrat,,to create,OSM exact: Südwestwand
Seitensprung,4,1-4,sport,UIAA,Hocheck,Südwestwand,Österreich Ost,48.006779,16.036057,Hocheck | Südwestwand | Seitensprung,,to create,OSM exact: Südwestwand
Quicky,5,5-7,sport,UIAA,Hocheck,Südwestwand,Österreich Ost,48.006779,16.036057,Hocheck | Südwestwand | Quicky,,to create,OSM exact: Südwestwand
Zu kurz geraten,5,5-7,sport,UIAA,Hocheck,Südwestwand,Österreich Ost,48.006779,16.036057,Hocheck | Südwestwand | Zu kurz geraten,,to create,OSM exact: Südwestwand
Kein Höhepunkt,3,1-4,sport,UIAA,Hocheck,Südwestwand,Österreich Ost,48.006779,16.036057,Hocheck | Südwestwand | Kein Höhepunkt,,to create,OSM exact: Südwestwand
Maulwurf,4,1-4,sport,UIAA,Hocheck,Südwestwand,Österreich Ost,48.006779,16.036057,Hocheck | Südwestwand | Maulwurf,,to create,OSM exact: Südwestwand
Wühlmaus,6+,5-7,sport,UIAA,Hocheck,Südwestwand,Österreich Ost,48.006779,16.036057,Hocheck | Südwestwand | Wühlmaus,,to create,OSM exact: Südwestwand
Thy(rannosaurus)rex,6,5-7,sport,UIAA,Hocheck,Südwestwand,Österreich Ost,48.006779,16.036057,Hocheck | Südwestwand | Thy(rannosaurus)rex,,to create,OSM exact: Südwestwand
Christasteig,5,5-7,sport,UIAA,Hocheck,Südwestwand,Österreich Ost,48.006779,16.036057,Hocheck | Südwestwand | Christasteig,,to create,OSM exact: Südwestwand
Bachelor Arbeit,7,5-7,sport,UIAA,Hocheck,Südwestwand,Österreich Ost,48.006779,16.036057,Hocheck | Südwestwand | Bachelor Arbeit,,to create,OSM exact: Südwestwand
Maturavorbereitung,6+,5-7,sport,UIAA,Hocheck,Südwestwand,Österreich Ost,48.006779,16.036057,Hocheck | Südwestwand | Maturavorbereitung,,to create,OSM exact: Südwestwand
Maturavorbereitung Direkt,6,5-7,sport,UIAA,Hocheck,Südwestwand,Österreich Ost,48.006779,16.036057,Hocheck | Südwestwand | Maturavorbereitung Direkt,,to create,OSM exact: Südwestwand
Maturaprüfung,6,5-7,sport,UIAA,Hocheck,Südwestwand,Österreich Ost,48.006779,16.036057,Hocheck | Südwestwand | Maturaprüfung,,to create,OSM exact: Südwestwand
Troubadour,7,5-7,sport,UIAA,Hocheck,Südwestwand,Österreich Ost,48.006779,16.036057,Hocheck | Südwestwand | Troubadour,,to create,OSM exact: Südwestwand
Aufi Muassi,7,5-7,sport,UIAA,Hocheck,Südwestwand,Österreich Ost,48.006779,16.036057,Hocheck | Südwestwand | Aufi Muassi,,to create,OSM exact: Südwestwand
Herbsttraum,7+,5-7,sport,UIAA,Hocheck,Untere Westwand,Österreich Ost,48.006941,16.036437,Hocheck | Untere Westwand | Herbsttraum,,to create,OSM exact: Untere Westwand
Fasten Seat Belts,7,5-7,sport,UIAA,Hocheck,Untere Westwand,Österreich Ost,48.006941,16.036437,Hocheck | Untere Westwand | Fasten Seat Belts,,to create,OSM exact: Untere Westwand
Direkter Annysteig,6+,5-7,sport,UIAA,Hocheck,Untere Westwand,Österreich Ost,48.006941,16.036437,Hocheck | Untere Westwand | Direkter Annysteig,,to create,OSM exact: Untere Westwand
Cholera,8-,8-11,sport,UIAA,Hocheck,Untere Westwand,Österreich Ost,48.006941,16.036437,Hocheck | Untere Westwand | Cholera,,to create,OSM exact: Untere Westwand
Annysteig,5,5-7,sport,UIAA,Hocheck,Untere Westwand,Österreich Ost,48.006941,16.036437,Hocheck | Untere Westwand | Annysteig,,to create,OSM exact: Untere Westwand
Struma Ade,7,5-7,sport,UIAA,Hocheck,Untere Westwand,Österreich Ost,48.006941,16.036437,Hocheck | Untere Westwand | Struma Ade,,to create,OSM exact: Untere Westwand
Thyphus,8,8-11,sport,UIAA,Hocheck,Untere Westwand,Österreich Ost,48.006941,16.036437,Hocheck | Untere Westwand | Thyphus,,to create,OSM exact: Untere Westwand
Höhenluft,5+,5-7,sport,UIAA,Hocheck,Untere Westwand,Österreich Ost,48.006941,16.036437,Hocheck | Untere Westwand | Höhenluft,,to create,OSM exact: Untere Westwand
Direkter Annysteig 2.Länge,5+,5-7,sport,UIAA,Hocheck,Untere Westwand,Österreich Ost,48.006941,16.036437,Hocheck | Untere Westwand | Direkter Annysteig 2.Länge,,to create,OSM exact: Untere Westwand
Malaria (Untere Westwand),8,8-11,sport,UIAA,Hocheck,Untere Westwand,Österreich Ost,48.006941,16.036437,Hocheck | Untere Westwand | Malaria (Untere Westwand),,to create,OSM exact: Untere Westwand
Ungeduld des Herzens,8+,8-11,sport,UIAA,Hocheck,Untere Westwand,Österreich Ost,48.006941,16.036437,Hocheck | Untere Westwand | Ungeduld des Herzens,,to create,OSM exact: Untere Westwand
Der Saustall,9-,8-11,sport,UIAA,Hocheck,Untere Westwand,Österreich Ost,48.006941,16.036437,Hocheck | Untere Westwand | Der Saustall,,to create,OSM exact: Untere Westwand
Kinderzimmer,9-,8-11,sport,UIAA,Hocheck,Untere Westwand,Österreich Ost,48.006941,16.036437,Hocheck | Untere Westwand | Kinderzimmer,,to create,OSM exact: Untere Westwand
Saxifraga,9+/10-,8-11,sport,UIAA,Hocheck,Untere Westwand,Österreich Ost,48.006941,16.036437,Hocheck | Untere Westwand | Saxifraga,,to create,OSM exact: Untere Westwand
Zen,9+/10-,8-11,sport,UIAA,Hocheck,Untere Westwand,Österreich Ost,48.006941,16.036437,Hocheck | Untere Westwand | Zen,,to create,OSM exact: Untere Westwand
Zen Light,8,8-11,sport,UIAA,Hocheck,Untere Westwand,Österreich Ost,48.006941,16.036437,Hocheck | Untere Westwand | Zen Light,,to create,OSM exact: Untere Westwand
Um ein Haar,8+,8-11,sport,UIAA,Hocheck,Untere Westwand,Österreich Ost,48.006941,16.036437,Hocheck | Untere Westwand | Um ein Haar,,to create,OSM exact: Untere Westwand
Complement Fou,8,8-11,sport,UIAA,Hocheck,Untere Westwand,Österreich Ost,48.006941,16.036437,Hocheck | Untere Westwand | Complement Fou,,to create,OSM exact: Untere Westwand
Novel Design,8-/9-,8-11,sport,UIAA,Hocheck,Untere Westwand,Österreich Ost,48.006941,16.036437,Hocheck | Untere Westwand | Novel Design,,to create,OSM exact: Untere Westwand
Tractatus Logico,8/8+,8-11,sport,UIAA,Hocheck,Untere Westwand,Österreich Ost,48.006941,16.036437,Hocheck | Untere Westwand | Tractatus Logico,,to create,OSM exact: Untere Westwand
"Soit, Soit",6+,5-7,sport,UIAA,Hocheck,Untere Westwand,Österreich Ost,48.006941,16.036437,"Hocheck | Untere Westwand | Soit, Soit",,to create,OSM exact: Untere Westwand
Tommy Is Bad,7+,5-7,sport,UIAA,Hocheck,Untere Westwand,Österreich Ost,48.006941,16.036437,Hocheck | Untere Westwand | Tommy Is Bad,,to create,OSM exact: Untere Westwand
Tommy Can You Hear Me,7-,5-7,sport,UIAA,Hocheck,Untere Westwand,Österreich Ost,48.006941,16.036437,Hocheck | Untere Westwand | Tommy Can You Hear Me,,to create,OSM exact: Untere Westwand
Tommy Be Nice,7,5-7,sport,UIAA,Hocheck,Untere Westwand,Österreich Ost,48.006941,16.036437,Hocheck | Untere Westwand | Tommy Be Nice,,to create,OSM exact: Untere Westwand
Lehrung,4,1-4,sport,UIAA,Hocheck,Obere Westwand,Österreich Ost,48.007092,16.036584,Hocheck | Obere Westwand | Lehrung,,to create,OSM exact: Obere Westwand
Geselle,6,5-7,sport,UIAA,Hocheck,Obere Westwand,Österreich Ost,48.007092,16.036584,Hocheck | Obere Westwand | Geselle,,to create,OSM exact: Obere Westwand
Meister,6+,5-7,sport,UIAA,Hocheck,Obere Westwand,Österreich Ost,48.007092,16.036584,Hocheck | Obere Westwand | Meister,,to create,OSM exact: Obere Westwand
Schabernack,7+,5-7,sport,UIAA,Hocheck,Obere Westwand,Österreich Ost,48.007092,16.036584,Hocheck | Obere Westwand | Schabernack,,to create,OSM exact: Obere Westwand
Taktiker,7+,5-7,sport,UIAA,Hocheck,Obere Westwand,Österreich Ost,48.007092,16.036584,Hocheck | Obere Westwand | Taktiker,,to create,OSM exact: Obere Westwand
Techniker,7/7+,5-7,sport,UIAA,Hocheck,Obere Westwand,Österreich Ost,48.007092,16.036584,Hocheck | Obere Westwand | Techniker,,to create,OSM exact: Obere Westwand
Love Me Tender,9+/10-,8-11,sport,UIAA,Hocheck,Obere Westwand,Österreich Ost,48.007092,16.036584,Hocheck | Obere Westwand | Love Me Tender,,to create,OSM exact: Obere Westwand
Love the Wind,10,8-11,sport,UIAA,Hocheck,Obere Westwand,Österreich Ost,48.007092,16.036584,Hocheck | Obere Westwand | Love the Wind,,to create,OSM exact: Obere Westwand
Aiolos,10/10+,8-11,sport,UIAA,Hocheck,Obere Westwand,Österreich Ost,48.007092,16.036584,Hocheck | Obere Westwand | Aiolos,,to create,OSM exact: Obere Westwand
Aölsharfen,11-,8-11,sport,UIAA,Hocheck,Obere Westwand,Österreich Ost,48.007092,16.036584,Hocheck | Obere Westwand | Aölsharfen,,to create,OSM exact: Obere Westwand
Soultime,8,8-11,sport,UIAA,Hocheck,Obere Westwand,Österreich Ost,48.007092,16.036584,Hocheck | Obere Westwand | Soultime,,to create,OSM exact: Obere Westwand
3 Freunde Spezial,5+,5-7,sport,UIAA,Hocheck,Obere Westwand,Österreich Ost,48.007092,16.036584,Hocheck | Obere Westwand | 3 Freunde Spezial,,to create,OSM exact: Obere Westwand
3 Freunde Steig,5-,5-7,sport,UIAA,Hocheck,Obere Westwand,Österreich Ost,48.007092,16.036584,Hocheck | Obere Westwand | 3 Freunde Steig,,to create,OSM exact: Obere Westwand
Kakadus,6,5-7,sport,UIAA,Hocheck,Obere Westwand,Österreich Ost,48.007092,16.036584,Hocheck | Obere Westwand | Kakadus,,to create,OSM exact: Obere Westwand
Klettersardine,5,5-7,sport,UIAA,Hocheck,Obere Westwand,Österreich Ost,48.007092,16.036584,Hocheck | Obere Westwand | Klettersardine,,to create,OSM exact: Obere Westwand
Mauerläufer,6+,5-7,sport,UIAA,Hocheck,Obere Westwand,Österreich Ost,48.007092,16.036584,Hocheck | Obere Westwand | Mauerläufer,,to create,OSM exact: Obere Westwand
Gecko,8+/9-,8-11,sport,UIAA,Hocheck,Obere Westwand,Österreich Ost,48.007092,16.036584,Hocheck | Obere Westwand | Gecko,,to create,OSM exact: Obere Westwand
Schrecksekunde,6+,5-7,sport,UIAA,Hocheck,Obere Westwand,Österreich Ost,48.007092,16.036584,Hocheck | Obere Westwand | Schrecksekunde,,to create,OSM exact: Obere Westwand
Glückstag,7-,5-7,sport,UIAA,Hocheck,Obere Westwand,Österreich Ost,48.007092,16.036584,Hocheck | Obere Westwand | Glückstag,,to create,OSM exact: Obere Westwand
Sturmwarnung,7+,5-7,sport,UIAA,Hocheck,Obere Westwand,Österreich Ost,48.007092,16.036584,Hocheck | Obere Westwand | Sturmwarnung,,to create,OSM exact: Obere Westwand
Mein Gott Anny (Westwand),7,5-7,sport,UIAA,Hocheck,Obere Westwand,Österreich Ost,48.007092,16.036584,Hocheck | Obere Westwand | Mein Gott Anny (Westwand),,to create,OSM exact: Obere Westwand
Malaria 2.Länge,6+,5-7,sport,UIAA,Hocheck,Obere Westwand,Österreich Ost,48.007092,16.036584,Hocheck | Obere Westwand | Malaria 2.Länge,,to create,OSM exact: Obere Westwand
Wirbelwind,6+,5-7,sport,UIAA,Hocheck,Obere Westwand,Österreich Ost,48.007092,16.036584,Hocheck | Obere Westwand | Wirbelwind,,to create,OSM exact: Obere Westwand
Windhose,7-,5-7,sport,UIAA,Hocheck,Obere Westwand,Österreich Ost,48.007092,16.036584,Hocheck | Obere Westwand | Windhose,,to create,OSM exact: Obere Westwand
Abseits aller Ängste,5,5-7,sport,UIAA,Hocheck,Obere Westwand,Österreich Ost,48.007092,16.036584,Hocheck | Obere Westwand | Abseits aller Ängste,,to create,OSM exact: Obere Westwand
1 Freund Steig,5+,5-7,sport,UIAA,Hocheck,Obere Westwand,Österreich Ost,48.007092,16.036584,Hocheck | Obere Westwand | 1 Freund Steig,,to create,OSM exact: Obere Westwand
2 Freunde Steig,5+,5-7,sport,UIAA,Hocheck,Obere Westwand,Österreich Ost,48.007092,16.036584,Hocheck | Obere Westwand | 2 Freunde Steig,,to create,OSM exact: Obere Westwand
Bierwampe,8,8-11,sport,UIAA,Hocheck,Obere Westwand,Österreich Ost,48.007092,16.036584,Hocheck | Obere Westwand | Bierwampe,,to create,OSM exact: Obere Westwand
Brauhauskante,7-,5-7,sport,UIAA,Hocheck,Obere Westwand,Österreich Ost,48.007092,16.036584,Hocheck | Obere Westwand | Brauhauskante,,to create,OSM exact: Obere Westwand
Malzriss,5,5-7,sport,UIAA,Hocheck,Obere Westwand,Österreich Ost,48.007092,16.036584,Hocheck | Obere Westwand | Malzriss,,to create,OSM exact: Obere Westwand
Hopfenriss,3+,1-4,sport,UIAA,Hocheck,Obere Westwand,Österreich Ost,48.007092,16.036584,Hocheck | Obere Westwand | Hopfenriss,,to create,OSM exact: Obere Westwand
Gott erhalts Platte,4+,1-4,sport,UIAA,Hocheck,Obere Westwand,Österreich Ost,48.007092,16.036584,Hocheck | Obere Westwand | Gott erhalts Platte,,to create,OSM exact: Obere Westwand
Die Stimme des Windes,7b trav,5-7,sport,UIAA,Hocheck,Obere Westwand,Österreich Ost,48.007092,16.036584,Hocheck | Obere Westwand | Die Stimme des Windes,,to create,OSM exact: Obere Westwand
Ratatouille Verschneidung,5,5-7,sport,UIAA,Hocheck,Untere Thalhoferwand,Österreich Ost,48.007285,16.036561,Hocheck | Untere Thalhoferwand | Ratatouille Verschneidung,,to create,OSM exact: Untere Thalhoferwand
Mäusekönig,5+,5-7,sport,UIAA,Hocheck,Untere Thalhoferwand,Österreich Ost,48.007285,16.036561,Hocheck | Untere Thalhoferwand | Mäusekönig,,to create,OSM exact: Untere Thalhoferwand
Mäusejagd,5,5-7,sport,UIAA,Hocheck,Untere Thalhoferwand,Österreich Ost,48.007285,16.036561,Hocheck | Untere Thalhoferwand | Mäusejagd,,to create,OSM exact: Untere Thalhoferwand
Mäusefutter,6,5-7,sport,UIAA,Hocheck,Untere Thalhoferwand,Österreich Ost,48.007285,16.036561,Hocheck | Untere Thalhoferwand | Mäusefutter,,to create,OSM exact: Untere Thalhoferwand
Mäusefalle,5-,5-7,sport,UIAA,Hocheck,Untere Thalhoferwand,Österreich Ost,48.007285,16.036561,Hocheck | Untere Thalhoferwand | Mäusefalle,,to create,OSM exact: Untere Thalhoferwand
Auf die Maus gekommen,6,5-7,sport,UIAA,Hocheck,Untere Thalhoferwand,Österreich Ost,48.007285,16.036561,Hocheck | Untere Thalhoferwand | Auf die Maus gekommen,,to create,OSM exact: Untere Thalhoferwand
Mäusehochzeit,6,5-7,sport,UIAA,Hocheck,Untere Thalhoferwand,Österreich Ost,48.007285,16.036561,Hocheck | Untere Thalhoferwand | Mäusehochzeit,,to create,OSM exact: Untere Thalhoferwand
Saurer Regen,6+,5-7,sport,UIAA,Hocheck,Untere Thalhoferwand,Österreich Ost,48.007285,16.036561,Hocheck | Untere Thalhoferwand | Saurer Regen,,to create,OSM exact: Untere Thalhoferwand
Ökopoli,7/7+,5-7,sport,UIAA,Hocheck,Untere Thalhoferwand,Österreich Ost,48.007285,16.036561,Hocheck | Untere Thalhoferwand | Ökopoli,,to create,OSM exact: Untere Thalhoferwand
Mit neuer Kraft,7+,5-7,sport,UIAA,Hocheck,Untere Thalhoferwand,Österreich Ost,48.007285,16.036561,Hocheck | Untere Thalhoferwand | Mit neuer Kraft,,to create,OSM exact: Untere Thalhoferwand
Gottardi Riss,6+,5-7,sport,UIAA,Hocheck,Untere Thalhoferwand,Österreich Ost,48.007285,16.036561,Hocheck | Untere Thalhoferwand | Gottardi Riss,,to create,OSM exact: Untere Thalhoferwand
Falco Live,7+,5-7,sport,UIAA,Hocheck,Untere Thalhoferwand,Österreich Ost,48.007285,16.036561,Hocheck | Untere Thalhoferwand | Falco Live,,to create,OSM exact: Untere Thalhoferwand
Amerika,8-,8-11,sport,UIAA,Hocheck,Untere Thalhoferwand,Österreich Ost,48.007285,16.036561,Hocheck | Untere Thalhoferwand | Amerika,,to create,OSM exact: Untere Thalhoferwand
Jeanny,7+,5-7,sport,UIAA,Hocheck,Untere Thalhoferwand,Österreich Ost,48.007285,16.036561,Hocheck | Untere Thalhoferwand | Jeanny,,to create,OSM exact: Untere Thalhoferwand
Amadeus,7+,5-7,sport,UIAA,Hocheck,Untere Thalhoferwand,Österreich Ost,48.007285,16.036561,Hocheck | Untere Thalhoferwand | Amadeus,,to create,OSM exact: Untere Thalhoferwand
Morgentau,7+,5-7,sport,UIAA,Hocheck,Untere Thalhoferwand,Österreich Ost,48.007285,16.036561,Hocheck | Untere Thalhoferwand | Morgentau,,to create,OSM exact: Untere Thalhoferwand
Morgengrauen,7+,5-7,sport,UIAA,Hocheck,Untere Thalhoferwand,Österreich Ost,48.007285,16.036561,Hocheck | Untere Thalhoferwand | Morgengrauen,,to create,OSM exact: Untere Thalhoferwand
Hulmeister,7-,5-7,sport,UIAA,Hocheck,Untere Thalhoferwand,Österreich Ost,48.007285,16.036561,Hocheck | Untere Thalhoferwand | Hulmeister,,to create,OSM exact: Untere Thalhoferwand
Don Albatros,6+/7-,5-7,sport,UIAA,Hocheck,Untere Thalhoferwand,Österreich Ost,48.007285,16.036561,Hocheck | Untere Thalhoferwand | Don Albatros,,to create,OSM exact: Untere Thalhoferwand
Don Roberto,6+,5-7,sport,UIAA,Hocheck,Untere Thalhoferwand,Österreich Ost,48.007285,16.036561,Hocheck | Untere Thalhoferwand | Don Roberto,,to create,OSM exact: Untere Thalhoferwand
Don Rosl,7,5-7,sport,UIAA,Hocheck,Untere Thalhoferwand,Österreich Ost,48.007285,16.036561,Hocheck | Untere Thalhoferwand | Don Rosl,,to create,OSM exact: Untere Thalhoferwand
Don Carlos,6+/7-,5-7,sport,UIAA,Hocheck,Untere Thalhoferwand,Österreich Ost,48.007285,16.036561,Hocheck | Untere Thalhoferwand | Don Carlos,,to create,OSM exact: Untere Thalhoferwand
Kuh Rosl,6+/7-,5-7,sport,UIAA,Hocheck,Untere Thalhoferwand,Österreich Ost,48.007285,16.036561,Hocheck | Untere Thalhoferwand | Kuh Rosl,,to create,OSM exact: Untere Thalhoferwand
Eine Kuh,6+,5-7,sport,UIAA,Hocheck,Untere Thalhoferwand,Österreich Ost,48.007285,16.036561,Hocheck | Untere Thalhoferwand | Eine Kuh,,to create,OSM exact: Untere Thalhoferwand
Coming Home,6+/7-,5-7,sport,UIAA,Hocheck,Untere Thalhoferwand,Österreich Ost,48.007285,16.036561,Hocheck | Untere Thalhoferwand | Coming Home,,to create,OSM exact: Untere Thalhoferwand
Der Kommissar,5-,5-7,sport,UIAA,Hocheck,Untere Thalhoferwand,Österreich Ost,48.007285,16.036561,Hocheck | Untere Thalhoferwand | Der Kommissar,,to create,OSM exact: Untere Thalhoferwand
Homerun,6b trav,5-7,sport,UIAA,Hocheck,Untere Thalhoferwand,Österreich Ost,48.007285,16.036561,Hocheck | Untere Thalhoferwand | Homerun,,to create,OSM exact: Untere Thalhoferwand
Kurze Gaude,7,5-7,sport,UIAA,Hocheck,Zentrale Thalhoferwand,Österreich Ost,48.00755,16.036789,Hocheck | Zentrale Thalhoferwand | Kurze Gaude,,to create,OSM exact: Zentrale Thalhoferwand
Sternschnuppe,7-,5-7,sport,UIAA,Hocheck,Zentrale Thalhoferwand,Österreich Ost,48.00755,16.036789,Hocheck | Zentrale Thalhoferwand | Sternschnuppe,,to create,OSM exact: Zentrale Thalhoferwand
Männer!,7,5-7,sport,UIAA,Hocheck,Zentrale Thalhoferwand,Österreich Ost,48.00755,16.036789,Hocheck | Zentrale Thalhoferwand | Männer!,,to create,OSM exact: Zentrale Thalhoferwand
Vogelstimmen,7+/8-,5-7,sport,UIAA,Hocheck,Zentrale Thalhoferwand,Österreich Ost,48.00755,16.036789,Hocheck | Zentrale Thalhoferwand | Vogelstimmen,,to create,OSM exact: Zentrale Thalhoferwand
Engpass Syndrom,7+/8-,5-7,sport,UIAA,Hocheck,Zentrale Thalhoferwand,Österreich Ost,48.00755,16.036789,Hocheck | Zentrale Thalhoferwand | Engpass Syndrom,,to create,OSM exact: Zentrale Thalhoferwand
Glühwürmchen,7,5-7,sport,UIAA,Hocheck,Zentrale Thalhoferwand,Österreich Ost,48.00755,16.036789,Hocheck | Zentrale Thalhoferwand | Glühwürmchen,,to create,OSM exact: Zentrale Thalhoferwand
Fulmen ex Mente,8-,8-11,sport,UIAA,Hocheck,Zentrale Thalhoferwand,Österreich Ost,48.00755,16.036789,Hocheck | Zentrale Thalhoferwand | Fulmen ex Mente,,to create,OSM exact: Zentrale Thalhoferwand
Startbahn,7+/8-,5-7,sport,UIAA,Hocheck,Zentrale Thalhoferwand,Österreich Ost,48.00755,16.036789,Hocheck | Zentrale Thalhoferwand | Startbahn,,to create,OSM exact: Zentrale Thalhoferwand
Zauberflöte,6,5-7,sport,UIAA,Hocheck,Zentrale Thalhoferwand,Österreich Ost,48.00755,16.036789,Hocheck | Zentrale Thalhoferwand | Zauberflöte,,to create,OSM exact: Zentrale Thalhoferwand
Papageno,5,5-7,sport,UIAA,Hocheck,Zentrale Thalhoferwand,Österreich Ost,48.00755,16.036789,Hocheck | Zentrale Thalhoferwand | Papageno,,to create,OSM exact: Zentrale Thalhoferwand
Sarastro,5,5-7,sport,UIAA,Hocheck,Zentrale Thalhoferwand,Österreich Ost,48.00755,16.036789,Hocheck | Zentrale Thalhoferwand | Sarastro,,to create,OSM exact: Zentrale Thalhoferwand
Tamino,4,1-4,sport,UIAA,Hocheck,Zentrale Thalhoferwand,Österreich Ost,48.00755,16.036789,Hocheck | Zentrale Thalhoferwand | Tamino,,to create,OSM exact: Zentrale Thalhoferwand
Ende gut alles gut,6+/7-,5-7,sport,UIAA,Hocheck,Obere Thalhoferwand,Österreich Ost,48.007764,16.036865,Hocheck | Obere Thalhoferwand | Ende gut alles gut,,to create,OSM exact: Obere Thalhoferwand
Alpin Aktuell,8,8-11,sport,UIAA,Hocheck,Obere Thalhoferwand,Österreich Ost,48.007764,16.036865,Hocheck | Obere Thalhoferwand | Alpin Aktuell,,to create,OSM exact: Obere Thalhoferwand
Vom Sturm verweht,6-,5-7,sport,UIAA,Hocheck,Obere Thalhoferwand,Österreich Ost,48.007764,16.036865,Hocheck | Obere Thalhoferwand | Vom Sturm verweht,,to create,OSM exact: Obere Thalhoferwand
Wanderbare Heimat,6+,5-7,sport,UIAA,Hocheck,Obere Thalhoferwand,Österreich Ost,48.007764,16.036865,Hocheck | Obere Thalhoferwand | Wanderbare Heimat,,to create,OSM exact: Obere Thalhoferwand
Morgenstern,6-,5-7,sport,UIAA,Hocheck,Obere Thalhoferwand,Österreich Ost,48.007764,16.036865,Hocheck | Obere Thalhoferwand | Morgenstern,,to create,OSM exact: Obere Thalhoferwand
Abendstern,7+,5-7,sport,UIAA,Hocheck,Obere Thalhoferwand,Österreich Ost,48.007764,16.036865,Hocheck | Obere Thalhoferwand | Abendstern,,to create,OSM exact: Obere Thalhoferwand
Jupiter,6-,5-7,sport,UIAA,Hocheck,Obere Thalhoferwand,Österreich Ost,48.007764,16.036865,Hocheck | Obere Thalhoferwand | Jupiter,,to create,OSM exact: Obere Thalhoferwand
Im Winter verblödet,6,5-7,sport,UIAA,Hocheck,Obere Thalhoferwand,Österreich Ost,48.007764,16.036865,Hocheck | Obere Thalhoferwand | Im Winter verblödet,,to create,OSM exact: Obere Thalhoferwand
Frühjahrsmüdigkeit,6,5-7,sport,UIAA,Hocheck,Obere Thalhoferwand,Österreich Ost,48.007764,16.036865,Hocheck | Obere Thalhoferwand | Frühjahrsmüdigkeit,,to create,OSM exact: Obere Thalhoferwand
Krampfhaft,5+,5-7,sport,UIAA,Hocheck,Obere Thalhoferwand,Österreich Ost,48.007764,16.036865,Hocheck | Obere Thalhoferwand | Krampfhaft,,to create,OSM exact: Obere Thalhoferwand
Superfeucht,8+,8-11,sport,UIAA,Hocheck,Obere Thalhoferwand,Österreich Ost,48.007764,16.036865,Hocheck | Obere Thalhoferwand | Superfeucht,,to create,OSM exact: Obere Thalhoferwand
Klettern Light,6-,5-7,sport,UIAA,Hocheck,Obere Thalhoferwand,Österreich Ost,48.007764,16.036865,Hocheck | Obere Thalhoferwand | Klettern Light,,to create,OSM exact: Obere Thalhoferwand
Das Mädchen aus 1001 Nacht,6,5-7,sport,UIAA,Hocheck,Obere Thalhoferwand,Österreich Ost,48.007764,16.036865,Hocheck | Obere Thalhoferwand | Das Mädchen aus 1001 Nacht,,to create,OSM exact: Obere Thalhoferwand
Hackerling,7-,5-7,sport,UIAA,Hocheck,Obere Thalhoferwand,Österreich Ost,48.007764,16.036865,Hocheck | Obere Thalhoferwand | Hackerling,,to create,OSM exact: Obere Thalhoferwand
Für dich Klausi,8,8-11,sport,UIAA,Hocheck,Obere Thalhoferwand,Österreich Ost,48.007764,16.036865,Hocheck | Obere Thalhoferwand | Für dich Klausi,,to create,OSM exact: Obere Thalhoferwand
Damokles,6+,5-7,sport,UIAA,Hocheck,Obere Thalhoferwand,Österreich Ost,48.007764,16.036865,Hocheck | Obere Thalhoferwand | Damokles,,to create,OSM exact: Obere Thalhoferwand
Für kleine Mädchen,5,5-7,sport,UIAA,Hocheck,Obere Thalhoferwand,Österreich Ost,48.007764,16.036865,Hocheck | Obere Thalhoferwand | Für kleine Mädchen,,to create,OSM exact: Obere Thalhoferwand
Pacem,6,5-7,sport,UIAA,Hocheck,Obere Thalhoferwand,Österreich Ost,48.007764,16.036865,Hocheck | Obere Thalhoferwand | Pacem,,to create,OSM exact: Obere Thalhoferwand
Platzangst im Hendlstall,7,5-7,sport,UIAA,Hocheck,Obere Thalhoferwand,Österreich Ost,48.007764,16.036865,Hocheck | Obere Thalhoferwand | Platzangst im Hendlstall,,to create,OSM exact: Obere Thalhoferwand
Henkel Trocken,7a,5-7,sport,UIAA,Hocheck,Obere Thalhoferwand,Österreich Ost,48.007764,16.036865,Hocheck | Obere Thalhoferwand | Henkel Trocken,,to create,OSM exact: Obere Thalhoferwand
Ohnmacht in mir,7-,5-7,sport,UIAA,Hocheck,Obere Thalhoferwand,Österreich Ost,48.007764,16.036865,Hocheck | Obere Thalhoferwand | Ohnmacht in mir,,to create,OSM exact: Obere Thalhoferwand
Nix,6+,5-7,sport,UIAA,Hocheck,Obere Thalhoferwand,Österreich Ost,48.007764,16.036865,Hocheck | Obere Thalhoferwand | Nix,,to create,OSM exact: Obere Thalhoferwand
Venus,6,5-7,sport,UIAA,Hocheck,Obere Thalhoferwand,Österreich Ost,48.007764,16.036865,Hocheck | Obere Thalhoferwand | Venus,,to create,OSM exact: Obere Thalhoferwand
Abel,7,5-7,sport,UIAA,Hocheck,Obere Thalhoferwand,Österreich Ost,48.007764,16.036865,Hocheck | Obere Thalhoferwand | Abel,,to create,OSM exact: Obere Thalhoferwand
The Five Finger Exercise,7,5-7,sport,UIAA,Hocheck,Obere Thalhoferwand,Österreich Ost,48.007764,16.036865,Hocheck | Obere Thalhoferwand | The Five Finger Exercise,,to create,OSM exact: Obere Thalhoferwand
Skorpiongrat,2+,1-4,sport,UIAA,Hocheck,Trinkratzahn,Österreich Ost,48.007911,16.036796,Hocheck | Trinkratzahn | Skorpiongrat,,to create,OSM exact: Trinkratzahn
Skorpionwand,5+,5-7,sport,UIAA,Hocheck,Trinkratzahn,Österreich Ost,48.007911,16.036796,Hocheck | Trinkratzahn | Skorpionwand,,to create,OSM exact: Trinkratzahn
Silvanakamin,4,1-4,sport,UIAA,Hocheck,Trinkratzahn,Österreich Ost,48.007911,16.036796,Hocheck | Trinkratzahn | Silvanakamin,,to create,OSM exact: Trinkratzahn
Uferlos,7+,5-7,sport,UIAA,Hocheck,Trinkratzahn,Österreich Ost,48.007911,16.036796,Hocheck | Trinkratzahn | Uferlos,,to create,OSM exact: Trinkratzahn
Tanz der 1000 Regentropfen,6,5-7,sport,UIAA,Hocheck,Trinkratzahn,Österreich Ost,48.007911,16.036796,Hocheck | Trinkratzahn | Tanz der 1000 Regentropfen,,to create,OSM exact: Trinkratzahn
Donnerwetter,6+,5-7,sport,UIAA,Hocheck,Trinkratzahn,Österreich Ost,48.007911,16.036796,Hocheck | Trinkratzahn | Donnerwetter,,to create,OSM exact: Trinkratzahn
Neue Trinkratplatte,6+,5-7,sport,UIAA,Hocheck,Trinkratzahn,Österreich Ost,48.007911,16.036796,Hocheck | Trinkratzahn | Neue Trinkratplatte,,to create,OSM exact: Trinkratzahn
Let it be,7,5-7,sport,UIAA,Hocheck,Thalhoferkanzel,Österreich Ost,48.007239,16.035987,Hocheck | Thalhoferkanzel | Let it be,,to create,OSM exact: Thalhoferkanzel
Yellow Submarine,9,8-11,sport,UIAA,Hocheck,Thalhoferkanzel,Österreich Ost,48.007239,16.035987,Hocheck | Thalhoferkanzel | Yellow Submarine,,to create,OSM exact: Thalhoferkanzel
Tres Dure - Drehtür,7,5-7,sport,UIAA,Hocheck,Thalhoferkanzel,Österreich Ost,48.007239,16.035987,Hocheck | Thalhoferkanzel | Tres Dure - Drehtür,,to create,OSM exact: Thalhoferkanzel
Keep Smiling,8+,8-11,sport,UIAA,Hocheck,Thalhoferkanzel,Österreich Ost,48.007239,16.035987,Hocheck | Thalhoferkanzel | Keep Smiling,,to create,OSM exact: Thalhoferkanzel
Wer das Grauen sucht,7+,5-7,sport,UIAA,Hocheck,Thalhoferkanzel,Österreich Ost,48.007239,16.035987,Hocheck | Thalhoferkanzel | Wer das Grauen sucht,,to create,OSM exact: Thalhoferkanzel
Bin schon wieder weg,8-,8-11,sport,UIAA,Hocheck,Thalhoferkanzel,Österreich Ost,48.007239,16.035987,Hocheck | Thalhoferkanzel | Bin schon wieder weg,,to create,OSM exact: Thalhoferkanzel
Wer suchet der findet,7+,5-7,sport,UIAA,Hocheck,Thalhoferkanzel,Österreich Ost,48.007239,16.035987,Hocheck | Thalhoferkanzel | Wer suchet der findet,,to create,OSM exact: Thalhoferkanzel
Schneetreiben,7,5-7,sport,UIAA,Hocheck,Thalhoferkanzel,Österreich Ost,48.007239,16.035987,Hocheck | Thalhoferkanzel | Schneetreiben,,to create,OSM exact: Thalhoferkanzel
Rackerling,6+,5-7,sport,UIAA,Hocheck,Thalhoferkanzel,Österreich Ost,48.007239,16.035987,Hocheck | Thalhoferkanzel | Rackerling,,to create,OSM exact: Thalhoferkanzel
Blutiger Samstag,7-,5-7,sport,UIAA,Hocheck,Thalhoferkanzel,Österreich Ost,48.007239,16.035987,Hocheck | Thalhoferkanzel | Blutiger Samstag,,to create,OSM exact: Thalhoferkanzel
Die schmale Verschneidung,6+,5-7,sport,UIAA,Hocheck,Thalhoferkanzel,Österreich Ost,48.007239,16.035987,Hocheck | Thalhoferkanzel | Die schmale Verschneidung,,to create,OSM exact: Thalhoferkanzel
Der schmale Grat,4+,1-4,sport,UIAA,Hocheck,Thalhoferkanzel,Österreich Ost,48.007239,16.035987,Hocheck | Thalhoferkanzel | Der schmale Grat,,to create,OSM exact: Thalhoferkanzel
Ho Ruck Verschneidung,5-,5-7,sport,UIAA,Hocheck,Thalhoferkanzel,Österreich Ost,48.007239,16.035987,Hocheck | Thalhoferkanzel | Ho Ruck Verschneidung,,to create,OSM exact: Thalhoferkanzel
Sonntagspredigt,6+,5-7,sport,UIAA,Hocheck,Thalhoferkanzel,Österreich Ost,48.007239,16.035987,Hocheck | Thalhoferkanzel | Sonntagspredigt,,to create,OSM exact: Thalhoferkanzel
Moralpredigt,7-,5-7,sport,UIAA,Hocheck,Thalhoferkanzel,Österreich Ost,48.007239,16.035987,Hocheck | Thalhoferkanzel | Moralpredigt,,to create,OSM exact: Thalhoferkanzel
Beichtstuhl,6,5-7,sport,UIAA,Hocheck,Thalhoferkanzel,Österreich Ost,48.007239,16.035987,Hocheck | Thalhoferkanzel | Beichtstuhl,,to create,OSM exact: Thalhoferkanzel
Die Kollekte,5,5-7,sport,UIAA,Hocheck,Thalhoferkanzel,Österreich Ost,48.007239,16.035987,Hocheck | Thalhoferkanzel | Die Kollekte,,to create,OSM exact: Thalhoferkanzel
Leisten-Schnapp-Quälgeist,7-,5-7,sport,UIAA,Hocheck,Philosophenzahn,Österreich Ost,48.007517,16.036387,Hocheck | Philosophenzahn | Leisten-Schnapp-Quälgeist,,to create,OSM exact: Philosophenzahn
Ostriss,5+,5-7,sport,UIAA,Hocheck,Philosophenzahn,Österreich Ost,48.007517,16.036387,Hocheck | Philosophenzahn | Ostriss,,to create,OSM exact: Philosophenzahn
Prusikanstieg,5-,5-7,sport,UIAA,Hocheck,Philosophenzahn,Österreich Ost,48.007517,16.036387,Hocheck | Philosophenzahn | Prusikanstieg,,to create,OSM exact: Philosophenzahn
Originell,7,5-7,sport,UIAA,Hocheck,Philosophenzahn,Österreich Ost,48.007517,16.036387,Hocheck | Philosophenzahn | Originell,,to create,OSM exact: Philosophenzahn
Original,7-,5-7,sport,UIAA,Hocheck,Philosophenzahn,Österreich Ost,48.007517,16.036387,Hocheck | Philosophenzahn | Original,,to create,OSM exact: Philosophenzahn
Eichkätzerl lachen doof,7+/8-,5-7,sport,UIAA,Hocheck,Philosophenzahn,Österreich Ost,48.007517,16.036387,Hocheck | Philosophenzahn | Eichkätzerl lachen doof,,to create,OSM exact: Philosophenzahn
Backenzahn,6-,5-7,sport,UIAA,Hocheck,Philosophenzahn,Österreich Ost,48.007517,16.036387,Hocheck | Philosophenzahn | Backenzahn,,to create,OSM exact: Philosophenzahn
Eckzahn,6-,5-7,sport,UIAA,Hocheck,Philosophenzahn,Österreich Ost,48.007517,16.036387,Hocheck | Philosophenzahn | Eckzahn,,to create,OSM exact: Philosophenzahn
Reden ist Silber,6-,5-7,sport,UIAA,Hocheck,Philosophenzahn,Österreich Ost,48.007517,16.036387,Hocheck | Philosophenzahn | Reden ist Silber,,to create,OSM exact: Philosophenzahn
Hättest du geschwiegen,5+,5-7,sport,UIAA,Hocheck,Philosophenzahn,Österreich Ost,48.007517,16.036387,Hocheck | Philosophenzahn | Hättest du geschwiegen,,to create,OSM exact: Philosophenzahn
Löcher-Blockier-Quälgeist,8,8-11,sport,UIAA,Hocheck,Philosophenzahn,Österreich Ost,48.007517,16.036387,Hocheck | Philosophenzahn | Löcher-Blockier-Quälgeist,,to create,OSM exact: Philosophenzahn
Auenland,1,1-4,sport,UIAA,Hocheck,Auenland,Österreich Ost,48.007865,16.036554,Hocheck | Auenland | Auenland,,to create,OSM exact: Auenland
Sam,2+,1-4,sport,UIAA,Hocheck,Auenland,Österreich Ost,48.007865,16.036554,Hocheck | Auenland | Sam,,to create,OSM exact: Auenland
Frodo,6,5-7,sport,UIAA,Hocheck,Auenland,Österreich Ost,48.007865,16.036554,Hocheck | Auenland | Frodo,,to create,OSM exact: Auenland
Bilbo,5,5-7,sport,UIAA,Hocheck,Auenland,Österreich Ost,48.007865,16.036554,Hocheck | Auenland | Bilbo,,to create,OSM exact: Auenland
Gimli der Zwerg,6,5-7,sport,UIAA,Hocheck,Auenland,Österreich Ost,48.007865,16.036554,Hocheck | Auenland | Gimli der Zwerg,,to create,OSM exact: Auenland
Aragorn der König,7,5-7,sport,UIAA,Hocheck,Auenland,Österreich Ost,48.007865,16.036554,Hocheck | Auenland | Aragorn der König,,to create,OSM exact: Auenland
Merry,4,1-4,sport,UIAA,Hocheck,Auenland,Österreich Ost,48.007865,16.036554,Hocheck | Auenland | Merry,,to create,OSM exact: Auenland
Pippin,4,1-4,sport,UIAA,Hocheck,Auenland,Österreich Ost,48.007865,16.036554,Hocheck | Auenland | Pippin,,to create,OSM exact: Auenland
Legolas der Elb,5,5-7,sport,UIAA,Hocheck,Auenland,Österreich Ost,48.007865,16.036554,Hocheck | Auenland | Legolas der Elb,,to create,OSM exact: Auenland
Gandalf der Zauberer,4,1-4,sport,UIAA,Hocheck,Auenland,Österreich Ost,48.007865,16.036554,Hocheck | Auenland | Gandalf der Zauberer,,to create,OSM exact: Auenland
Himmelsfinger,5+,5-7,sport,UIAA,Hocheck,Himmelsfinger,Österreich Ost,47.991869,15.960178,Hocheck | Himmelsfinger | Himmelsfinger,,to create,theCrag: Hocheck (7063514775)
Direkter Himmelsfinger,6+,5-7,sport,UIAA,Hocheck,Himmelsfinger,Österreich Ost,47.991869,15.960178,Hocheck | Himmelsfinger | Direkter Himmelsfinger,,to create,theCrag: Hocheck (7063514775)
Himmelsleiter,6,5-7,sport,UIAA,Hocheck,Himmelsfinger,Österreich Ost,47.991869,15.960178,Hocheck | Himmelsfinger | Himmelsleiter,,to create,theCrag: Hocheck (7063514775)
3 Freunde Steig (Himmelsfinger),4,1-4,sport,UIAA,Hocheck,Himmelsfinger,Österreich Ost,47.991869,15.960178,Hocheck | Himmelsfinger | 3 Freunde Steig (Himmelsfinger),,to create,theCrag: Hocheck (7063514775)
Variante (Himmelsfinger),5+,5-7,sport,UIAA,Hocheck,Himmelsfinger,Österreich Ost,47.991869,15.960178,Hocheck | Himmelsfinger | Variante (Himmelsfinger),,to create,theCrag: Hocheck (7063514775)
Sesamjoint,6,5-7,sport,UIAA,Hocheck,Himmelsfinger,Österreich Ost,47.991869,15.960178,Hocheck | Himmelsfinger | Sesamjoint,,to create,theCrag: Hocheck (7063514775)
Sesambackstube,5+,5-7,sport,UIAA,Hocheck,Himmelsfinger,Österreich Ost,47.991869,15.960178,Hocheck | Himmelsfinger | Sesambackstube,,to create,theCrag: Hocheck (7063514775)
Ojemine des is net schei,4,1-4,sport,UIAA,Hocheck,Himmelsfinger,Österreich Ost,47.991869,15.960178,Hocheck | Himmelsfinger | Ojemine des is net schei,,to create,theCrag: Hocheck (7063514775)
Alibaba und das Sesambrötchen,4,1-4,sport,UIAA,Hocheck,Himmelsfinger,Österreich Ost,47.991869,15.960178,Hocheck | Himmelsfinger | Alibaba und das Sesambrötchen,,to create,theCrag: Hocheck (7063514775)
Alibabas Räubergeschichten,4,1-4,sport,UIAA,Hocheck,Himmelsfinger,Österreich Ost,47.991869,15.960178,Hocheck | Himmelsfinger | Alibabas Räubergeschichten,,to create,theCrag: Hocheck (7063514775)
Hotzenplotz,5-,5-7,sport,UIAA,Hocheck,Himmelsfinger,Österreich Ost,47.991869,15.960178,Hocheck | Himmelsfinger | Hotzenplotz,,to create,theCrag: Hocheck (7063514775)
Potz Blitz,4,1-4,sport,UIAA,Hocheck,Himmelsfinger,Österreich Ost,47.991869,15.960178,Hocheck | Himmelsfinger | Potz Blitz,,to create,theCrag: Hocheck (7063514775)
Zubringer,4+/5-,1-4,sport,UIAA,Hocheck,Himmelsfinger,Österreich Ost,47.991869,15.960178,Hocheck | Himmelsfinger | Zubringer,,to create,theCrag: Hocheck (7063514775)
Herbstnacht,4+,1-4,sport,UIAA,Hocheck,Himmelsfinger,Österreich Ost,47.991869,15.960178,Hocheck | Himmelsfinger | Herbstnacht,,to create,theCrag: Hocheck (7063514775)
Frühlingsmorgen,5-,5-7,sport,UIAA,Hocheck,Himmelsfinger,Österreich Ost,47.991869,15.960178,Hocheck | Himmelsfinger | Frühlingsmorgen,,to create,theCrag: Hocheck (7063514775)
Betthupferl,7,5-7,sport,UIAA,Hocheck,Himmelsfinger,Österreich Ost,47.991869,15.960178,Hocheck | Himmelsfinger | Betthupferl,,to create,theCrag: Hocheck (7063514775)
Bettsteigerl,4,1-4,sport,UIAA,Hocheck,Himmelsfinger,Österreich Ost,47.991869,15.960178,Hocheck | Himmelsfinger | Bettsteigerl,,to create,theCrag: Hocheck (7063514775)
Fluch zum Bruch,4,1-4,sport,UIAA,Hocheck,Himmelsfinger,Österreich Ost,47.991869,15.960178,Hocheck | Himmelsfinger | Fluch zum Bruch,,to create,theCrag: Hocheck (7063514775)
Bruch zum Loch,4,1-4,sport,UIAA,Hocheck,Himmelsfinger,Österreich Ost,47.991869,15.960178,Hocheck | Himmelsfinger | Bruch zum Loch,,to create,theCrag: Hocheck (7063514775)
Fitze Fatze,6b trav,5-7,sport,UIAA,Hocheck,Himmelsfinger,Österreich Ost,47.991869,15.960178,Hocheck | Himmelsfinger | Fitze Fatze,,to create,theCrag: Hocheck (7063514775)
Mein Gott Anny (Ostplatte),7,5-7,sport,UIAA,Hocheck,Ostplatte,Österreich Ost,47.991869,15.960178,Hocheck | Ostplatte | Mein Gott Anny (Ostplatte),,to create,theCrag: Hocheck (7063514775)
Oberer Annysteig,5+,5-7,sport,UIAA,Hocheck,Ostplatte,Österreich Ost,47.991869,15.960178,Hocheck | Ostplatte | Oberer Annysteig,,to create,theCrag: Hocheck (7063514775)
Anny's Delikt,7-,5-7,sport,UIAA,Hocheck,Ostplatte,Österreich Ost,47.991869,15.960178,Hocheck | Ostplatte | Anny's Delikt,,to create,theCrag: Hocheck (7063514775)
Grantige Laus,7,5-7,sport,UIAA,Hocheck,Ostplatte,Österreich Ost,47.991869,15.960178,Hocheck | Ostplatte | Grantige Laus,,to create,theCrag: Hocheck (7063514775)
Grizzly,6+/7-,5-7,sport,UIAA,Hocheck,Ostplatte,Österreich Ost,47.991869,15.960178,Hocheck | Ostplatte | Grizzly,,to create,theCrag: Hocheck (7063514775)
Die wahre Komplizierte,7,5-7,sport,UIAA,Hocheck,Ostplatte,Österreich Ost,47.991869,15.960178,Hocheck | Ostplatte | Die wahre Komplizierte,,to create,theCrag: Hocheck (7063514775)
Ab durch die Mitte,8,8-11,sport,UIAA,Hocheck,Ostplatte,Österreich Ost,47.991869,15.960178,Hocheck | Ostplatte | Ab durch die Mitte,,to create,theCrag: Hocheck (7063514775)
Single Man,7+,5-7,sport,UIAA,Hocheck,Ostplatte,Österreich Ost,47.991869,15.960178,Hocheck | Ostplatte | Single Man,,to create,theCrag: Hocheck (7063514775)
Augenblicke des Glücks,7+/8-,5-7,sport,UIAA,Hocheck,Ostplatte,Österreich Ost,47.991869,15.960178,Hocheck | Ostplatte | Augenblicke des Glücks,,to create,theCrag: Hocheck (7063514775)
Rumpelstilzchen,8,8-11,sport,UIAA,Hocheck,Ostplatte,Österreich Ost,47.991869,15.960178,Hocheck | Ostplatte | Rumpelstilzchen,,to create,theCrag: Hocheck (7063514775)
Grisu,7,5-7,sport,UIAA,Hocheck,Ostplatte,Österreich Ost,47.991869,15.960178,Hocheck | Ostplatte | Grisu,,to create,theCrag: Hocheck (7063514775)
Voodoo,8+/9-,8-11,sport,UIAA,Hocheck,Ostplatte,Österreich Ost,47.991869,15.960178,Hocheck | Ostplatte | Voodoo,,to create,theCrag: Hocheck (7063514775)
Wild Palms,9,8-11,sport,UIAA,Hocheck,Ostplatte,Österreich Ost,47.991869,15.960178,Hocheck | Ostplatte | Wild Palms,,to create,theCrag: Hocheck (7063514775)
Uta Steig,9-,8-11,sport,UIAA,Hocheck,Ostplatte,Österreich Ost,47.991869,15.960178,Hocheck | Ostplatte | Uta Steig,,to create,theCrag: Hocheck (7063514775)
Thalidach,9,8-11,sport,UIAA,Hocheck,Ostplatte,Österreich Ost,47.991869,15.960178,Hocheck | Ostplatte | Thalidach,,to create,theCrag: Hocheck (7063514775)
Thalidynamisch,9-,8-11,sport,UIAA,Hocheck,Ostplatte,Österreich Ost,47.991869,15.960178,Hocheck | Ostplatte | Thalidynamisch,,to create,theCrag: Hocheck (7063514775)
Thaliffizil,8+/9-,8-11,sport,UIAA,Hocheck,Ostplatte,Österreich Ost,47.991869,15.960178,Hocheck | Ostplatte | Thaliffizil,,to create,theCrag: Hocheck (7063514775)
Thalistrophal,7+,5-7,sport,UIAA,Hocheck,Ostplatte,Österreich Ost,47.991869,15.960178,Hocheck | Ostplatte | Thalistrophal,,to create,theCrag: Hocheck (7063514775)
Thalitastisch,7-,5-7,sport,UIAA,Hocheck,Ostplatte,Österreich Ost,47.991869,15.960178,Hocheck | Ostplatte | Thalitastisch,,to create,theCrag: Hocheck (7063514775)
Thaliriss,7,5-7,sport,UIAA,Hocheck,Ostplatte,Österreich Ost,47.991869,15.960178,Hocheck | Ostplatte | Thaliriss,,to create,theCrag: Hocheck (7063514775)
Thaliplatte,7,5-7,sport,UIAA,Hocheck,Ostplatte,Österreich Ost,47.991869,15.960178,Hocheck | Ostplatte | Thaliplatte,,to create,theCrag: Hocheck (7063514775)
Schokoladenbauer,7,5-7,sport,UIAA,Hocheck,Ostplatte,Österreich Ost,47.991869,15.960178,Hocheck | Ostplatte | Schokoladenbauer,,to create,theCrag: Hocheck (7063514775)
Schokokamin,6+,5-7,sport,UIAA,Hocheck,Ostplatte,Österreich Ost,47.991869,15.960178,Hocheck | Ostplatte | Schokokamin,,to create,theCrag: Hocheck (7063514775)
Schoko Intensiv,6+,5-7,sport,UIAA,Hocheck,Ostplatte,Österreich Ost,47.991869,15.960178,Hocheck | Ostplatte | Schoko Intensiv,,to create,theCrag: Hocheck (7063514775)
"Es geht weiter, Schoko",6,5-7,sport,UIAA,Hocheck,Ostplatte,Österreich Ost,47.991869,15.960178,"Hocheck | Ostplatte | Es geht weiter, Schoko",,to create,theCrag: Hocheck (7063514775)
Schokoladenpudding,5,5-7,sport,UIAA,Hocheck,Ostplatte,Österreich Ost,47.991869,15.960178,Hocheck | Ostplatte | Schokoladenpudding,,to create,theCrag: Hocheck (7063514775)
Fels-Sturz,6,5-7,sport,UIAA,Hocheck,Obere Ostwand,Österreich Ost,48.007192,16.03693,Hocheck | Obere Ostwand | Fels-Sturz,,to create,OSM exact: Obere Ostwand
Leisten-Bruch,6,5-7,sport,UIAA,Hocheck,Obere Ostwand,Österreich Ost,48.007192,16.03693,Hocheck | Obere Ostwand | Leisten-Bruch,,to create,OSM exact: Obere Ostwand
Notnagel,6,5-7,sport,UIAA,Hocheck,Obere Ostwand,Österreich Ost,48.007192,16.03693,Hocheck | Obere Ostwand | Notnagel,,to create,OSM exact: Obere Ostwand
Sargnagel,6+,5-7,sport,UIAA,Hocheck,Obere Ostwand,Österreich Ost,48.007192,16.03693,Hocheck | Obere Ostwand | Sargnagel,,to create,OSM exact: Obere Ostwand
Staubwedel,7+,5-7,sport,UIAA,Hocheck,Obere Ostwand,Österreich Ost,48.007192,16.03693,Hocheck | Obere Ostwand | Staubwedel,,to create,OSM exact: Obere Ostwand
Palmwedel,7+,5-7,sport,UIAA,Hocheck,Obere Ostwand,Österreich Ost,48.007192,16.03693,Hocheck | Obere Ostwand | Palmwedel,,to create,OSM exact: Obere Ostwand
Osterbraten,7-,5-7,sport,UIAA,Hocheck,Obere Ostwand,Österreich Ost,48.007192,16.03693,Hocheck | Obere Ostwand | Osterbraten,,to create,OSM exact: Obere Ostwand
Osterhasi,6,5-7,sport,UIAA,Hocheck,Obere Ostwand,Österreich Ost,48.007192,16.03693,Hocheck | Obere Ostwand | Osterhasi,,to create,OSM exact: Obere Ostwand
Osterei,8,8-11,sport,UIAA,Hocheck,Obere Ostwand,Österreich Ost,48.007192,16.03693,Hocheck | Obere Ostwand | Osterei,,to create,OSM exact: Obere Ostwand
Gänsehaut,7,5-7,sport,UIAA,Hocheck,Obere Ostwand,Österreich Ost,48.007192,16.03693,Hocheck | Obere Ostwand | Gänsehaut,,to create,OSM exact: Obere Ostwand
Gruselkabinett,7-,5-7,sport,UIAA,Hocheck,Obere Ostwand,Österreich Ost,48.007192,16.03693,Hocheck | Obere Ostwand | Gruselkabinett,,to create,OSM exact: Obere Ostwand
Ostwandschocker,8,8-11,sport,UIAA,Hocheck,Obere Ostwand,Österreich Ost,48.007192,16.03693,Hocheck | Obere Ostwand | Ostwandschocker,,to create,OSM exact: Obere Ostwand
Teamarbeit,8+,8-11,sport,UIAA,Hocheck,Obere Ostwand,Österreich Ost,48.007192,16.03693,Hocheck | Obere Ostwand | Teamarbeit,,to create,OSM exact: Obere Ostwand
Gastarbeiter,8,8-11,sport,UIAA,Hocheck,Obere Ostwand,Österreich Ost,48.007192,16.03693,Hocheck | Obere Ostwand | Gastarbeiter,,to create,OSM exact: Obere Ostwand
Die Perle des Ostens,9-,8-11,sport,UIAA,Hocheck,Obere Ostwand,Österreich Ost,48.007192,16.03693,Hocheck | Obere Ostwand | Die Perle des Ostens,,to create,OSM exact: Obere Ostwand
Abyss,9-,8-11,sport,UIAA,Hocheck,Obere Ostwand,Österreich Ost,48.007192,16.03693,Hocheck | Obere Ostwand | Abyss,,to create,OSM exact: Obere Ostwand
Sphere,8+,8-11,sport,UIAA,Hocheck,Obere Ostwand,Österreich Ost,48.007192,16.03693,Hocheck | Obere Ostwand | Sphere,,to create,OSM exact: Obere Ostwand
Nichtraucherzone,8+,8-11,sport,UIAA,Hocheck,Obere Ostwand,Österreich Ost,48.007192,16.03693,Hocheck | Obere Ostwand | Nichtraucherzone,,to create,OSM exact: Obere Ostwand
Hobby Extra,11-,8-11,sport,UIAA,Hocheck,Obere Ostwand,Österreich Ost,48.007192,16.03693,Hocheck | Obere Ostwand | Hobby Extra,,to create,OSM exact: Obere Ostwand
Ein Wixer in der Arktis,10+,8-11,sport,UIAA,Hocheck,Obere Ostwand,Österreich Ost,48.007192,16.03693,Hocheck | Obere Ostwand | Ein Wixer in der Arktis,,to create,OSM exact: Obere Ostwand
A rechte Verzweiflung,9-,8-11,sport,UIAA,Hocheck,Obere Ostwand,Österreich Ost,48.007192,16.03693,Hocheck | Obere Ostwand | A rechte Verzweiflung,,to create,OSM exact: Obere Ostwand
Grottenolm,7,5-7,sport,UIAA,Hocheck,Obere Ostwand,Österreich Ost,48.007192,16.03693,Hocheck | Obere Ostwand | Grottenolm,,to create,OSM exact: Obere Ostwand
Grottenmolch,6,5-7,sport,UIAA,Hocheck,Obere Ostwand,Österreich Ost,48.007192,16.03693,Hocheck | Obere Ostwand | Grottenmolch,,to create,OSM exact: Obere Ostwand
Skantele,5,5-7,sport,UIAA,Hocheck,Obere Ostwand,Österreich Ost,48.007192,16.03693,Hocheck | Obere Ostwand | Skantele,,to create,OSM exact: Obere Ostwand
Turmlos,5,5-7,sport,UIAA,Hocheck,Obere Ostwand,Österreich Ost,48.007192,16.03693,Hocheck | Obere Ostwand | Turmlos,,to create,OSM exact: Obere Ostwand
Turmsteigverschneidung,4,1-4,sport,UIAA,Hocheck,Obere Ostwand,Österreich Ost,48.007192,16.03693,Hocheck | Obere Ostwand | Turmsteigverschneidung,,to create,OSM exact: Obere Ostwand
"Spinnen, die singen",3-,1-4,sport,UIAA,Hocheck,Unterer Nordgrat,Österreich Ost,48.006751,16.034302,"Hocheck | Unterer Nordgrat | Spinnen, die singen",,to create,OSM exact: Unterer Nordgrat
"Geissen, die scheissen",3-,1-4,sport,UIAA,Hocheck,Unterer Nordgrat,Österreich Ost,48.006751,16.034302,"Hocheck | Unterer Nordgrat | Geissen, die scheissen",,to create,OSM exact: Unterer Nordgrat
"Schnecken, die schlecken",3,1-4,sport,UIAA,Hocheck,Unterer Nordgrat,Österreich Ost,48.006751,16.034302,"Hocheck | Unterer Nordgrat | Schnecken, die schlecken",,to create,OSM exact: Unterer Nordgrat
"Ziegen, die liegen",6+,5-7,sport,UIAA,Hocheck,Unterer Nordgrat,Österreich Ost,48.006751,16.034302,"Hocheck | Unterer Nordgrat | Ziegen, die liegen",,to create,OSM exact: Unterer Nordgrat
"Zecken, die necken",7+,5-7,sport,UIAA,Hocheck,Unterer Nordgrat,Österreich Ost,48.006751,16.034302,"Hocheck | Unterer Nordgrat | Zecken, die necken",,to create,OSM exact: Unterer Nordgrat
"Asseln, die rasseln",7+,5-7,sport,UIAA,Hocheck,Unterer Nordgrat,Österreich Ost,48.006751,16.034302,"Hocheck | Unterer Nordgrat | Asseln, die rasseln",,to create,OSM exact: Unterer Nordgrat
"Wanzen, die tanzen",7+,5-7,sport,UIAA,Hocheck,Unterer Nordgrat,Österreich Ost,48.006751,16.034302,"Hocheck | Unterer Nordgrat | Wanzen, die tanzen",,to create,OSM exact: Unterer Nordgrat
"Hasen, die grasen",6,5-7,sport,UIAA,Hocheck,Unterer Nordgrat,Österreich Ost,48.006751,16.034302,"Hocheck | Unterer Nordgrat | Hasen, die grasen",,to create,OSM exact: Unterer Nordgrat
Mäuse mit Läuse,6,5-7,sport,UIAA,Hocheck,Unterer Nordgrat,Österreich Ost,48.006751,16.034302,Hocheck | Unterer Nordgrat | Mäuse mit Läuse,,to create,OSM exact: Unterer Nordgrat
"Affen, die gaffen",8,8-11,sport,UIAA,Hocheck,Unterer Nordgrat,Österreich Ost,48.006751,16.034302,"Hocheck | Unterer Nordgrat | Affen, die gaffen",,to create,OSM exact: Unterer Nordgrat
"Schlangen, die sangen",7-,5-7,sport,UIAA,Hocheck,Unterer Nordgrat,Österreich Ost,48.006751,16.034302,"Hocheck | Unterer Nordgrat | Schlangen, die sangen",,to create,OSM exact: Unterer Nordgrat
"Gimpeln, die pimpeln",5,5-7,sport,UIAA,Hocheck,Unterer Nordgrat,Österreich Ost,48.006751,16.034302,"Hocheck | Unterer Nordgrat | Gimpeln, die pimpeln",,to create,OSM exact: Unterer Nordgrat
Herbstwind,5+,5-7,sport,UIAA,Hocheck,Unterer Nordgrat,Österreich Ost,48.006751,16.034302,Hocheck | Unterer Nordgrat | Herbstwind,,to create,OSM exact: Unterer Nordgrat
Kurze Schönheit,7-,5-7,sport,UIAA,Hocheck,Unterer Nordgrat,Österreich Ost,48.006751,16.034302,Hocheck | Unterer Nordgrat | Kurze Schönheit,,to create,OSM exact: Unterer Nordgrat
"Finken, die winken",6+/7-,5-7,sport,UIAA,Hocheck,Unterer Nordgrat,Österreich Ost,48.006751,16.034302,"Hocheck | Unterer Nordgrat | Finken, die winken",,to create,OSM exact: Unterer Nordgrat
Raketenpfeiler,6,5-7,sport,UIAA,Hocheck,Unterer Nordgrat,Österreich Ost,48.006751,16.034302,Hocheck | Unterer Nordgrat | Raketenpfeiler,,to create,OSM exact: Unterer Nordgrat
"Ottern, die stottern",5-,5-7,sport,UIAA,Hocheck,Unterer Nordgrat,Österreich Ost,48.006751,16.034302,"Hocheck | Unterer Nordgrat | Ottern, die stottern",,to create,OSM exact: Unterer Nordgrat
Teppentraverse,7a trav,5-7,sport,UIAA,Hocheck,Unterer Nordgrat,Österreich Ost,48.006751,16.034302,Hocheck | Unterer Nordgrat | Teppentraverse,,to create,OSM exact: Unterer Nordgrat
24 Std Arbeit = 2 min Klettern,,,sport,UIAA,Hocheck,Mittlerer Nordgrat,Österreich Ost,47.991869,15.960178,Hocheck | Mittlerer Nordgrat | 24 Std Arbeit = 2 min Klettern,,to create,theCrag: Hocheck (7063514775)
Archeo Climb,7,5-7,sport,UIAA,Hocheck,Mittlerer Nordgrat,Österreich Ost,47.991869,15.960178,Hocheck | Mittlerer Nordgrat | Archeo Climb,,to create,theCrag: Hocheck (7063514775)
AO = 00,8,8-11,sport,UIAA,Hocheck,Mittlerer Nordgrat,Österreich Ost,47.991869,15.960178,Hocheck | Mittlerer Nordgrat | AO = 00,,to create,theCrag: Hocheck (7063514775)
Toridonia,7+,5-7,sport,UIAA,Hocheck,Mittlerer Nordgrat,Österreich Ost,47.991869,15.960178,Hocheck | Mittlerer Nordgrat | Toridonia,,to create,theCrag: Hocheck (7063514775)
Hilfe Erwünscht,8,8-11,sport,UIAA,Hocheck,Mittlerer Nordgrat,Österreich Ost,47.991869,15.960178,Hocheck | Mittlerer Nordgrat | Hilfe Erwünscht,,to create,theCrag: Hocheck (7063514775)
"Hennen, die rennen",8,8-11,sport,UIAA,Hocheck,Mittlerer Nordgrat,Österreich Ost,47.991869,15.960178,"Hocheck | Mittlerer Nordgrat | Hennen, die rennen",,to create,theCrag: Hocheck (7063514775)
Wonderful World,7-,5-7,sport,UIAA,Hocheck,Mittlerer Nordgrat,Österreich Ost,47.991869,15.960178,Hocheck | Mittlerer Nordgrat | Wonderful World,,to create,theCrag: Hocheck (7063514775)
Götterdiagonale,6,5-7,sport,UIAA,Hocheck,Mittlerer Nordgrat,Österreich Ost,47.991869,15.960178,Hocheck | Mittlerer Nordgrat | Götterdiagonale,,to create,theCrag: Hocheck (7063514775)
Powerstation,7,5-7,sport,UIAA,Hocheck,Mittlerer Nordgrat,Österreich Ost,47.991869,15.960178,Hocheck | Mittlerer Nordgrat | Powerstation,,to create,theCrag: Hocheck (7063514775)
"Meisen, die kreisen",6,5-7,sport,UIAA,Hocheck,Oberer Nordgrat,Österreich Ost,48.006238,16.033774,"Hocheck | Oberer Nordgrat | Meisen, die kreisen",,to create,OSM exact: Oberer Nordgrat
Fatal Diagonal,8-,8-11,sport,UIAA,Hocheck,Oberer Nordgrat,Österreich Ost,48.006238,16.033774,Hocheck | Oberer Nordgrat | Fatal Diagonal,,to create,OSM exact: Oberer Nordgrat
Space Cowboys,9+,8-11,sport,UIAA,Hocheck,Oberer Nordgrat,Österreich Ost,48.006238,16.033774,Hocheck | Oberer Nordgrat | Space Cowboys,,to create,OSM exact: Oberer Nordgrat
"Katzen, die kratzen",8+,8-11,sport,UIAA,Hocheck,Oberer Nordgrat,Österreich Ost,48.006238,16.033774,"Hocheck | Oberer Nordgrat | Katzen, die kratzen",,to create,OSM exact: Oberer Nordgrat
Abkürzung,6,5-7,sport,UIAA,Hocheck,Oberer Nordgrat,Österreich Ost,48.006238,16.033774,Hocheck | Oberer Nordgrat | Abkürzung,,to create,OSM exact: Oberer Nordgrat
Sports for Spinners,7+,5-7,sport,UIAA,Hocheck,Oberer Nordgrat,Österreich Ost,48.006238,16.033774,Hocheck | Oberer Nordgrat | Sports for Spinners,,to create,OSM exact: Oberer Nordgrat
Sports for Winners,7/7+,5-7,sport,UIAA,Hocheck,Oberer Nordgrat,Österreich Ost,48.006238,16.033774,Hocheck | Oberer Nordgrat | Sports for Winners,,to create,OSM exact: Oberer Nordgrat
Mentale Prellung,8,8-11,sport,UIAA,Hocheck,Oberer Nordgrat,Österreich Ost,48.006238,16.033774,Hocheck | Oberer Nordgrat | Mentale Prellung,,to create,OSM exact: Oberer Nordgrat
Indiana Jones,7,5-7,sport,UIAA,Hocheck,Oberer Nordgrat,Österreich Ost,48.006238,16.033774,Hocheck | Oberer Nordgrat | Indiana Jones,,to create,OSM exact: Oberer Nordgrat
Weird Nights,7-,5-7,sport,UIAA,Hocheck,Oberer Nordgrat,Österreich Ost,48.006238,16.033774,Hocheck | Oberer Nordgrat | Weird Nights,,to create,OSM exact: Oberer Nordgrat
More Junkie Than Monkey,8,8-11,sport,UIAA,Hocheck,Oberer Nordgrat,Österreich Ost,48.006238,16.033774,Hocheck | Oberer Nordgrat | More Junkie Than Monkey,,to create,OSM exact: Oberer Nordgrat
Höllisch,9-,8-11,sport,UIAA,Hocheck,Oberer Nordgrat,Österreich Ost,48.006238,16.033774,Hocheck | Oberer Nordgrat | Höllisch,,to create,OSM exact: Oberer Nordgrat
Höhlisch,9+/10-,8-11,sport,UIAA,Hocheck,Oberer Nordgrat,Österreich Ost,48.006238,16.033774,Hocheck | Oberer Nordgrat | Höhlisch,,to create,OSM exact: Oberer Nordgrat
Foolish,8,8-11,sport,UIAA,Hocheck,Oberer Nordgrat,Österreich Ost,48.006238,16.033774,Hocheck | Oberer Nordgrat | Foolish,,to create,OSM exact: Oberer Nordgrat
Sondereinsatz,6+,5-7,sport,UIAA,Hocheck,Oberer Nordgrat,Österreich Ost,48.006238,16.033774,Hocheck | Oberer Nordgrat | Sondereinsatz,,to create,OSM exact: Oberer Nordgrat
Support Act,10-,8-11,sport,UIAA,Hocheck,Oberer Nordgrat,Österreich Ost,48.006238,16.033774,Hocheck | Oberer Nordgrat | Support Act,,to create,OSM exact: Oberer Nordgrat
Nimm ihn schlecht,9/9+,8-11,sport,UIAA,Hocheck,Oberer Nordgrat,Österreich Ost,48.006238,16.033774,Hocheck | Oberer Nordgrat | Nimm ihn schlecht,,to create,OSM exact: Oberer Nordgrat
Crux einer Freundschaft,8,8-11,sport,UIAA,Hocheck,Oberer Nordgrat,Österreich Ost,48.006238,16.033774,Hocheck | Oberer Nordgrat | Crux einer Freundschaft,,to create,OSM exact: Oberer Nordgrat
Stone Head,7,5-7,sport,UIAA,Hocheck,Oberer Nordgrat,Österreich Ost,48.006238,16.033774,Hocheck | Oberer Nordgrat | Stone Head,,to create,OSM exact: Oberer Nordgrat
Fingerschmalz,8+,8-11,sport,UIAA,Hocheck,Oberer Nordgrat,Österreich Ost,48.006238,16.033774,Hocheck | Oberer Nordgrat | Fingerschmalz,,to create,OSM exact: Oberer Nordgrat
Hirschschmalz,8+/9-,8-11,sport,UIAA,Hocheck,Oberer Nordgrat,Österreich Ost,48.006238,16.033774,Hocheck | Oberer Nordgrat | Hirschschmalz,,to create,OSM exact: Oberer Nordgrat
Sumito,9+/10-,8-11,sport,UIAA,Hocheck,Oberer Nordgrat,Österreich Ost,48.006238,16.033774,Hocheck | Oberer Nordgrat | Sumito,,to create,OSM exact: Oberer Nordgrat
Hausbesetzung,8+,8-11,sport,UIAA,Hocheck,Oberer Nordgrat,Österreich Ost,48.006238,16.033774,Hocheck | Oberer Nordgrat | Hausbesetzung,,to create,OSM exact: Oberer Nordgrat
Wie wird ihnen denn,9,8-11,sport,UIAA,Hocheck,Oberer Nordgrat,Österreich Ost,48.006238,16.033774,Hocheck | Oberer Nordgrat | Wie wird ihnen denn,,to create,OSM exact: Oberer Nordgrat
Hannes kann es,7+,5-7,sport,UIAA,Hocheck,Oberer Nordgrat,Österreich Ost,48.006238,16.033774,Hocheck | Oberer Nordgrat | Hannes kann es,,to create,OSM exact: Oberer Nordgrat
Jäger und Sammler,8-,8-11,sport,UIAA,Hocheck,Oberer Nordgrat,Österreich Ost,48.006238,16.033774,Hocheck | Oberer Nordgrat | Jäger und Sammler,,to create,OSM exact: Oberer Nordgrat
Schlangenmensch,8-/9-,8-11,sport,UIAA,Hocheck,Oberer Nordgrat,Österreich Ost,48.006238,16.033774,Hocheck | Oberer Nordgrat | Schlangenmensch,,to create,OSM exact: Oberer Nordgrat
Bösartiger Dachs,8,8-11,sport,UIAA,Hocheck,Oberer Nordgrat,Österreich Ost,48.006238,16.033774,Hocheck | Oberer Nordgrat | Bösartiger Dachs,,to create,OSM exact: Oberer Nordgrat
Gutmütiger Dachs,8-,8-11,sport,UIAA,Hocheck,Oberer Nordgrat,Österreich Ost,48.006238,16.033774,Hocheck | Oberer Nordgrat | Gutmütiger Dachs,,to create,OSM exact: Oberer Nordgrat
Dachsbau,7+/8,5-7,sport,UIAA,Hocheck,Oberer Nordgrat,Österreich Ost,48.006238,16.033774,Hocheck | Oberer Nordgrat | Dachsbau,,to create,OSM exact: Oberer Nordgrat
Schadenfreudiger Dachs,8-,8-11,sport,UIAA,Hocheck,Oberer Nordgrat,Österreich Ost,48.006238,16.033774,Hocheck | Oberer Nordgrat | Schadenfreudiger Dachs,,to create,OSM exact: Oberer Nordgrat
Im Angesicht des Dachses,8,8-11,sport,UIAA,Hocheck,Oberer Nordgrat,Österreich Ost,48.006238,16.033774,Hocheck | Oberer Nordgrat | Im Angesicht des Dachses,,to create,OSM exact: Oberer Nordgrat
Ganzer Dach(s)lippenquergang,8,8-11,sport,UIAA,Hocheck,Oberer Nordgrat,Österreich Ost,48.006238,16.033774,Hocheck | Oberer Nordgrat | Ganzer Dach(s)lippenquergang,,to create,OSM exact: Oberer Nordgrat
Tiefblick zum Dach,7-,5-7,sport,UIAA,Hocheck,Oberer Nordgrat,Österreich Ost,48.006238,16.033774,Hocheck | Oberer Nordgrat | Tiefblick zum Dach,,to create,OSM exact: Oberer Nordgrat
Halber Dach(s)lippenquergang,8,8-11,sport,UIAA,Hocheck,Oberer Nordgrat,Österreich Ost,48.006238,16.033774,Hocheck | Oberer Nordgrat | Halber Dach(s)lippenquergang,,to create,OSM exact: Oberer Nordgrat
Fluchtstollen,7,5-7,sport,UIAA,Hocheck,Oberer Nordgrat,Österreich Ost,48.006238,16.033774,Hocheck | Oberer Nordgrat | Fluchtstollen,,to create,OSM exact: Oberer Nordgrat
Shorty,6c,Boulder,boulder,Font,Hocheck,Oberer Nordgrat (Boulder),Österreich Ost,48.006238,16.033774,Hocheck | Oberer Nordgrat (Boulder) | Shorty,,to create,OSM (boulder variant): Oberer Nordgrat
Erdverwachsen,7-7,5-7,sport,UIAA,Hocheck,Prinzwiesentürme,Österreich Ost,47.991869,15.960178,Hocheck | Prinzwiesentürme | Erdverwachsen,,to create,theCrag: Hocheck (7063514775)
Sturmfest,7+/8-,5-7,sport,UIAA,Hocheck,Prinzwiesentürme,Österreich Ost,47.991869,15.960178,Hocheck | Prinzwiesentürme | Sturmfest,,to create,theCrag: Hocheck (7063514775)
Heimatleuchten,8-,8-11,sport,UIAA,Hocheck,Prinzwiesentürme,Österreich Ost,47.991869,15.960178,Hocheck | Prinzwiesentürme | Heimatleuchten,,to create,theCrag: Hocheck (7063514775)
Abendhirsch,7-,5-7,sport,UIAA,Hocheck,Prinzwiesentürme,Österreich Ost,47.991869,15.960178,Hocheck | Prinzwiesentürme | Abendhirsch,,to create,theCrag: Hocheck (7063514775)
Abendhirsch von rechts,6+,5-7,sport,UIAA,Hocheck,Prinzwiesentürme,Österreich Ost,47.991869,15.960178,Hocheck | Prinzwiesentürme | Abendhirsch von rechts,,to create,theCrag: Hocheck (7063514775)
Hoagascht,4+,1-4,sport,UIAA,Hocheck,Prinzwiesentürme,Österreich Ost,47.991869,15.960178,Hocheck | Prinzwiesentürme | Hoagascht,,to create,theCrag: Hocheck (7063514775)
Scheinheiligtum,5+,5-7,sport,UIAA,Hocheck,Prinzwiesentürme,Österreich Ost,47.991869,15.960178,Hocheck | Prinzwiesentürme | Scheinheiligtum,,to create,theCrag: Hocheck (7063514775)
Mogelpackung,7-,5-7,sport,UIAA,Hocheck,Prinzwiesentürme,Österreich Ost,47.991869,15.960178,Hocheck | Prinzwiesentürme | Mogelpackung,,to create,theCrag: Hocheck (7063514775)
Neue Abnormalität,8-,8-11,sport,UIAA,Hocheck,Prinzwiesentürme,Österreich Ost,47.991869,15.960178,Hocheck | Prinzwiesentürme | Neue Abnormalität,,to create,theCrag: Hocheck (7063514775)
Schöne Percht,7+/8-,5-7,sport,UIAA,Hocheck,Prinzwiesentürme,Österreich Ost,47.991869,15.960178,Hocheck | Prinzwiesentürme | Schöne Percht,,to create,theCrag: Hocheck (7063514775)
Schiaches Gretal,7-,5-7,sport,UIAA,Hocheck,Prinzwiesentürme,Österreich Ost,47.991869,15.960178,Hocheck | Prinzwiesentürme | Schiaches Gretal,,to create,theCrag: Hocheck (7063514775)
Eigenbrötler,7+,5-7,sport,UIAA,Hocheck,Prinzwiesentürme,Österreich Ost,47.991869,15.960178,Hocheck | Prinzwiesentürme | Eigenbrötler,,to create,theCrag: Hocheck (7063514775)
Wendehals,7+,5-7,sport,UIAA,Hocheck,Prinzwiesentürme,Österreich Ost,47.991869,15.960178,Hocheck | Prinzwiesentürme | Wendehals,,to create,theCrag: Hocheck (7063514775)
Gipfel der Frechheit,6+,5-7,sport,UIAA,Hocheck,Prinzwiesentürme,Österreich Ost,47.991869,15.960178,Hocheck | Prinzwiesentürme | Gipfel der Frechheit,,to create,theCrag: Hocheck (7063514775)
Heilige Ruh,6c/7a trav,Boulder,boulder,Font,Hocheck,Prinzwiesentürme (Boulder),Österreich Ost,47.991869,15.960178,Hocheck | Prinzwiesentürme (Boulder) | Heilige Ruh,,to create,theCrag: Hocheck (7063514775) (boulder variant)
Gegenwind,4,1-4,sport,UIAA,Hocheck,Holzschlag,Österreich Ost,48.022162,16.056349,Hocheck | Holzschlag | Gegenwind,,to create,OSM exact: Holzschlag
Killerkrähen,5,5-7,sport,UIAA,Hocheck,Holzschlag,Österreich Ost,48.022162,16.056349,Hocheck | Holzschlag | Killerkrähen,,to create,OSM exact: Holzschlag
Schmazo Piazo,8-,8-11,sport,UIAA,Hocheck,Holzschlag,Österreich Ost,48.022162,16.056349,Hocheck | Holzschlag | Schmazo Piazo,,to create,OSM exact: Holzschlag
Mördermücken,6-,5-7,sport,UIAA,Hocheck,Holzschlag,Österreich Ost,48.022162,16.056349,Hocheck | Holzschlag | Mördermücken,,to create,OSM exact: Holzschlag
Plattenboulder,4,1-4,sport,UIAA,Hocheck,Holzschlag,Österreich Ost,48.022162,16.056349,Hocheck | Holzschlag | Plattenboulder,,to create,OSM exact: Holzschlag
Rissboulder,3,1-4,sport,UIAA,Hocheck,Holzschlag,Österreich Ost,48.022162,16.056349,Hocheck | Holzschlag | Rissboulder,,to create,OSM exact: Holzschlag
Nix Boulder,7,5-7,sport,UIAA,Hocheck,Holzschlag,Österreich Ost,48.022162,16.056349,Hocheck | Holzschlag | Nix Boulder,,to create,OSM exact: Holzschlag
Mystic Way,9-,8-11,sport,UIAA,Hocheck,Holzschlag,Österreich Ost,48.022162,16.056349,Hocheck | Holzschlag | Mystic Way,,to create,OSM exact: Holzschlag
Rattenschwanz,7-,5-7,sport,UIAA,Hocheck,Holzschlag,Österreich Ost,48.022162,16.056349,Hocheck | Holzschlag | Rattenschwanz,,to create,OSM exact: Holzschlag
Rats Eyes,6+,5-7,sport,UIAA,Hocheck,Holzschlag,Österreich Ost,48.022162,16.056349,Hocheck | Holzschlag | Rats Eyes,,to create,OSM exact: Holzschlag
Smoke Crack,5+,5-7,sport,UIAA,Hocheck,Holzschlag,Österreich Ost,48.022162,16.056349,Hocheck | Holzschlag | Smoke Crack,,to create,OSM exact: Holzschlag
Schleim!,4+,1-4,sport,UIAA,Hocheck,Holzschlag,Österreich Ost,48.022162,16.056349,Hocheck | Holzschlag | Schleim!,,to create,OSM exact: Holzschlag
Kurze Kante,4,1-4,sport,UIAA,Hocheck,Holzschlag,Österreich Ost,48.022162,16.056349,Hocheck | Holzschlag | Kurze Kante,,to create,OSM exact: Holzschlag
Scherz Wand,6,5-7,sport,UIAA,Hocheck,Holzschlag,Österreich Ost,48.022162,16.056349,Hocheck | Holzschlag | Scherz Wand,,to create,OSM exact: Holzschlag
Dawn Wall,6-,5-7,sport,UIAA,Hocheck,Holzschlag,Österreich Ost,48.022162,16.056349,Hocheck | Holzschlag | Dawn Wall,,to create,OSM exact: Holzschlag
Rollerball,8-,8-11,sport,UIAA,Hocheck,Holzschlag,Österreich Ost,48.022162,16.056349,Hocheck | Holzschlag | Rollerball,,to create,OSM exact: Holzschlag
Stone Free,9-,8-11,sport,UIAA,Hocheck,Holzschlag,Österreich Ost,48.022162,16.056349,Hocheck | Holzschlag | Stone Free,,to create,OSM exact: Holzschlag
Laika,10,8-11,sport,UIAA,Hocheck,Holzschlag,Österreich Ost,48.022162,16.056349,Hocheck | Holzschlag | Laika,,to create,OSM exact: Holzschlag
Crackless I,9+,8-11,sport,UIAA,Hocheck,Holzschlag,Österreich Ost,48.022162,16.056349,Hocheck | Holzschlag | Crackless I,,to create,OSM exact: Holzschlag
Der Zeck,6+,5-7,sport,UIAA,Hocheck,Holzschlag,Österreich Ost,48.022162,16.056349,Hocheck | Holzschlag | Der Zeck,,to create,OSM exact: Holzschlag
Crackless II,9+/10-,8-11,sport,UIAA,Hocheck,Holzschlag,Österreich Ost,48.022162,16.056349,Hocheck | Holzschlag | Crackless II,,to create,OSM exact: Holzschlag
Dope Crack,7-,5-7,sport,UIAA,Hocheck,Holzschlag,Österreich Ost,48.022162,16.056349,Hocheck | Holzschlag | Dope Crack,,to create,OSM exact: Holzschlag
Milchzahn,6+,5-7,sport,UIAA,Hocheck,Holzschlag,Österreich Ost,48.022162,16.056349,Hocheck | Holzschlag | Milchzahn,,to create,OSM exact: Holzschlag
Rückwand,4+,1-4,sport,UIAA,Hocheck,Holzschlag,Österreich Ost,48.022162,16.056349,Hocheck | Holzschlag | Rückwand,,to create,OSM exact: Holzschlag
Ausweiche,4,1-4,sport,UIAA,Hocheck,Holzschlag,Österreich Ost,48.022162,16.056349,Hocheck | Holzschlag | Ausweiche,,to create,OSM exact: Holzschlag
Sie baden gerade ihre Hände darin,9,8-11,sport,UIAA,Hocheck,Holzschlag,Österreich Ost,48.022162,16.056349,Hocheck | Holzschlag | Sie baden gerade ihre Hände darin,,to create,OSM exact: Holzschlag
Damokles Blöcke,6,5-7,sport,UIAA,Hocheck,Holzschlag,Österreich Ost,48.022162,16.056349,Hocheck | Holzschlag | Damokles Blöcke,,to create,OSM exact: Holzschlag
Ein absolutes Muss,3+,1-4,sport,UIAA,Hocheck,Holzschlag,Österreich Ost,48.022162,16.056349,Hocheck | Holzschlag | Ein absolutes Muss,,to create,OSM exact: Holzschlag
Absolution,5+,5-7,sport,UIAA,Hocheck,Holzschlag,Österreich Ost,48.022162,16.056349,Hocheck | Holzschlag | Absolution,,to create,OSM exact: Holzschlag
Bussgeld,6,5-7,sport,UIAA,Hocheck,Holzschlag,Österreich Ost,48.022162,16.056349,Hocheck | Holzschlag | Bussgeld,,to create,OSM exact: Holzschlag
Jenseitig,7+,5-7,sport,UIAA,Hocheck,Holzschlag,Österreich Ost,48.022162,16.056349,Hocheck | Holzschlag | Jenseitig,,to create,OSM exact: Holzschlag
Klassisch,5,5-7,sport,UIAA,Hocheck,Holzschlag,Österreich Ost,48.022162,16.056349,Hocheck | Holzschlag | Klassisch,,to create,OSM exact: Holzschlag
Grenzgang,6+/7-,5-7,sport,UIAA,Hocheck,Holzschlag,Österreich Ost,48.022162,16.056349,Hocheck | Holzschlag | Grenzgang,,to create,OSM exact: Holzschlag
Apokalyps Now,7,5-7,sport,UIAA,Hocheck,Holzschlag,Österreich Ost,48.022162,16.056349,Hocheck | Holzschlag | Apokalyps Now,,to create,OSM exact: Holzschlag
The Day After,5,5-7,sport,UIAA,Hocheck,Holzschlag,Österreich Ost,48.022162,16.056349,Hocheck | Holzschlag | The Day After,,to create,OSM exact: Holzschlag
Sozialschmarotzer,9+/10-,8-11,sport,UIAA,Hocheck,Holzschlag,Österreich Ost,48.022162,16.056349,Hocheck | Holzschlag | Sozialschmarotzer,,to create,OSM exact: Holzschlag
Mein blonder Hund,8+,8-11,sport,UIAA,Hocheck,Holzschlag,Österreich Ost,48.022162,16.056349,Hocheck | Holzschlag | Mein blonder Hund,,to create,OSM exact: Holzschlag
Enerchi,9+,8-11,sport,UIAA,Hocheck,Holzschlag,Österreich Ost,48.022162,16.056349,Hocheck | Holzschlag | Enerchi,,to create,OSM exact: Holzschlag
Pan Tau,7+,5-7,sport,UIAA,Hocheck,Holzschlag,Österreich Ost,48.022162,16.056349,Hocheck | Holzschlag | Pan Tau,,to create,OSM exact: Holzschlag
Peter Pan,7-,5-7,sport,UIAA,Hocheck,Holzschlag,Österreich Ost,48.022162,16.056349,Hocheck | Holzschlag | Peter Pan,,to create,OSM exact: Holzschlag
Tau Frisch,5,5-7,sport,UIAA,Hocheck,Holzschlag,Österreich Ost,48.022162,16.056349,Hocheck | Holzschlag | Tau Frisch,,to create,OSM exact: Holzschlag
Jo Mei,7-,5-7,sport,UIAA,Hocheck,Holzschlag,Österreich Ost,48.022162,16.056349,Hocheck | Holzschlag | Jo Mei,,to create,OSM exact: Holzschlag
Romario,7-,5-7,sport,UIAA,Hocheck,Holzschlag,Österreich Ost,48.022162,16.056349,Hocheck | Holzschlag | Romario,,to create,OSM exact: Holzschlag
Pepeto,7+,5-7,sport,UIAA,Hocheck,Holzschlag,Österreich Ost,48.022162,16.056349,Hocheck | Holzschlag | Pepeto,,to create,OSM exact: Holzschlag
Brazil,7,5-7,sport,UIAA,Hocheck,Holzschlag,Österreich Ost,48.022162,16.056349,Hocheck | Holzschlag | Brazil,,to create,OSM exact: Holzschlag
Ein weiterer Schritt,5,5-7,sport,UIAA,Hocheck,Holzschlag,Österreich Ost,48.022162,16.056349,Hocheck | Holzschlag | Ein weiterer Schritt,,to create,OSM exact: Holzschlag
Der schmale Grat (Holzschlag),3+,1-4,sport,UIAA,Hocheck,Holzschlag,Österreich Ost,48.022162,16.056349,Hocheck | Holzschlag | Der schmale Grat (Holzschlag),,to create,OSM exact: Holzschlag
Slimy,6c,Boulder,boulder,Font,Hocheck,Holzschlag (Boulder),Österreich Ost,48.022162,16.056349,Hocheck | Holzschlag (Boulder) | Slimy,,to create,OSM (boulder variant): Holzschlag
Hinkelstein,5b,Boulder,boulder,Font,Hocheck,Holzschlag (Boulder),Österreich Ost,48.022162,16.056349,Hocheck | Holzschlag (Boulder) | Hinkelstein,,to create,OSM (boulder variant): Holzschlag
Brösel,4a,Boulder,boulder,Font,Hocheck,Holzschlag (Boulder),Österreich Ost,48.022162,16.056349,Hocheck | Holzschlag (Boulder) | Brösel,,to create,OSM (boulder variant): Holzschlag
Moonlight,6b,Boulder,boulder,Font,Hocheck,Holzschlag (Boulder),Österreich Ost,48.022162,16.056349,Hocheck | Holzschlag (Boulder) | Moonlight,,to create,OSM (boulder variant): Holzschlag
Starke Susi,7a,Boulder,boulder,Font,Hocheck,Holzschlag (Boulder),Österreich Ost,48.022162,16.056349,Hocheck | Holzschlag (Boulder) | Starke Susi,,to create,OSM (boulder variant): Holzschlag
Neutour ca 7-8,7-8,5-7,sport,UIAA,Wöllersdorf Hart,Linker Wandteil,Österreich Ost,48.029935,16.066277,Wöllersdorf Hart | Linker Wandteil | Neutour ca 7-8,,to create,OSM exact: Linker Wandteil
Hollywood,7+,5-7,sport,UIAA,Wöllersdorf Hart,Linker Wandteil,Österreich Ost,48.029935,16.066277,Wöllersdorf Hart | Linker Wandteil | Hollywood,,to create,OSM exact: Linker Wandteil
Beverly Hills,9-,8-11,sport,UIAA,Wöllersdorf Hart,Linker Wandteil,Österreich Ost,48.029935,16.066277,Wöllersdorf Hart | Linker Wandteil | Beverly Hills,,to create,OSM exact: Linker Wandteil
Kaui,7-,5-7,sport,UIAA,Wöllersdorf Hart,Linker Wandteil,Österreich Ost,48.029935,16.066277,Wöllersdorf Hart | Linker Wandteil | Kaui,,to create,OSM exact: Linker Wandteil
Hawai,6+,5-7,sport,UIAA,Wöllersdorf Hart,Linker Wandteil,Österreich Ost,48.029935,16.066277,Wöllersdorf Hart | Linker Wandteil | Hawai,,to create,OSM exact: Linker Wandteil
Maui,4,1-4,sport,UIAA,Wöllersdorf Hart,Linker Wandteil,Österreich Ost,48.029935,16.066277,Wöllersdorf Hart | Linker Wandteil | Maui,,to create,OSM exact: Linker Wandteil
Neutour,5+,5-7,sport,UIAA,Wöllersdorf Hart,Linker Wandteil,Österreich Ost,48.029935,16.066277,Wöllersdorf Hart | Linker Wandteil | Neutour,,to create,OSM exact: Linker Wandteil
Wizo,9-,8-11,sport,UIAA,Wöllersdorf Hart,Linker Wandteil,Österreich Ost,48.029935,16.066277,Wöllersdorf Hart | Linker Wandteil | Wizo,,to create,OSM exact: Linker Wandteil
Putzorgie,5,5-7,sport,UIAA,Wöllersdorf Hart,Zentraler Wandteil,Österreich Ost,47.87151,16.165135,Wöllersdorf Hart | Zentraler Wandteil | Putzorgie,,to create,theCrag: Woellersdorf - Hart (447764799)
Fistful of Power,7,5-7,sport,UIAA,Wöllersdorf Hart,Zentraler Wandteil,Österreich Ost,47.87151,16.165135,Wöllersdorf Hart | Zentraler Wandteil | Fistful of Power,,to create,theCrag: Woellersdorf - Hart (447764799)
Das Knie ist hie,8-,8-11,sport,UIAA,Wöllersdorf Hart,Zentraler Wandteil,Österreich Ost,47.87151,16.165135,Wöllersdorf Hart | Zentraler Wandteil | Das Knie ist hie,,to create,theCrag: Woellersdorf - Hart (447764799)
Il Gufo,8,8-11,sport,UIAA,Wöllersdorf Hart,Zentraler Wandteil,Österreich Ost,47.87151,16.165135,Wöllersdorf Hart | Zentraler Wandteil | Il Gufo,,to create,theCrag: Woellersdorf - Hart (447764799)
Le Champ de Chanvre,7+/8-,5-7,sport,UIAA,Wöllersdorf Hart,Zentraler Wandteil,Österreich Ost,47.87151,16.165135,Wöllersdorf Hart | Zentraler Wandteil | Le Champ de Chanvre,,to create,theCrag: Woellersdorf - Hart (447764799)
Return of Tangram,6+,5-7,sport,UIAA,Wöllersdorf Hart,Zentraler Wandteil,Österreich Ost,47.87151,16.165135,Wöllersdorf Hart | Zentraler Wandteil | Return of Tangram,,to create,theCrag: Woellersdorf - Hart (447764799)
It's a Pleasure,4+,1-4,sport,UIAA,Wöllersdorf Hart,Zentraler Wandteil,Österreich Ost,47.87151,16.165135,Wöllersdorf Hart | Zentraler Wandteil | It's a Pleasure,,to create,theCrag: Woellersdorf - Hart (447764799)
Wepsenstich,5,5-7,sport,UIAA,Wöllersdorf Hart,Zentraler Wandteil,Österreich Ost,47.87151,16.165135,Wöllersdorf Hart | Zentraler Wandteil | Wepsenstich,,to create,theCrag: Woellersdorf - Hart (447764799)
A Beda's Place is on the Top,5+,5-7,sport,UIAA,Wöllersdorf Hart,Zentraler Wandteil,Österreich Ost,47.87151,16.165135,Wöllersdorf Hart | Zentraler Wandteil | A Beda's Place is on the Top,,to create,theCrag: Woellersdorf - Hart (447764799)
Wop Ebene,6,5-7,sport,UIAA,Wöllersdorf Hart,Zentraler Wandteil,Österreich Ost,47.87151,16.165135,Wöllersdorf Hart | Zentraler Wandteil | Wop Ebene,,to create,theCrag: Woellersdorf - Hart (447764799)
Kasperltheater,5,5-7,sport,UIAA,Wöllersdorf Hart,Zentraler Wandteil,Österreich Ost,47.87151,16.165135,Wöllersdorf Hart | Zentraler Wandteil | Kasperltheater,,to create,theCrag: Woellersdorf - Hart (447764799)
Confetti Show,4,1-4,sport,UIAA,Wöllersdorf Hart,Zentraler Wandteil,Österreich Ost,47.87151,16.165135,Wöllersdorf Hart | Zentraler Wandteil | Confetti Show,,to create,theCrag: Woellersdorf - Hart (447764799)
Chiemsee,7+,5-7,sport,UIAA,Wöllersdorf Hart,Zentraler Wandteil,Österreich Ost,47.87151,16.165135,Wöllersdorf Hart | Zentraler Wandteil | Chiemsee,,to create,theCrag: Woellersdorf - Hart (447764799)
Make Your Way to the Matura,6-,5-7,sport,UIAA,Wöllersdorf Hart,Zentraler Wandteil,Österreich Ost,47.87151,16.165135,Wöllersdorf Hart | Zentraler Wandteil | Make Your Way to the Matura,,to create,theCrag: Woellersdorf - Hart (447764799)
Fuck the Army,6,5-7,sport,UIAA,Wöllersdorf Hart,Zentraler Wandteil,Österreich Ost,47.87151,16.165135,Wöllersdorf Hart | Zentraler Wandteil | Fuck the Army,,to create,theCrag: Woellersdorf - Hart (447764799)
Vollrausch,7-,5-7,sport,UIAA,Wöllersdorf Hart,Zentraler Wandteil,Österreich Ost,47.87151,16.165135,Wöllersdorf Hart | Zentraler Wandteil | Vollrausch,,to create,theCrag: Woellersdorf - Hart (447764799)
Blede Gschicht,6+,5-7,sport,UIAA,Wöllersdorf Hart,Zentraler Wandteil,Österreich Ost,47.87151,16.165135,Wöllersdorf Hart | Zentraler Wandteil | Blede Gschicht,,to create,theCrag: Woellersdorf - Hart (447764799)
The Nose,7+,5-7,sport,UIAA,Wöllersdorf Hart,Zentraler Wandteil,Österreich Ost,47.87151,16.165135,Wöllersdorf Hart | Zentraler Wandteil | The Nose,,to create,theCrag: Woellersdorf - Hart (447764799)
Höhlenbär,8,8-11,sport,UIAA,Wöllersdorf Hart,Zentraler Wandteil,Österreich Ost,47.87151,16.165135,Wöllersdorf Hart | Zentraler Wandteil | Höhlenbär,,to create,theCrag: Woellersdorf - Hart (447764799)
XTC,8,8-11,sport,UIAA,Wöllersdorf Hart,Zentraler Wandteil,Österreich Ost,47.87151,16.165135,Wöllersdorf Hart | Zentraler Wandteil | XTC,,to create,theCrag: Woellersdorf - Hart (447764799)
Hallo Kitty,4,1-4,sport,UIAA,Wöllersdorf Hart,Kinderwand,Österreich Ost,47.87151,16.165135,Wöllersdorf Hart | Kinderwand | Hallo Kitty,,to create,theCrag: Woellersdorf - Hart (447764799)
Mama Muh Räumtauf,4,1-4,sport,UIAA,Wöllersdorf Hart,Kinderwand,Österreich Ost,47.87151,16.165135,Wöllersdorf Hart | Kinderwand | Mama Muh Räumtauf,,to create,theCrag: Woellersdorf - Hart (447764799)
Bimbulli,5-,5-7,sport,UIAA,Wöllersdorf Hart,Kinderwand,Österreich Ost,47.87151,16.165135,Wöllersdorf Hart | Kinderwand | Bimbulli,,to create,theCrag: Woellersdorf - Hart (447764799)
Wickie,6+,5-7,sport,UIAA,Wöllersdorf Hart,Kinderwand,Österreich Ost,47.87151,16.165135,Wöllersdorf Hart | Kinderwand | Wickie,,to create,theCrag: Woellersdorf - Hart (447764799)
Halvar,7+,5-7,sport,UIAA,Wöllersdorf Hart,Kinderwand,Österreich Ost,47.87151,16.165135,Wöllersdorf Hart | Kinderwand | Halvar,,to create,theCrag: Woellersdorf - Hart (447764799)
Crash Pad Test,6a+,Boulder,boulder,Font,Wöllersdorf Hart,Wöllersdorf Hart (Boulder),Österreich Ost,47.870638,16.168517,Wöllersdorf Hart | Wöllersdorf Hart (Boulder) | Crash Pad Test,,to create,OSM (boulder variant): Wöllersdorf Hart
Stealth,5c,Boulder,boulder,Font,Wöllersdorf Hart,Wöllersdorf Hart (Boulder),Österreich Ost,47.870638,16.168517,Wöllersdorf Hart | Wöllersdorf Hart (Boulder) | Stealth,,to create,OSM (boulder variant): Wöllersdorf Hart
Hugh,6c,Boulder,boulder,Font,Wöllersdorf Hart,Wöllersdorf Hart (Boulder),Österreich Ost,47.870638,16.168517,Wöllersdorf Hart | Wöllersdorf Hart (Boulder) | Hugh,,to create,OSM (boulder variant): Wöllersdorf Hart
Grüner Quergang,5b,Boulder,boulder,Font,Wöllersdorf Hart,Wöllersdorf Hart (Boulder),Österreich Ost,47.870638,16.168517,Wöllersdorf Hart | Wöllersdorf Hart (Boulder) | Grüner Quergang,,to create,OSM (boulder variant): Wöllersdorf Hart
Quergang,5c,Boulder,boulder,Font,Wöllersdorf Hart,Wöllersdorf Hart (Boulder),Österreich Ost,47.870638,16.168517,Wöllersdorf Hart | Wöllersdorf Hart (Boulder) | Quergang,,to create,OSM (boulder variant): Wöllersdorf Hart
Miraculix,4a,Boulder,boulder,Font,Wöllersdorf Hart,Wöllersdorf Hart (Boulder),Österreich Ost,47.870638,16.168517,Wöllersdorf Hart | Wöllersdorf Hart (Boulder) | Miraculix,,to create,OSM (boulder variant): Wöllersdorf Hart
Flashpoint,5b,Boulder,boulder,Font,Wöllersdorf Hart,Wöllersdorf Hart (Boulder),Österreich Ost,47.870638,16.168517,Wöllersdorf Hart | Wöllersdorf Hart (Boulder) | Flashpoint,,to create,OSM (boulder variant): Wöllersdorf Hart
Struck a Nerve,5a,Boulder,boulder,Font,Wöllersdorf Hart,Wöllersdorf Hart (Boulder),Österreich Ost,47.870638,16.168517,Wöllersdorf Hart | Wöllersdorf Hart (Boulder) | Struck a Nerve,,to create,OSM (boulder variant): Wöllersdorf Hart
Floods,4c,Boulder,boulder,Font,Wöllersdorf Hart,Wöllersdorf Hart (Boulder),Österreich Ost,47.870638,16.168517,Wöllersdorf Hart | Wöllersdorf Hart (Boulder) | Floods,,to create,OSM (boulder variant): Wöllersdorf Hart
No End in Sight,6b,Boulder,boulder,Font,Wöllersdorf Hart,Wöllersdorf Hart (Boulder),Österreich Ost,47.870638,16.168517,Wöllersdorf Hart | Wöllersdorf Hart (Boulder) | No End in Sight,,to create,OSM (boulder variant): Wöllersdorf Hart
Nur die Kanten,6b,Boulder,boulder,Font,Wöllersdorf Hart,Wöllersdorf Hart (Boulder),Österreich Ost,47.870638,16.168517,Wöllersdorf Hart | Wöllersdorf Hart (Boulder) | Nur die Kanten,,to create,OSM (boulder variant): Wöllersdorf Hart
Space Avenue,5c,Boulder,boulder,Font,Wöllersdorf Hart,Wöllersdorf Hart (Boulder),Österreich Ost,47.870638,16.168517,Wöllersdorf Hart | Wöllersdorf Hart (Boulder) | Space Avenue,,to create,OSM (boulder variant): Wöllersdorf Hart
Traverse (Wöllersdorf),4a,Boulder,boulder,Font,Wöllersdorf Hart,Wöllersdorf Hart (Boulder),Österreich Ost,47.870638,16.168517,Wöllersdorf Hart | Wöllersdorf Hart (Boulder) | Traverse (Wöllersdorf),,to create,OSM (boulder variant): Wöllersdorf Hart
Highly Officious,5b,Boulder,boulder,Font,Wöllersdorf Hart,Wöllersdorf Hart (Boulder),Österreich Ost,47.870638,16.168517,Wöllersdorf Hart | Wöllersdorf Hart (Boulder) | Highly Officious,,to create,OSM (boulder variant): Wöllersdorf Hart
Fringe Benefits,6b,Boulder,boulder,Font,Wöllersdorf Hart,Wöllersdorf Hart (Boulder),Österreich Ost,47.870638,16.168517,Wöllersdorf Hart | Wöllersdorf Hart (Boulder) | Fringe Benefits,,to create,OSM (boulder variant): Wöllersdorf Hart
Afterburner,6c+,Boulder,boulder,Font,Wöllersdorf Hart,Wöllersdorf Hart (Boulder),Österreich Ost,47.870638,16.168517,Wöllersdorf Hart | Wöllersdorf Hart (Boulder) | Afterburner,,to create,OSM (boulder variant): Wöllersdorf Hart
Shrink to Fit,6b,Boulder,boulder,Font,Wöllersdorf Hart,Wöllersdorf Hart (Boulder),Österreich Ost,47.870638,16.168517,Wöllersdorf Hart | Wöllersdorf Hart (Boulder) | Shrink to Fit,,to create,OSM (boulder variant): Wöllersdorf Hart
Löchriges Vergnügen,6a,Boulder,boulder,Font,Wöllersdorf Hart,Wöllersdorf Hart (Boulder),Österreich Ost,47.870638,16.168517,Wöllersdorf Hart | Wöllersdorf Hart (Boulder) | Löchriges Vergnügen,,to create,OSM (boulder variant): Wöllersdorf Hart
Scharfes Eck,4b,Boulder,boulder,Font,Wöllersdorf Hart,Wöllersdorf Hart (Boulder),Österreich Ost,47.870638,16.168517,Wöllersdorf Hart | Wöllersdorf Hart (Boulder) | Scharfes Eck,,to create,OSM (boulder variant): Wöllersdorf Hart
Tintifax,5a,Boulder,boulder,Font,Wöllersdorf Hart,Wöllersdorf Hart (Boulder),Österreich Ost,47.870638,16.168517,Wöllersdorf Hart | Wöllersdorf Hart (Boulder) | Tintifax,,to create,OSM (boulder variant): Wöllersdorf Hart
Badener Waschl,7+,5-7,sport,UIAA,Helenental,Badener Turm,Österreich Ost,48.004486,16.183675,Helenental | Badener Turm | Badener Waschl,3a921413-5351-811f-bcd6-dbd8ad5d7104,review (Helenental) — in DB,master xlsx: Badener Turm
Bäh-Platte,6+,5-7,sport,UIAA,Helenental,Badener Turm,Österreich Ost,48.004486,16.183675,Helenental | Badener Turm | Bäh-Platte,3a921413-5351-8156-99aa-c65dff3c7c70,review (Helenental) — in DB,master xlsx: Badener Turm
Linker Südriss,5,5-7,sport,UIAA,Helenental,Badener Turm,Österreich Ost,48.004486,16.183675,Helenental | Badener Turm | Linker Südriss,3a921413-5351-8199-a9e3-ec331b6efc23,review (Helenental) — in DB,master xlsx: Badener Turm
Rechter Südriss,6,5-7,sport,UIAA,Helenental,Badener Turm,Österreich Ost,48.004486,16.183675,Helenental | Badener Turm | Rechter Südriss,3a921413-5351-8199-89aa-d6d3694a7bdf,review (Helenental) — in DB,master xlsx: Badener Turm
Is So,6+,5-7,sport,UIAA,Helenental,Badener Turm,Österreich Ost,48.004486,16.183675,Helenental | Badener Turm | Is So,3a921413-5351-81ef-b3e5-f8046c7fbf24,review (Helenental) — in DB,master xlsx: Badener Turm
Südostkantenriss,6,5-7,sport,UIAA,Helenental,Badener Turm,Österreich Ost,48.004486,16.183675,Helenental | Badener Turm | Südostkantenriss,3a921413-5351-811f-8d21-e6df9ee9d43e,review (Helenental) — in DB,master xlsx: Badener Turm
Süka-Ori,7,5-7,sport,UIAA,Helenental,Badener Turm,Österreich Ost,48.004486,16.183675,Helenental | Badener Turm | Süka-Ori,3a921413-5351-8190-b32b-f2c9ee2b9898,review (Helenental) — in DB,master xlsx: Badener Turm
Sehr Super,7-,5-7,sport,UIAA,Helenental,Badener Turm,Österreich Ost,48.004486,16.183675,Helenental | Badener Turm | Sehr Super,3a921413-5351-8149-ab18-d9e3a75f5cf7,review (Helenental) — in DB,master xlsx: Badener Turm
Direkte Ostwand,6+,5-7,sport,UIAA,Helenental,Badener Turm,Österreich Ost,48.004486,16.183675,Helenental | Badener Turm | Direkte Ostwand,3a921413-5351-81d9-8c5a-cbbe7bba5e04,review (Helenental) — in DB,master xlsx: Badener Turm
Luftbuderant,9-,8-11,sport,UIAA,Helenental,Badener Turm,Österreich Ost,48.004486,16.183675,Helenental | Badener Turm | Luftbuderant,3a921413-5351-8161-9d7c-dd5e8f419003,review (Helenental) — in DB,master xlsx: Badener Turm
Nordostkante,6+,5-7,sport,UIAA,Helenental,Badener Turm,Österreich Ost,48.004486,16.183675,Helenental | Badener Turm | Nordostkante,3a921413-5351-8127-b09b-c885b51fb24c,review (Helenental) — in DB,master xlsx: Badener Turm
Nordostriss,6-,5-7,sport,UIAA,Helenental,Badener Turm,Österreich Ost,48.004486,16.183675,Helenental | Badener Turm | Nordostriss,3a921413-5351-818a-8756-f2ee1b517273,review (Helenental) — in DB,master xlsx: Badener Turm
Ausstiegsvariante,4,1-4,sport,UIAA,Helenental,Badener Turm,Österreich Ost,48.004486,16.183675,Helenental | Badener Turm | Ausstiegsvariante,3a921413-5351-81ac-96b5-e064597b0011,review (Helenental) — in DB,master xlsx: Badener Turm
Normalweg,4-,1-4,sport,UIAA,Helenental,Badener Turm,Österreich Ost,48.004486,16.183675,Helenental | Badener Turm | Normalweg,3a921413-5351-817b-bc5f-cb39cfd4ad9b,review (Helenental) — in DB,master xlsx: Badener Turm
Turmfalke,5-,5-7,sport,UIAA,Helenental,Badener Turm,Österreich Ost,48.004486,16.183675,Helenental | Badener Turm | Turmfalke,3a921413-5351-8126-b3f1-dcf825a30d2e,review (Helenental) — in DB,master xlsx: Badener Turm
The Stand,7-,5-7,sport,UIAA,Helenental,Badener Turm,Österreich Ost,48.004486,16.183675,Helenental | Badener Turm | The Stand,3a921413-5351-81aa-a97d-eef5dc3c347d,review (Helenental) — in DB,master xlsx: Badener Turm
The Bell,6+,5-7,sport,UIAA,Helenental,Badener Turm,Österreich Ost,48.004486,16.183675,Helenental | Badener Turm | The Bell,3a921413-5351-81da-bb77-e586aa31a0a3,review (Helenental) — in DB,master xlsx: Badener Turm
Grindula,6,5-7,sport,UIAA,Helenental,Badener Turm,Österreich Ost,48.004486,16.183675,Helenental | Badener Turm | Grindula,3a921413-5351-811d-90a5-ecfda485de8e,review (Helenental) — in DB,master xlsx: Badener Turm
Direkte Westwand,7+/8-,5-7,sport,UIAA,Helenental,Badener Turm,Österreich Ost,48.004486,16.183675,Helenental | Badener Turm | Direkte Westwand,3a921413-5351-8132-87df-d7eabe29b886,review (Helenental) — in DB,master xlsx: Badener Turm
B.E.-Kante,7-,5-7,sport,UIAA,Helenental,Badener Turm,Österreich Ost,48.004486,16.183675,Helenental | Badener Turm | B.E.-Kante,3a921413-5351-81d4-ab17-c2d9dbba2709,review (Helenental) — in DB,master xlsx: Badener Turm
Ariel Futur,6+,5-7,sport,UIAA,Helenental,Badener Turm,Österreich Ost,48.004486,16.183675,Helenental | Badener Turm | Ariel Futur,3a921413-5351-81d7-a716-cb14d893c116,review (Helenental) — in DB,master xlsx: Badener Turm
Wildschwein,7,5-7,sport,UIAA,Helenental,Badener Turm,Österreich Ost,48.004486,16.183675,Helenental | Badener Turm | Wildschwein,3a921413-5351-8121-9508-cde2a2527337,review (Helenental) — in DB,master xlsx: Badener Turm
Bügelbrett,6+/7-,5-7,sport,UIAA,Helenental,Badener Turm,Österreich Ost,48.004486,16.183675,Helenental | Badener Turm | Bügelbrett,3a921413-5351-8126-94f7-ed5b70433bd7,review (Helenental) — in DB,master xlsx: Badener Turm
Südostriss (Badener Turm),6,5-7,sport,UIAA,Helenental,Badener Turm,Österreich Ost,48.004486,16.183675,Helenental | Badener Turm | Südostriss (Badener Turm),3a921413-5351-8148-821b-e024e6a5805c,review (Helenental) — in DB,master xlsx: Badener Turm
Ostriss,4,1-4,sport,UIAA,Helenental,Badener Turm,Österreich Ost,48.004486,16.183675,Helenental | Badener Turm | Ostriss,3a921413-5351-8102-a0bc-cd0e4ed3dbd7,review (Helenental) — in DB,master xlsx: Badener Turm
Pestanz,6a,Boulder,boulder,Font,Helenental,Badener Turm (Boulder),Österreich Ost,48.004486,16.183675,Helenental | Badener Turm (Boulder) | Pestanz,,review (Helenental) — new,master xlsx: Badener Turm (boulder variant)
Gilbhart,5b,Boulder,boulder,Font,Helenental,Badener Turm (Boulder),Österreich Ost,48.004486,16.183675,Helenental | Badener Turm (Boulder) | Gilbhart,3a921413-5351-811b-9365-c6e64a8e7e32,review (Helenental) — in DB,master xlsx: Badener Turm (boulder variant)
Laubfrosch,6+,5-7,sport,UIAA,Helenental,Jammerwandl,Österreich Ost,48.015336,16.198289,Helenental | Jammerwandl | Laubfrosch,,review (Helenental) — new,master xlsx: Jammerwandl
Berta,7-,5-7,sport,UIAA,Helenental,Jammerwandl,Österreich Ost,48.015336,16.198289,Helenental | Jammerwandl | Berta,,review (Helenental) — new,master xlsx: Jammerwandl
Bertl,6-,5-7,sport,UIAA,Helenental,Jammerwandl,Österreich Ost,48.015336,16.198289,Helenental | Jammerwandl | Bertl,,review (Helenental) — new,master xlsx: Jammerwandl
Lueg emol es bitzeli,4+,1-4,sport,UIAA,Helenental,Jammerwandl,Österreich Ost,48.015336,16.198289,Helenental | Jammerwandl | Lueg emol es bitzeli,,review (Helenental) — new,master xlsx: Jammerwandl
Dacquis,5+,5-7,sport,UIAA,Helenental,Jammerwandl,Österreich Ost,48.015336,16.198289,Helenental | Jammerwandl | Dacquis,,review (Helenental) — new,master xlsx: Jammerwandl
Das grosse Aufwärmen,7-,5-7,sport,UIAA,Helenental,Jammerwandl,Österreich Ost,48.015336,16.198289,Helenental | Jammerwandl | Das grosse Aufwärmen,,review (Helenental) — new,master xlsx: Jammerwandl
Das kleine Aufwärmen,5,5-7,sport,UIAA,Helenental,Jammerwandl,Österreich Ost,48.015336,16.198289,Helenental | Jammerwandl | Das kleine Aufwärmen,,review (Helenental) — new,master xlsx: Jammerwandl
Bunte Kuh,7,5-7,sport,UIAA,Helenental,Jammerwandl,Österreich Ost,48.015336,16.198289,Helenental | Jammerwandl | Bunte Kuh,,review (Helenental) — new,master xlsx: Jammerwandl
Junge Römer,7+,5-7,sport,UIAA,Helenental,Jammerwandl,Österreich Ost,48.015336,16.198289,Helenental | Jammerwandl | Junge Römer,,review (Helenental) — new,master xlsx: Jammerwandl
Das Comeback,7-,5-7,sport,UIAA,Helenental,Jammerwandl,Österreich Ost,48.015336,16.198289,Helenental | Jammerwandl | Das Comeback,,review (Helenental) — new,master xlsx: Jammerwandl
Golden Ambrosia,7,5-7,sport,UIAA,Helenental,Jammerwandl,Österreich Ost,48.015336,16.198289,Helenental | Jammerwandl | Golden Ambrosia,,review (Helenental) — new,master xlsx: Jammerwandl
Jammer Pepi,6+,5-7,sport,UIAA,Helenental,Jammerwandl,Österreich Ost,48.015336,16.198289,Helenental | Jammerwandl | Jammer Pepi,,review (Helenental) — new,master xlsx: Jammerwandl
Unschlüssig,8,8-11,sport,UIAA,Helenental,Jammerwandl,Österreich Ost,48.015336,16.198289,Helenental | Jammerwandl | Unschlüssig,,review (Helenental) — new,master xlsx: Jammerwandl
Direkter Einstieg (Jammerwandl a),5,5-7,sport,UIAA,Helenental,Jammerwandl,Österreich Ost,48.015336,16.198289,Helenental | Jammerwandl | Direkter Einstieg (Jammerwandl a),3a921413-5351-8123-9f01-fcc196fd52be,review (Helenental) — in DB,master xlsx: Jammerwandl
Mayflower Nr 1,5+,5-7,sport,UIAA,Helenental,Jammerwandl,Österreich Ost,48.015336,16.198289,Helenental | Jammerwandl | Mayflower Nr 1,,review (Helenental) — new,master xlsx: Jammerwandl
Direkter Einstieg (Jammerwandl b),5+,5-7,sport,UIAA,Helenental,Jammerwandl,Österreich Ost,48.015336,16.198289,Helenental | Jammerwandl | Direkter Einstieg (Jammerwandl b),3a921413-5351-8123-9f01-fcc196fd52be,review (Helenental) — in DB,master xlsx: Jammerwandl
Plattenzauber,6,5-7,sport,UIAA,Helenental,Jammerwandl,Österreich Ost,48.015336,16.198289,Helenental | Jammerwandl | Plattenzauber,,review (Helenental) — new,master xlsx: Jammerwandl
Topstar,7,5-7,sport,UIAA,Helenental,Jammerwandl,Österreich Ost,48.015336,16.198289,Helenental | Jammerwandl | Topstar,,review (Helenental) — new,master xlsx: Jammerwandl
Kurze Kamine,5,5-7,sport,UIAA,Helenental,Jammerwandl,Österreich Ost,48.015336,16.198289,Helenental | Jammerwandl | Kurze Kamine,,review (Helenental) — new,master xlsx: Jammerwandl
Variante (Jammerwandl),6+/7-,5-7,sport,UIAA,Helenental,Jammerwandl,Österreich Ost,48.015336,16.198289,Helenental | Jammerwandl | Variante (Jammerwandl),3a921413-5351-816e-96e6-d7e49e83dad5,review (Helenental) — in DB,master xlsx: Jammerwandl
Sai ned faaad,9-,8-11,sport,UIAA,Helenental,Jammerwandl,Österreich Ost,48.015336,16.198289,Helenental | Jammerwandl | Sai ned faaad,,review (Helenental) — new,master xlsx: Jammerwandl
Faade Nocken,6+,5-7,sport,UIAA,Helenental,Jammerwandl,Österreich Ost,48.015336,16.198289,Helenental | Jammerwandl | Faade Nocken,,review (Helenental) — new,master xlsx: Jammerwandl
Teststrecke,6,5-7,sport,UIAA,Helenental,Jammerwandl,Österreich Ost,48.015336,16.198289,Helenental | Jammerwandl | Teststrecke,,review (Helenental) — new,master xlsx: Jammerwandl
Ohne Baum,6+,5-7,sport,UIAA,Helenental,Jammerwandl,Österreich Ost,48.015336,16.198289,Helenental | Jammerwandl | Ohne Baum,,review (Helenental) — new,master xlsx: Jammerwandl
Schuppe der Zweifel,6,5-7,sport,UIAA,Helenental,Jammerwandl,Österreich Ost,48.015336,16.198289,Helenental | Jammerwandl | Schuppe der Zweifel,,review (Helenental) — new,master xlsx: Jammerwandl
Schokopalatschinke,6+,5-7,sport,UIAA,Helenental,Jammerwandl,Österreich Ost,48.015336,16.198289,Helenental | Jammerwandl | Schokopalatschinke,,review (Helenental) — new,master xlsx: Jammerwandl
Hexalotte,7-,5-7,sport,UIAA,Helenental,Jammerwandl,Österreich Ost,48.015336,16.198289,Helenental | Jammerwandl | Hexalotte,,review (Helenental) — new,master xlsx: Jammerwandl
Wilder Schnittlauch,5,5-7,sport,UIAA,Helenental,Jammerwandl,Österreich Ost,48.015336,16.198289,Helenental | Jammerwandl | Wilder Schnittlauch,,review (Helenental) — new,master xlsx: Jammerwandl
Terassendiagonale,5+,5-7,sport,UIAA,Helenental,Jammerwandl,Österreich Ost,48.015336,16.198289,Helenental | Jammerwandl | Terassendiagonale,,review (Helenental) — new,master xlsx: Jammerwandl
Ameisenbär,6+,5-7,sport,UIAA,Helenental,Jammerwandl,Österreich Ost,48.015336,16.198289,Helenental | Jammerwandl | Ameisenbär,,review (Helenental) — new,master xlsx: Jammerwandl
Tante Emma,7,5-7,sport,UIAA,Helenental,Jammerwandl,Österreich Ost,48.015336,16.198289,Helenental | Jammerwandl | Tante Emma,,review (Helenental) — new,master xlsx: Jammerwandl
Putzteufel,5+,5-7,sport,UIAA,Helenental,Jammerwandl,Österreich Ost,48.015336,16.198289,Helenental | Jammerwandl | Putzteufel,,review (Helenental) — new,master xlsx: Jammerwandl
Efeuteufel,8,8-11,sport,UIAA,Helenental,Jammerwandl,Österreich Ost,48.015336,16.198289,Helenental | Jammerwandl | Efeuteufel,,review (Helenental) — new,master xlsx: Jammerwandl
Efeuzorn,7,5-7,sport,UIAA,Helenental,Jammerwandl,Österreich Ost,48.015336,16.198289,Helenental | Jammerwandl | Efeuzorn,,review (Helenental) — new,master xlsx: Jammerwandl
Invasion der Ameisen,7-,5-7,sport,UIAA,Helenental,Jammerwandl,Österreich Ost,48.015336,16.198289,Helenental | Jammerwandl | Invasion der Ameisen,,review (Helenental) — new,master xlsx: Jammerwandl
Ameisenmord,7,5-7,sport,UIAA,Helenental,Jammerwandl,Österreich Ost,48.015336,16.198289,Helenental | Jammerwandl | Ameisenmord,,review (Helenental) — new,master xlsx: Jammerwandl
Sonnenkante,4+,1-4,sport,UIAA,Helenental,Jammerwandl,Österreich Ost,48.015336,16.198289,Helenental | Jammerwandl | Sonnenkante,,review (Helenental) — new,master xlsx: Jammerwandl
Schleudergefahr,8-,8-11,sport,UIAA,Helenental,Engelstein,Österreich Ost,48.015914,16.196654,Helenental | Engelstein | Schleudergefahr,3a921413-5351-81da-bea2-f96f3be7d7f6,review (Helenental) — in DB,master xlsx: Engelstein
Drum Dream,7,5-7,sport,UIAA,Helenental,Engelstein,Österreich Ost,48.015914,16.196654,Helenental | Engelstein | Drum Dream,3a921413-5351-8166-8f13-e675fa347222,review (Helenental) — in DB,master xlsx: Engelstein
Adolfons,8,8-11,sport,UIAA,Helenental,Engelstein,Österreich Ost,48.015914,16.196654,Helenental | Engelstein | Adolfons,3a921413-5351-81e8-ab47-ed2dfb05025e,review (Helenental) — in DB,master xlsx: Engelstein
Katzenjammer,8,8-11,sport,UIAA,Helenental,Engelstein,Österreich Ost,48.015914,16.196654,Helenental | Engelstein | Katzenjammer,3a921413-5351-812b-891f-d99b45771df8,review (Helenental) — in DB,master xlsx: Engelstein
Schlichtweg,8,8-11,sport,UIAA,Helenental,Engelstein,Österreich Ost,48.015914,16.196654,Helenental | Engelstein | Schlichtweg,3a921413-5351-8141-a4ac-c80fa942d3d4,review (Helenental) — in DB,master xlsx: Engelstein
Heaven and Hell,7+,5-7,sport,UIAA,Helenental,Engelstein,Österreich Ost,48.015914,16.196654,Helenental | Engelstein | Heaven and Hell,3a921413-5351-813c-bfa3-f13d3eb32070,review (Helenental) — in DB,master xlsx: Engelstein
Weg aus dem Fisch,8,8-11,sport,UIAA,Helenental,Engelstein,Österreich Ost,48.015914,16.196654,Helenental | Engelstein | Weg aus dem Fisch,3a921413-5351-8190-a940-eca24f5fae25,review (Helenental) — in DB,master xlsx: Engelstein
Happy Day,8-,8-11,sport,UIAA,Helenental,Engelstein,Österreich Ost,48.015914,16.196654,Helenental | Engelstein | Happy Day,3a921413-5351-8179-bd2a-f601e4bb78ce,review (Helenental) — in DB,master xlsx: Engelstein
Yellow Submarine,8-,8-11,sport,UIAA,Helenental,Engelstein,Österreich Ost,48.015914,16.196654,Helenental | Engelstein | Yellow Submarine,3a921413-5351-81d5-bce6-f96b3c612567,review (Helenental) — in DB,master xlsx: Engelstein
Tollwut,7+,5-7,sport,UIAA,Helenental,Engelstein,Österreich Ost,48.015914,16.196654,Helenental | Engelstein | Tollwut,3a921413-5351-8121-bb51-f1bc5c3ccb57,review (Helenental) — in DB,master xlsx: Engelstein
Onsight Adelheid,8,8-11,sport,UIAA,Helenental,Engelstein,Österreich Ost,48.015914,16.196654,Helenental | Engelstein | Onsight Adelheid,3a921413-5351-81b8-bc31-d0ed8f507e1b,review (Helenental) — in DB,master xlsx: Engelstein
Kabanossi,7+,5-7,sport,UIAA,Helenental,Engelstein,Österreich Ost,48.015914,16.196654,Helenental | Engelstein | Kabanossi,3a921413-5351-810a-9c87-ef374679340f,review (Helenental) — in DB,master xlsx: Engelstein
Bissige Kreuzspinne,6+,5-7,sport,UIAA,Helenental,Engelstein,Österreich Ost,48.015914,16.196654,Helenental | Engelstein | Bissige Kreuzspinne,3a921413-5351-8135-9c55-cb3d715e1735,review (Helenental) — in DB,master xlsx: Engelstein
Ossikaba,7+,5-7,sport,UIAA,Helenental,Engelstein,Österreich Ost,48.015914,16.196654,Helenental | Engelstein | Ossikaba,3a921413-5351-81c5-a079-f73bc494c27f,review (Helenental) — in DB,master xlsx: Engelstein
Gichtfinger,9-,8-11,sport,UIAA,Helenental,Engelstein,Österreich Ost,48.015914,16.196654,Helenental | Engelstein | Gichtfinger,3a921413-5351-81b2-af66-d6b1bda7d9e9,review (Helenental) — in DB,master xlsx: Engelstein
Ameisenflipp,5+,5-7,sport,UIAA,Helenental,Engelstein,Österreich Ost,48.015914,16.196654,Helenental | Engelstein | Ameisenflipp,3a921413-5351-8121-b184-d741f86426e8,review (Helenental) — in DB,master xlsx: Engelstein
Kurzer Murx,6-,5-7,sport,UIAA,Helenental,Engelstein,Österreich Ost,48.015914,16.196654,Helenental | Engelstein | Kurzer Murx,3a921413-5351-8118-8b23-ffbd0952c314,review (Helenental) — in DB,master xlsx: Engelstein
Helmatraverse,8a,Boulder,boulder,Font,Helenental,Engelstein (Boulder),Österreich Ost,48.015914,16.196654,Helenental | Engelstein (Boulder) | Helmatraverse,3a921413-5351-8129-a450-d8fa6874bca2,review (Helenental) — in DB,master xlsx: Engelstein (boulder variant)
Unterarmalarm,4+,1-4,sport,UIAA,Helenental,Dachswandl,Österreich Ost,48.016705,16.19788,Helenental | Dachswandl | Unterarmalarm,,review (Helenental) — new,"theCrag: Dach-, Osp- und Voglwandl (761450424)"
Wilder Dachs,6+,5-7,sport,UIAA,Helenental,Dachswandl,Österreich Ost,48.016705,16.19788,Helenental | Dachswandl | Wilder Dachs,,review (Helenental) — new,"theCrag: Dach-, Osp- und Voglwandl (761450424)"
Bissiger Dachs,7,5-7,sport,UIAA,Helenental,Dachswandl,Österreich Ost,48.016705,16.19788,Helenental | Dachswandl | Bissiger Dachs,,review (Helenental) — new,"theCrag: Dach-, Osp- und Voglwandl (761450424)"
Dachsfalle,6+,5-7,sport,UIAA,Helenental,Dachswandl,Österreich Ost,48.016705,16.19788,Helenental | Dachswandl | Dachsfalle,,review (Helenental) — new,"theCrag: Dach-, Osp- und Voglwandl (761450424)"
Dachsfell,5+,5-7,sport,UIAA,Helenental,Dachswandl,Österreich Ost,48.016705,16.19788,Helenental | Dachswandl | Dachsfell,,review (Helenental) — new,"theCrag: Dach-, Osp- und Voglwandl (761450424)"
Dachsbeute,5+,5-7,sport,UIAA,Helenental,Dachswandl,Österreich Ost,48.016705,16.19788,Helenental | Dachswandl | Dachsbeute,,review (Helenental) — new,"theCrag: Dach-, Osp- und Voglwandl (761450424)"
Bröselriss,3+,1-4,sport,UIAA,Helenental,Dachswandl,Österreich Ost,48.016705,16.19788,Helenental | Dachswandl | Bröselriss,,review (Helenental) — new,"theCrag: Dach-, Osp- und Voglwandl (761450424)"
Little OSP,9-,8-11,sport,UIAA,Helenental,Ospwandl,Österreich Ost,48.01669,16.19777,Helenental | Ospwandl | Little OSP,,review (Helenental) — new,theCrag: Ospwandl (3184762533)
Saft,8,8-11,sport,UIAA,Helenental,Ospwandl,Österreich Ost,48.01669,16.19777,Helenental | Ospwandl | Saft,,review (Helenental) — new,theCrag: Ospwandl (3184762533)
Primorka,8+/9-,8-11,sport,UIAA,Helenental,Ospwandl,Österreich Ost,48.01669,16.19777,Helenental | Ospwandl | Primorka,,review (Helenental) — new,theCrag: Ospwandl (3184762533)
Cooper Hard,8-/8,8-11,sport,UIAA,Helenental,Ospwandl,Österreich Ost,48.01669,16.19777,Helenental | Ospwandl | Cooper Hard,,review (Helenental) — new,theCrag: Ospwandl (3184762533)
Cooper,7+/8-,5-7,sport,UIAA,Helenental,Ospwandl,Österreich Ost,48.01669,16.19777,Helenental | Ospwandl | Cooper,,review (Helenental) — new,theCrag: Ospwandl (3184762533)
Poltergeist (Ospwandl),7+,5-7,sport,UIAA,Helenental,Ospwandl,Österreich Ost,48.01669,16.19777,Helenental | Ospwandl | Poltergeist (Ospwandl),3a921413-5351-81c1-8512-cb693b704ca9,review (Helenental) — in DB,theCrag: Ospwandl (3184762533)
Rum,6b,Boulder,boulder,Font,Helenental,Rum (Boulder),Österreich Ost,48.016705,16.19788,Helenental | Rum (Boulder) | Rum,,review (Helenental) — new,"theCrag: Dach-, Osp- und Voglwandl (761450424) Rumwandl"
Pezi Bär,7a,Boulder,boulder,Font,Helenental,Rum (Boulder),Österreich Ost,48.016705,16.19788,Helenental | Rum (Boulder) | Pezi Bär,,review (Helenental) — new,"theCrag: Dach-, Osp- und Voglwandl (761450424) Rumwandl"
Bier,6a,Boulder,boulder,Font,Helenental,Rum (Boulder),Österreich Ost,48.016705,16.19788,Helenental | Rum (Boulder) | Bier,,review (Helenental) — new,"theCrag: Dach-, Osp- und Voglwandl (761450424) Rumwandl"
Outside,6-,5-7,sport,UIAA,Helenental,Vogelwandl,Österreich Ost,48.016494,16.198491,Helenental | Vogelwandl | Outside,,review (Helenental) — new,OSM fuzzy (0.95): Voglwandl
Doppelte Arbeit,5+,5-7,sport,UIAA,Helenental,Vogelwandl,Österreich Ost,48.016494,16.198491,Helenental | Vogelwandl | Doppelte Arbeit,,review (Helenental) — new,OSM fuzzy (0.95): Voglwandl
Pfeilerriss,5-,5-7,sport,UIAA,Helenental,Vogelwandl,Österreich Ost,48.016494,16.198491,Helenental | Vogelwandl | Pfeilerriss,,review (Helenental) — new,OSM fuzzy (0.95): Voglwandl
Schwanenhals,6,5-7,sport,UIAA,Helenental,Vogelwandl,Österreich Ost,48.016494,16.198491,Helenental | Vogelwandl | Schwanenhals,,review (Helenental) — new,OSM fuzzy (0.95): Voglwandl
Vogelverschneidung,3+,1-4,sport,UIAA,Helenental,Vogelwandl,Österreich Ost,48.016494,16.198491,Helenental | Vogelwandl | Vogelverschneidung,,review (Helenental) — new,OSM fuzzy (0.95): Voglwandl
Sally,7-/7,5-7,sport,UIAA,Helenental,Vogelwandl,Österreich Ost,48.016494,16.198491,Helenental | Vogelwandl | Sally,,review (Helenental) — new,OSM fuzzy (0.95): Voglwandl
Flamingo Road,7+,5-7,sport,UIAA,Helenental,Vogelwandl,Österreich Ost,48.016494,16.198491,Helenental | Vogelwandl | Flamingo Road,,review (Helenental) — new,OSM fuzzy (0.95): Voglwandl
Geierwally,6,5-7,sport,UIAA,Helenental,Vogelwandl,Österreich Ost,48.016494,16.198491,Helenental | Vogelwandl | Geierwally,,review (Helenental) — new,OSM fuzzy (0.95): Voglwandl
Aasgeier,7+,5-7,sport,UIAA,Helenental,Vogelwandl,Österreich Ost,48.016494,16.198491,Helenental | Vogelwandl | Aasgeier,,review (Helenental) — new,OSM fuzzy (0.95): Voglwandl
Wiedehopf,4+,1-4,sport,UIAA,Helenental,Vogelwandl,Österreich Ost,48.016494,16.198491,Helenental | Vogelwandl | Wiedehopf,,review (Helenental) — new,OSM fuzzy (0.95): Voglwandl
Schnapsdrossel,7+,5-7,sport,UIAA,Helenental,Vogelwandl,Österreich Ost,48.016494,16.198491,Helenental | Vogelwandl | Schnapsdrossel,,review (Helenental) — new,OSM fuzzy (0.95): Voglwandl
Vogel Roch,7-/7,5-7,sport,UIAA,Helenental,Vogelwandl,Österreich Ost,48.016494,16.198491,Helenental | Vogelwandl | Vogel Roch,,review (Helenental) — new,OSM fuzzy (0.95): Voglwandl
Condor,7+,5-7,sport,UIAA,Helenental,Vogelwandl,Österreich Ost,48.016494,16.198491,Helenental | Vogelwandl | Condor,,review (Helenental) — new,OSM fuzzy (0.95): Voglwandl
Nachtigall,7-,5-7,sport,UIAA,Helenental,Vogelwandl,Österreich Ost,48.016494,16.198491,Helenental | Vogelwandl | Nachtigall,,review (Helenental) — new,OSM fuzzy (0.95): Voglwandl
Vogerltanz Direkt,6,5-7,sport,UIAA,Helenental,Vogelwandl,Österreich Ost,48.016494,16.198491,Helenental | Vogelwandl | Vogerltanz Direkt,3a921413-5351-81c1-8edd-e8753a8da4bb,review (Helenental) — in DB,OSM fuzzy (0.95): Voglwandl
Grünspecht,6+,5-7,sport,UIAA,Helenental,Vogelwandl,Österreich Ost,48.016494,16.198491,Helenental | Vogelwandl | Grünspecht,3a921413-5351-8169-8aa2-c0127f30bd75,review (Helenental) — in DB,OSM fuzzy (0.95): Voglwandl
Buchfink,6+,5-7,sport,UIAA,Helenental,Vogelwandl,Österreich Ost,48.016494,16.198491,Helenental | Vogelwandl | Buchfink,3a921413-5351-81fe-b8a8-db23f0a7864e,review (Helenental) — in DB,OSM fuzzy (0.95): Voglwandl
Bachstelze,6,5-7,sport,UIAA,Helenental,Vogelwandl,Österreich Ost,48.016494,16.198491,Helenental | Vogelwandl | Bachstelze,3a921413-5351-814d-8ad2-fb99665af72d,review (Helenental) — in DB,OSM fuzzy (0.95): Voglwandl
Variante (Vogelwandl),6/6+,5-7,sport,UIAA,Helenental,Vogelwandl,Österreich Ost,48.016494,16.198491,Helenental | Vogelwandl | Variante (Vogelwandl),3a921413-5351-817c-af96-f1c3da52d701,review (Helenental) — in DB,OSM fuzzy (0.95): Voglwandl
Vögeln erlaubt,6+,5-7,sport,UIAA,Helenental,Vogelwandl,Österreich Ost,48.016494,16.198491,Helenental | Vogelwandl | Vögeln erlaubt,3a921413-5351-8155-b64c-dc313c039d8c,review (Helenental) — in DB,OSM fuzzy (0.95): Voglwandl
Mauerläufer (Vogelwandl),7-,5-7,sport,UIAA,Helenental,Vogelwandl,Österreich Ost,48.016494,16.198491,Helenental | Vogelwandl | Mauerläufer (Vogelwandl),3a921413-5351-8183-908f-d826bfe9c17d,review (Helenental) — in DB,OSM fuzzy (0.95): Voglwandl
Kolibri,7-,5-7,sport,UIAA,Helenental,Vogelwandl,Österreich Ost,48.016494,16.198491,Helenental | Vogelwandl | Kolibri,3a921413-5351-81d6-9694-d5f7e7c452b1,review (Helenental) — in DB,OSM fuzzy (0.95): Voglwandl
Spatzenhirn,5+,5-7,sport,UIAA,Helenental,Vogelwandl,Österreich Ost,48.016494,16.198491,Helenental | Vogelwandl | Spatzenhirn,3a921413-5351-812c-9b13-ded89e25adc9,review (Helenental) — in DB,OSM fuzzy (0.95): Voglwandl
Stieglitz,5-,5-7,sport,UIAA,Helenental,Vogelwandl,Österreich Ost,48.016494,16.198491,Helenental | Vogelwandl | Stieglitz,3a921413-5351-81a6-b2ac-c80aa0367975,review (Helenental) — in DB,OSM fuzzy (0.95): Voglwandl
Bumble Bee,6-,5-7,sport,UIAA,Helenental,Zwergwandl,Österreich Ost,48.017002,16.19618,Helenental | Zwergwandl | Bumble Bee,3a921413-5351-8164-beeb-cd01cad418a9,review (Helenental) — in DB,master xlsx: Zwergwandl
Seven Pointed Ladybird,4+,1-4,sport,UIAA,Helenental,Zwergwandl,Österreich Ost,48.017002,16.19618,Helenental | Zwergwandl | Seven Pointed Ladybird,3a921413-5351-810b-815c-fd159ed7532b,review (Helenental) — in DB,master xlsx: Zwergwandl
Easy Rider (Zwergwandl),6+,5-7,sport,UIAA,Helenental,Zwergwandl,Österreich Ost,48.017002,16.19618,Helenental | Zwergwandl | Easy Rider (Zwergwandl),3a921413-5351-8192-880c-df3a9d64b7cd,review (Helenental) — in DB,master xlsx: Zwergwandl
Leutnant Webri,7+/8-,5-7,sport,UIAA,Helenental,Zwergwandl,Österreich Ost,48.017002,16.19618,Helenental | Zwergwandl | Leutnant Webri,3a921413-5351-81d4-b938-df93e95369b5,review (Helenental) — in DB,master xlsx: Zwergwandl
Nichts für schwache Geister,8-,8-11,sport,UIAA,Helenental,Zwergwandl,Österreich Ost,48.017002,16.19618,Helenental | Zwergwandl | Nichts für schwache Geister,3a921413-5351-81da-8c29-f7894fb8018d,review (Helenental) — in DB,master xlsx: Zwergwandl
Stand up and Fight,7,5-7,sport,UIAA,Helenental,Zwergwandl,Österreich Ost,48.017002,16.19618,Helenental | Zwergwandl | Stand up and Fight,3a921413-5351-8164-bcac-eb0174788c7e,review (Helenental) — in DB,master xlsx: Zwergwandl
Greenhorn,7-,5-7,sport,UIAA,Helenental,Zwergwandl,Österreich Ost,48.017002,16.19618,Helenental | Zwergwandl | Greenhorn,3a921413-5351-819c-afc0-f3d5d400329b,review (Helenental) — in DB,master xlsx: Zwergwandl
Moonlightning,6-,5-7,sport,UIAA,Helenental,Zwergwandl,Österreich Ost,48.017002,16.19618,Helenental | Zwergwandl | Moonlightning,3a921413-5351-817c-9ec5-f9d2516e371d,review (Helenental) — in DB,master xlsx: Zwergwandl
Verschneidung (Zwergwandl),4+,1-4,sport,UIAA,Helenental,Zwergwandl,Österreich Ost,48.017002,16.19618,Helenental | Zwergwandl | Verschneidung (Zwergwandl),3a921413-5351-81f0-ac0b-c48baa29322d,review (Helenental) — in DB,master xlsx: Zwergwandl
Aalglatt,8,8-11,sport,UIAA,Helenental,Zwergwandl,Österreich Ost,48.017002,16.19618,Helenental | Zwergwandl | Aalglatt,3a921413-5351-8108-8703-f538ebdd3186,review (Helenental) — in DB,master xlsx: Zwergwandl
Zwergenfalle,8,8-11,sport,UIAA,Helenental,Zwergwandl,Österreich Ost,48.017002,16.19618,Helenental | Zwergwandl | Zwergenfalle,3a921413-5351-817a-b826-d60474d79c34,review (Helenental) — in DB,master xlsx: Zwergwandl
Fallschnee,8-,8-11,sport,UIAA,Helenental,Zwergwandl,Österreich Ost,48.017002,16.19618,Helenental | Zwergwandl | Fallschnee,3a921413-5351-814a-bdec-c53b13069587,review (Helenental) — in DB,master xlsx: Zwergwandl
Schneewitwe,6,5-7,sport,UIAA,Helenental,Zwergwandl,Österreich Ost,48.017002,16.19618,Helenental | Zwergwandl | Schneewitwe,3a921413-5351-813d-becd-e78d5762226c,review (Helenental) — in DB,master xlsx: Zwergwandl
Zwergdiagonale,5a,Boulder,boulder,Font,Helenental,Zwergwandl (Boulder),Österreich Ost,48.017002,16.19618,Helenental | Zwergwandl (Boulder) | Zwergdiagonale,3a921413-5351-8156-bbac-df6a429dda30,review (Helenental) — in DB,master xlsx: Zwergwandl (boulder variant)
Arschglatt,6b+,Boulder,boulder,Font,Helenental,Zwergwandl (Boulder),Österreich Ost,48.017002,16.19618,Helenental | Zwergwandl (Boulder) | Arschglatt,3a921413-5351-8112-bb63-d36d470b40e9,review (Helenental) — in DB,master xlsx: Zwergwandl (boulder variant)
Fingerbeisser,6b+,Boulder,boulder,Font,Helenental,Zwergwandl (Boulder),Österreich Ost,48.017002,16.19618,Helenental | Zwergwandl (Boulder) | Fingerbeisser,3a921413-5351-8137-9c2c-e0ee4e9e815c,review (Helenental) — in DB,master xlsx: Zwergwandl (boulder variant)
Glattarsch,5c,Boulder,boulder,Font,Helenental,Zwergwandl (Boulder),Österreich Ost,48.017002,16.19618,Helenental | Zwergwandl (Boulder) | Glattarsch,3a921413-5351-81c5-bfa0-c2baedc3e81d,review (Helenental) — in DB,master xlsx: Zwergwandl (boulder variant)
Mooszwerg,4a,Boulder,boulder,Font,Helenental,Zwergwandl (Boulder),Österreich Ost,48.017002,16.19618,Helenental | Zwergwandl (Boulder) | Mooszwerg,3a921413-5351-81a1-9930-f5c61a1ac670,review (Helenental) — in DB,master xlsx: Zwergwandl (boulder variant)
Riesengrosses Aufwärmen,8-,8-11,sport,UIAA,Helenental,Helenentaler Blöcke,Österreich Ost,48.017796,16.193996,Helenental | Helenentaler Blöcke | Riesengrosses Aufwärmen,3a921413-5351-8125-86cd-f394d76de7b9,review (Helenental) — in DB,OSM exact: Helenentaler Blöcke
Grosses Aufwärmen,7,5-7,sport,UIAA,Helenental,Helenentaler Blöcke,Österreich Ost,48.017796,16.193996,Helenental | Helenentaler Blöcke | Grosses Aufwärmen,3a921413-5351-816b-97fe-cc6a2fe5f5b6,review (Helenental) — in DB,OSM exact: Helenentaler Blöcke
Sweet City Woman,10-,8-11,sport,UIAA,Helenental,Helenentaler Blöcke,Österreich Ost,48.017796,16.193996,Helenental | Helenentaler Blöcke | Sweet City Woman,3a921413-5351-81de-9b6b-f3a6261e6aa8,review (Helenental) — in DB,OSM exact: Helenentaler Blöcke
Männerträume,8+,8-11,sport,UIAA,Helenental,Helenentaler Blöcke,Österreich Ost,48.017796,16.193996,Helenental | Helenentaler Blöcke | Männerträume,3a921413-5351-81f3-b369-ee892461d2f4,review (Helenental) — in DB,OSM exact: Helenentaler Blöcke
Bloc Infernal,9+,8-11,sport,UIAA,Helenental,Helenentaler Blöcke,Österreich Ost,48.017796,16.193996,Helenental | Helenentaler Blöcke | Bloc Infernal,3a921413-5351-81d1-b0d5-eb89151cfbef,review (Helenental) — in DB,OSM exact: Helenentaler Blöcke
Wilde Züge,8,8-11,sport,UIAA,Helenental,Helenentaler Blöcke,Österreich Ost,48.017796,16.193996,Helenental | Helenentaler Blöcke | Wilde Züge,3a921413-5351-8154-833d-d08d4ff77a64,review (Helenental) — in DB,OSM exact: Helenentaler Blöcke
Non Plus Ultra Steig,5-,5-7,sport,UIAA,Helenental,Helenentaler Blöcke,Österreich Ost,48.017796,16.193996,Helenental | Helenentaler Blöcke | Non Plus Ultra Steig,3a921413-5351-8103-86f9-ce0665bb51ac,review (Helenental) — in DB,OSM exact: Helenentaler Blöcke
Grünmandl,5-,5-7,sport,UIAA,Helenental,Helenentaler Blöcke,Österreich Ost,48.017796,16.193996,Helenental | Helenentaler Blöcke | Grünmandl,3a921413-5351-81cb-ac03-d860a074b327,review (Helenental) — in DB,OSM exact: Helenentaler Blöcke
Zephir,4,1-4,sport,UIAA,Helenental,Helenentaler Blöcke,Österreich Ost,48.017796,16.193996,Helenental | Helenentaler Blöcke | Zephir,3a921413-5351-81be-8ec3-e6e335ce0a95,review (Helenental) — in DB,OSM exact: Helenentaler Blöcke
Stoja Steig,5,5-7,sport,UIAA,Helenental,Helenentaler Blöcke,Österreich Ost,48.017796,16.193996,Helenental | Helenentaler Blöcke | Stoja Steig,3a921413-5351-813f-b662-ecc489ceb4bc,review (Helenental) — in DB,OSM exact: Helenentaler Blöcke
Die Last des Erbes,9,8-11,sport,UIAA,Helenental,Helenentaler Blöcke,Österreich Ost,48.017796,16.193996,Helenental | Helenentaler Blöcke | Die Last des Erbes,3a921413-5351-814a-a4bb-cc19308b5e2a,review (Helenental) — in DB,OSM exact: Helenentaler Blöcke
Helmut,9+,8-11,sport,UIAA,Helenental,Helenentaler Blöcke,Österreich Ost,48.017796,16.193996,Helenental | Helenentaler Blöcke | Helmut,3a921413-5351-81f8-aa74-d37325c3dd87,review (Helenental) — in DB,OSM exact: Helenentaler Blöcke
White Edge,9-,8-11,sport,UIAA,Helenental,Helenentaler Blöcke,Österreich Ost,48.017796,16.193996,Helenental | Helenentaler Blöcke | White Edge,3a921413-5351-81dc-927d-ffddf2d5dea7,review (Helenental) — in DB,OSM exact: Helenentaler Blöcke
Heimoverschneidung,5,5-7,sport,UIAA,Helenental,Helenentaler Blöcke,Österreich Ost,48.017796,16.193996,Helenental | Helenentaler Blöcke | Heimoverschneidung,3a921413-5351-819b-be5c-ee5a332745d7,review (Helenental) — in DB,OSM exact: Helenentaler Blöcke
Direkter Ausstieg (Helenentaler a),6+,5-7,sport,UIAA,Helenental,Helenentaler Blöcke,Österreich Ost,48.017796,16.193996,Helenental | Helenentaler Blöcke | Direkter Ausstieg (Helenentaler a),3a921413-5351-8147-9ec8-fb2ca698680b,review (Helenental) — in DB,OSM exact: Helenentaler Blöcke
Heini,8,8-11,sport,UIAA,Helenental,Helenentaler Blöcke,Österreich Ost,48.017796,16.193996,Helenental | Helenentaler Blöcke | Heini,3a921413-5351-8114-a30c-c612cdd58062,review (Helenental) — in DB,OSM exact: Helenentaler Blöcke
Beisszange,7,5-7,sport,UIAA,Helenental,Helenentaler Blöcke,Österreich Ost,48.017796,16.193996,Helenental | Helenentaler Blöcke | Beisszange,3a921413-5351-8136-b9b1-e3d44d1f7fd2,review (Helenental) — in DB,OSM exact: Helenentaler Blöcke
Ruck Zuck,5-,5-7,sport,UIAA,Helenental,Helenentaler Blöcke,Österreich Ost,48.017796,16.193996,Helenental | Helenentaler Blöcke | Ruck Zuck,3a921413-5351-817a-b79c-e9716209b0ce,review (Helenental) — in DB,OSM exact: Helenentaler Blöcke
Kasu,5-,5-7,sport,UIAA,Helenental,Helenentaler Blöcke,Österreich Ost,48.017796,16.193996,Helenental | Helenentaler Blöcke | Kasu,3a921413-5351-811e-b3b3-eb70cf7bb4f8,review (Helenental) — in DB,OSM exact: Helenentaler Blöcke
Atlas,4+,1-4,sport,UIAA,Helenental,Helenentaler Blöcke,Österreich Ost,48.017796,16.193996,Helenental | Helenentaler Blöcke | Atlas,,review (Helenental) — new,OSM exact: Helenentaler Blöcke
Mariannenkante,4,1-4,sport,UIAA,Helenental,Helenentaler Blöcke,Österreich Ost,48.017796,16.193996,Helenental | Helenentaler Blöcke | Mariannenkante,,review (Helenental) — new,OSM exact: Helenentaler Blöcke
Keine Wahl,5-,5-7,sport,UIAA,Helenental,Helenentaler Blöcke,Österreich Ost,48.017796,16.193996,Helenental | Helenentaler Blöcke | Keine Wahl,,review (Helenental) — new,OSM exact: Helenentaler Blöcke
Direkter Ausstieg (Helenentaler b),5,5-7,sport,UIAA,Helenental,Helenentaler Blöcke,Österreich Ost,48.017796,16.193996,Helenental | Helenentaler Blöcke | Direkter Ausstieg (Helenentaler b),3a921413-5351-8147-9ec8-fb2ca698680b,review (Helenental) — in DB,OSM exact: Helenentaler Blöcke
Little Crack,7,5-7,sport,UIAA,Helenental,Helenentaler Blöcke,Österreich Ost,48.017796,16.193996,Helenental | Helenentaler Blöcke | Little Crack,,review (Helenental) — new,OSM exact: Helenentaler Blöcke
Ohmeier,4+,1-4,sport,UIAA,Helenental,Helenentaler Blöcke,Österreich Ost,48.017796,16.193996,Helenental | Helenentaler Blöcke | Ohmeier,,review (Helenental) — new,OSM exact: Helenentaler Blöcke
Blauer Fritz,4+,1-4,sport,UIAA,Helenental,Helenentaler Blöcke,Österreich Ost,48.017796,16.193996,Helenental | Helenentaler Blöcke | Blauer Fritz,,review (Helenental) — new,OSM exact: Helenentaler Blöcke
Fritzlpromenade,3,1-4,sport,UIAA,Helenental,Helenentaler Blöcke,Österreich Ost,48.017796,16.193996,Helenental | Helenentaler Blöcke | Fritzlpromenade,,review (Helenental) — new,OSM exact: Helenentaler Blöcke
Muttis Liebling,6c,Boulder,boulder,Font,Helenental,Helenentaler Blöcke (Boulder),Österreich Ost,48.017796,16.193996,Helenental | Helenentaler Blöcke (Boulder) | Muttis Liebling,,review (Helenental) — new,OSM (boulder variant): Helenentaler Blöcke
Scheisszange,6a,Boulder,boulder,Font,Helenental,Helenentaler Blöcke (Boulder),Österreich Ost,48.017796,16.193996,Helenental | Helenentaler Blöcke (Boulder) | Scheisszange,,review (Helenental) — new,OSM (boulder variant): Helenentaler Blöcke
Dont Worry,8-,8-11,sport,UIAA,Helenental,Beethovenwand,Österreich Ost,48.015792,16.195563,Helenental | Beethovenwand | Dont Worry,3a921413-5351-8186-a3cd-e4b3c73c439a,review (Helenental) — in DB,master xlsx: Beethovenwand
ÖKM Kante,9-/9,8-11,sport,UIAA,Helenental,Beethovenwand,Österreich Ost,48.015792,16.195563,Helenental | Beethovenwand | ÖKM Kante,3a921413-5351-817d-8fc0-dce7ef897d54,review (Helenental) — in DB,master xlsx: Beethovenwand
Schwere Ausstattung,10+,8-11,sport,UIAA,Helenental,Beethovenwand,Österreich Ost,48.015792,16.195563,Helenental | Beethovenwand | Schwere Ausstattung,3a921413-5351-8100-9632-db541219b012,review (Helenental) — in DB,master xlsx: Beethovenwand
LÜ,10+/11-,8-11,sport,UIAA,Helenental,Beethovenwand,Österreich Ost,48.015792,16.195563,Helenental | Beethovenwand | LÜ,3a921413-5351-812f-af15-f2b457cb6c7b,review (Helenental) — in DB,master xlsx: Beethovenwand
Sterben ist zu wenig,9+/10-,8-11,sport,UIAA,Helenental,Beethovenwand,Österreich Ost,48.015792,16.195563,Helenental | Beethovenwand | Sterben ist zu wenig,3a921413-5351-81d6-8154-cda315733ea0,review (Helenental) — in DB,master xlsx: Beethovenwand
Ewing,9+/10-,8-11,sport,UIAA,Helenental,Beethovenwand,Österreich Ost,48.015792,16.195563,Helenental | Beethovenwand | Ewing,3a921413-5351-81ff-aa6e-d7e6f46168a4,review (Helenental) — in DB,master xlsx: Beethovenwand
Happel,10-/10,8-11,sport,UIAA,Helenental,Beethovenwand,Österreich Ost,48.015792,16.195563,Helenental | Beethovenwand | Happel,3a921413-5351-8193-a15d-c07c283d9892,review (Helenental) — in DB,master xlsx: Beethovenwand
Surprise,10-,8-11,sport,UIAA,Helenental,Beethovenwand,Österreich Ost,48.015792,16.195563,Helenental | Beethovenwand | Surprise,3a921413-5351-81b4-8bf7-d1a3f7f33aeb,review (Helenental) — in DB,master xlsx: Beethovenwand
Siddharta,9,8-11,sport,UIAA,Helenental,Beethovenwand,Österreich Ost,48.015792,16.195563,Helenental | Beethovenwand | Siddharta,3a921413-5351-8104-b7c1-c55b93343dbb,review (Helenental) — in DB,master xlsx: Beethovenwand
Kvp,10,8-11,sport,UIAA,Helenental,Beethovenwand,Österreich Ost,48.015792,16.195563,Helenental | Beethovenwand | Kvp,3a921413-5351-81d5-bdb0-d8ac96aa52a8,review (Helenental) — in DB,master xlsx: Beethovenwand
Romans Kante,9+,8-11,sport,UIAA,Helenental,Beethovenwand,Österreich Ost,48.015792,16.195563,Helenental | Beethovenwand | Romans Kante,3a921413-5351-818c-8dfb-ea00d62c7a8d,review (Helenental) — in DB,master xlsx: Beethovenwand
Rosegarden Funeral of Sores,9-,8-11,sport,UIAA,Helenental,Beethovenwand,Österreich Ost,48.015792,16.195563,Helenental | Beethovenwand | Rosegarden Funeral of Sores,3a921413-5351-8176-92e7-cccff516c6bf,review (Helenental) — in DB,master xlsx: Beethovenwand
Give it Away,9,8-11,sport,UIAA,Helenental,Beethovenwand,Österreich Ost,48.015792,16.195563,Helenental | Beethovenwand | Give it Away,3a921413-5351-813f-bd64-f1237d79c507,review (Helenental) — in DB,master xlsx: Beethovenwand
Feistritzer,8+,8-11,sport,UIAA,Helenental,Beethovenwand,Österreich Ost,48.015792,16.195563,Helenental | Beethovenwand | Feistritzer,3a921413-5351-81f3-8964-fcf292841e28,review (Helenental) — in DB,master xlsx: Beethovenwand
Fritzelacke,8,8-11,sport,UIAA,Helenental,Beethovenwand,Österreich Ost,48.015792,16.195563,Helenental | Beethovenwand | Fritzelacke,3a921413-5351-817f-bf65-e224ea40e033,review (Helenental) — in DB,master xlsx: Beethovenwand
Aus Spass wird Ernst,6-,5-7,sport,UIAA,Helenental,Beethovenwand,Österreich Ost,48.015792,16.195563,Helenental | Beethovenwand | Aus Spass wird Ernst,3a921413-5351-81df-8640-f68bab53f218,review (Helenental) — in DB,master xlsx: Beethovenwand
Depression,8+,8-11,sport,UIAA,Helenental,Beethovenwand,Österreich Ost,48.015792,16.195563,Helenental | Beethovenwand | Depression,3a921413-5351-8193-adda-eb65ab87560f,review (Helenental) — in DB,master xlsx: Beethovenwand
It's Hard to Be a Man,8,8-11,sport,UIAA,Helenental,Beethovenwand,Österreich Ost,48.015792,16.195563,Helenental | Beethovenwand | It's Hard to Be a Man,3a921413-5351-8120-bfeb-e3e1a9f855cb,review (Helenental) — in DB,master xlsx: Beethovenwand
Pimplegionär,9,8-11,sport,UIAA,Helenental,Beethovenwand,Österreich Ost,48.015792,16.195563,Helenental | Beethovenwand | Pimplegionär,3a921413-5351-8124-87cc-eb2d6903d486,review (Helenental) — in DB,master xlsx: Beethovenwand
Steppenwolf,9-/9,8-11,sport,UIAA,Helenental,Beethovenwand,Österreich Ost,48.015792,16.195563,Helenental | Beethovenwand | Steppenwolf,3a921413-5351-8151-8241-d0107e6f2267,review (Helenental) — in DB,master xlsx: Beethovenwand
Vergangenheitsbewältigung,8-,8-11,sport,UIAA,Helenental,Beethovenwand,Österreich Ost,48.015792,16.195563,Helenental | Beethovenwand | Vergangenheitsbewältigung,3a921413-5351-815b-9e3c-e4db0d4d1825,review (Helenental) — in DB,master xlsx: Beethovenwand
In Wie Schuppen von den Augen,8+,8-11,sport,UIAA,Helenental,Beethovenwand,Österreich Ost,48.015792,16.195563,Helenental | Beethovenwand | In Wie Schuppen von den Augen,3a921413-5351-81eb-9c71-f4470424c7c7,review (Helenental) — in DB,master xlsx: Beethovenwand
Dont Fly in Extra Dry,9+,8-11,sport,UIAA,Helenental,Beethovenwand,Österreich Ost,48.015792,16.195563,Helenental | Beethovenwand | Dont Fly in Extra Dry,3a921413-5351-812b-b0e1-ee2db7093881,review (Helenental) — in DB,master xlsx: Beethovenwand
Bacdafucup,9+/10-,8-11,sport,UIAA,Helenental,Beethovenwand,Österreich Ost,48.015792,16.195563,Helenental | Beethovenwand | Bacdafucup,3a921413-5351-81ed-a731-d82e59063380,review (Helenental) — in DB,master xlsx: Beethovenwand
Der Standard,7+,5-7,sport,UIAA,Helenental,Scharfeneck,Österreich Ost,48.015771,16.194458,Helenental | Scharfeneck | Der Standard,,review (Helenental) — new,master xlsx: Scharfeneck
Kuschelecke Extrem,6,5-7,sport,UIAA,Helenental,Scharfeneck,Österreich Ost,48.015771,16.194458,Helenental | Scharfeneck | Kuschelecke Extrem,,review (Helenental) — new,master xlsx: Scharfeneck
Tumor,7,5-7,sport,UIAA,Helenental,Scharfeneck,Österreich Ost,48.015771,16.194458,Helenental | Scharfeneck | Tumor,3a921413-5351-8189-93cb-f7ca90b16f90,review (Helenental) — in DB,master xlsx: Scharfeneck
Verbindung,6+,5-7,sport,UIAA,Helenental,Scharfeneck,Österreich Ost,48.015771,16.194458,Helenental | Scharfeneck | Verbindung,,review (Helenental) — new,master xlsx: Scharfeneck
Leben und Leben lassen,9+,8-11,sport,UIAA,Helenental,Scharfeneck,Österreich Ost,48.015771,16.194458,Helenental | Scharfeneck | Leben und Leben lassen,,review (Helenental) — new,master xlsx: Scharfeneck
A Lurch (Scharfeneck),7+,5-7,sport,UIAA,Helenental,Scharfeneck,Österreich Ost,48.015771,16.194458,Helenental | Scharfeneck | A Lurch (Scharfeneck),,review (Helenental) — new,master xlsx: Scharfeneck
Schubumkehr,10-,8-11,sport,UIAA,Helenental,Scharfeneck,Österreich Ost,48.015771,16.194458,Helenental | Scharfeneck | Schubumkehr,,review (Helenental) — new,master xlsx: Scharfeneck
Hekla,9,8-11,sport,UIAA,Helenental,Scharfeneck,Österreich Ost,48.015771,16.194458,Helenental | Scharfeneck | Hekla,,review (Helenental) — new,master xlsx: Scharfeneck
Zwerg Nase,8+,8-11,sport,UIAA,Helenental,Scharfeneck,Österreich Ost,48.015771,16.194458,Helenental | Scharfeneck | Zwerg Nase,,review (Helenental) — new,master xlsx: Scharfeneck
Unten Hui Oben Pfui,5-,5-7,sport,UIAA,Helenental,Scharfeneck,Österreich Ost,48.015771,16.194458,Helenental | Scharfeneck | Unten Hui Oben Pfui,,review (Helenental) — new,master xlsx: Scharfeneck
Grundkurs,3,1-4,sport,UIAA,Helenental,Scharfeneck,Österreich Ost,48.015771,16.194458,Helenental | Scharfeneck | Grundkurs,,review (Helenental) — new,master xlsx: Scharfeneck
Schuppenriss,4+,1-4,sport,UIAA,Helenental,Scharfeneck,Österreich Ost,48.015771,16.194458,Helenental | Scharfeneck | Schuppenriss,,review (Helenental) — new,master xlsx: Scharfeneck
Waldgnom,6,5-7,sport,UIAA,Helenental,Scharfeneck,Österreich Ost,48.015771,16.194458,Helenental | Scharfeneck | Waldgnom,,review (Helenental) — new,master xlsx: Scharfeneck
Nordwest,6-,5-7,sport,UIAA,Helenental,Scharfeneck,Österreich Ost,48.015771,16.194458,Helenental | Scharfeneck | Nordwest,,review (Helenental) — new,master xlsx: Scharfeneck
Toprope Verbot,7-,5-7,sport,UIAA,Helenental,Scharfeneck,Österreich Ost,48.015771,16.194458,Helenental | Scharfeneck | Toprope Verbot,,review (Helenental) — new,master xlsx: Scharfeneck
Stolperstein,6,5-7,sport,UIAA,Helenental,Scharfeneck,Österreich Ost,48.015771,16.194458,Helenental | Scharfeneck | Stolperstein,,review (Helenental) — new,master xlsx: Scharfeneck
Kudlmudl,6,5-7,sport,UIAA,Helenental,Scharfeneck,Österreich Ost,48.015771,16.194458,Helenental | Scharfeneck | Kudlmudl,,review (Helenental) — new,master xlsx: Scharfeneck
Die Klassische,6,5-7,sport,UIAA,Helenental,Scharfeneck,Österreich Ost,48.015771,16.194458,Helenental | Scharfeneck | Die Klassische,,review (Helenental) — new,master xlsx: Scharfeneck
Milde Bestie,7-,5-7,sport,UIAA,Helenental,Scharfeneck,Österreich Ost,48.015771,16.194458,Helenental | Scharfeneck | Milde Bestie,,review (Helenental) — new,master xlsx: Scharfeneck
Wilde Bestie,8,8-11,sport,UIAA,Helenental,Scharfeneck,Österreich Ost,48.015771,16.194458,Helenental | Scharfeneck | Wilde Bestie,,review (Helenental) — new,master xlsx: Scharfeneck
Entbestialisierung,7,5-7,sport,UIAA,Helenental,Scharfeneck,Österreich Ost,48.015771,16.194458,Helenental | Scharfeneck | Entbestialisierung,,review (Helenental) — new,master xlsx: Scharfeneck
...und die Kleinen verrecken,7,5-7,sport,UIAA,Helenental,Herziges Türmchen,Österreich Ost,48.015771,16.194458,Helenental | Herziges Türmchen | ...und die Kleinen verrecken,,review (Helenental) — new,master xlsx: Scharfeneck (adjacent)
Dschungeldach,5+,5-7,sport,UIAA,Helenental,Herziges Türmchen,Österreich Ost,48.015771,16.194458,Helenental | Herziges Türmchen | Dschungeldach,,review (Helenental) — new,master xlsx: Scharfeneck (adjacent)
Herziges Türmchen,7-,5-7,sport,UIAA,Helenental,Herziges Türmchen,Österreich Ost,48.015771,16.194458,Helenental | Herziges Türmchen | Herziges Türmchen,,review (Helenental) — new,master xlsx: Scharfeneck (adjacent)
Zooropa,8,8-11,sport,UIAA,Helenental,Siegenfelder Steinbruch,Österreich Ost,48.022607,16.192024,Helenental | Siegenfelder Steinbruch | Zooropa,3a921413-5351-81e2-a007-f8e87647d40f,review (Helenental) — in DB,master xlsx: Siegenfelder Steinbruch
Numb,5,5-7,sport,UIAA,Helenental,Siegenfelder Steinbruch,Österreich Ost,48.022607,16.192024,Helenental | Siegenfelder Steinbruch | Numb,3a921413-5351-81dc-be09-f9a2782640c0,review (Helenental) — in DB,master xlsx: Siegenfelder Steinbruch
Vergessener Grat,3+,1-4,sport,UIAA,Helenental,Siegenfelder Steinbruch,Österreich Ost,48.022607,16.192024,Helenental | Siegenfelder Steinbruch | Vergessener Grat,3a921413-5351-815e-b971-f2af1d3bf9e8,review (Helenental) — in DB,master xlsx: Siegenfelder Steinbruch
Weisser Pfeiler,4,1-4,sport,UIAA,Helenental,Siegenfelder Steinbruch,Österreich Ost,48.022607,16.192024,Helenental | Siegenfelder Steinbruch | Weisser Pfeiler,3a921413-5351-8124-971c-c9c68efb0f79,review (Helenental) — in DB,master xlsx: Siegenfelder Steinbruch
Plattiger Riss,3+,1-4,sport,UIAA,Helenental,Siegenfelder Steinbruch,Österreich Ost,48.022607,16.192024,Helenental | Siegenfelder Steinbruch | Plattiger Riss,3a921413-5351-8166-a10f-f2777128498d,review (Helenental) — in DB,master xlsx: Siegenfelder Steinbruch
Streitspur,4+,1-4,sport,UIAA,Helenental,Siegenfelder Steinbruch,Österreich Ost,48.022607,16.192024,Helenental | Siegenfelder Steinbruch | Streitspur,3a921413-5351-810f-a7d0-fe0be595b4ab,review (Helenental) — in DB,master xlsx: Siegenfelder Steinbruch
The Fox,5,5-7,sport,UIAA,Helenental,Siegenfelder Steinbruch,Österreich Ost,48.022607,16.192024,Helenental | Siegenfelder Steinbruch | The Fox,3a921413-5351-8121-80c7-d130ca390ad2,review (Helenental) — in DB,master xlsx: Siegenfelder Steinbruch
Rozario,5,5-7,sport,UIAA,Helenental,Siegenfelder Steinbruch,Österreich Ost,48.022607,16.192024,Helenental | Siegenfelder Steinbruch | Rozario,3a921413-5351-81fe-9853-f9b1e86f3d38,review (Helenental) — in DB,master xlsx: Siegenfelder Steinbruch
Kurz und Bündig,5,5-7,sport,UIAA,Helenental,Siegenfelder Steinbruch,Österreich Ost,48.022607,16.192024,Helenental | Siegenfelder Steinbruch | Kurz und Bündig,3a921413-5351-8149-9ad2-e89f97c02ae0,review (Helenental) — in DB,master xlsx: Siegenfelder Steinbruch
Prinz,4,1-4,sport,UIAA,Helenental,Siegenfelder Steinbruch,Österreich Ost,48.022607,16.192024,Helenental | Siegenfelder Steinbruch | Prinz,3a921413-5351-81da-ab62-cd6e31a608f9,review (Helenental) — in DB,master xlsx: Siegenfelder Steinbruch
Blaupunkt,5,5-7,sport,UIAA,Helenental,Siegenfelder Steinbruch,Österreich Ost,48.022607,16.192024,Helenental | Siegenfelder Steinbruch | Blaupunkt,3a921413-5351-81c6-99b1-fdc72c96822e,review (Helenental) — in DB,master xlsx: Siegenfelder Steinbruch
Waiting,5,5-7,sport,UIAA,Helenental,Siegenfelder Steinbruch,Österreich Ost,48.022607,16.192024,Helenental | Siegenfelder Steinbruch | Waiting,3a921413-5351-816f-b0ad-d42386608e14,review (Helenental) — in DB,master xlsx: Siegenfelder Steinbruch
Little Foot,6a,Boulder,boulder,Font,Helenental,Siegenfelder Steinbruch (Boulder),Österreich Ost,48.022607,16.192024,Helenental | Siegenfelder Steinbruch (Boulder) | Little Foot,3a921413-5351-8192-b410-cb6637dc7520,review (Helenental) — in DB,master xlsx: Siegenfelder Steinbruch (boulder variant)
Saskari,7-,5-7,sport,UIAA,Helenental,Ötzi,Österreich Ost,48.023447,16.192351,Helenental | Ötzi | Saskari,,review (Helenental) — new,master xlsx: Ötzi
Orange Crush Rechts,9+,8-11,sport,UIAA,Helenental,Ötzi,Österreich Ost,48.023447,16.192351,Helenental | Ötzi | Orange Crush Rechts,,review (Helenental) — new,master xlsx: Ötzi
Orange Crush,9+/10-,8-11,sport,UIAA,Helenental,Ötzi,Österreich Ost,48.023447,16.192351,Helenental | Ötzi | Orange Crush,,review (Helenental) — new,master xlsx: Ötzi
Auf's Loch Retour,7a,Boulder,boulder,Font,Helenental,Ötzi (Boulder),Österreich Ost,48.023447,16.192351,Helenental | Ötzi (Boulder) | Auf's Loch Retour,,review (Helenental) — new,master xlsx: Ötzi (boulder variant)
Langfinger,7b+,Boulder,boulder,Font,Helenental,Ötzi (Boulder),Österreich Ost,48.023447,16.192351,Helenental | Ötzi (Boulder) | Langfinger,,review (Helenental) — new,master xlsx: Ötzi (boulder variant)
Nervenkanal,6b+,Boulder,boulder,Font,Helenental,Ötzi (Boulder),Österreich Ost,48.023447,16.192351,Helenental | Ötzi (Boulder) | Nervenkanal,,review (Helenental) — new,master xlsx: Ötzi (boulder variant)
Ötzi,7a,Boulder,boulder,Font,Helenental,Ötzi (Boulder),Österreich Ost,48.023447,16.192351,Helenental | Ötzi (Boulder) | Ötzi,,review (Helenental) — new,master xlsx: Ötzi (boulder variant)
Aufwärmrunde,4b,Boulder,boulder,Font,Helenental,Ötzi (Boulder),Österreich Ost,48.023447,16.192351,Helenental | Ötzi (Boulder) | Aufwärmrunde,,review (Helenental) — new,master xlsx: Ötzi (boulder variant)
Edzy,3,Boulder,boulder,Font,Helenental,Ötzi (Boulder),Österreich Ost,48.023447,16.192351,Helenental | Ötzi (Boulder) | Edzy,,review (Helenental) — new,master xlsx: Ötzi (boulder variant)
Mily,5a,Boulder,boulder,Font,Helenental,Ötzi (Boulder),Österreich Ost,48.023447,16.192351,Helenental | Ötzi (Boulder) | Mily,,review (Helenental) — new,master xlsx: Ötzi (boulder variant)
For Good Shoes,6c+,Boulder,boulder,Font,Helenental,Ötzi (Boulder),Österreich Ost,48.023447,16.192351,Helenental | Ötzi (Boulder) | For Good Shoes,,review (Helenental) — new,master xlsx: Ötzi (boulder variant)
Rechter Einstieg,4,1-4,sport,UIAA,Helenental,Efeufelsen,Österreich Ost,48.019512,16.190224,Helenental | Efeufelsen | Rechter Einstieg,3a921413-5351-8137-905e-c409481ca944,review (Helenental) — in DB,master xlsx: Efeufelsen
Dont Fly,7,5-7,sport,UIAA,Helenental,Efeufelsen,Österreich Ost,48.019512,16.190224,Helenental | Efeufelsen | Dont Fly,3a921413-5351-81e1-862b-caa9a6423b50,review (Helenental) — in DB,master xlsx: Efeufelsen
Testpiloten Vortreten,9-/9,8-11,sport,UIAA,Helenental,Efeufelsen,Österreich Ost,48.019512,16.190224,Helenental | Efeufelsen | Testpiloten Vortreten,3a921413-5351-81f1-a40b-d4c1f58d6de3,review (Helenental) — in DB,master xlsx: Efeufelsen
Empty Garden,7,5-7,sport,UIAA,Helenental,Efeufelsen,Österreich Ost,48.019512,16.190224,Helenental | Efeufelsen | Empty Garden,3a921413-5351-816d-b9da-e51d7e95041c,review (Helenental) — in DB,master xlsx: Efeufelsen
Reichtvariante,8+,8-11,sport,UIAA,Helenental,Efeufelsen,Österreich Ost,48.019512,16.190224,Helenental | Efeufelsen | Reichtvariante,3a921413-5351-81f6-96b5-e4b8e0fc7006,review (Helenental) — in DB,master xlsx: Efeufelsen
Heavy Metal Pepi,7,5-7,sport,UIAA,Helenental,Efeufelsen,Österreich Ost,48.019512,16.190224,Helenental | Efeufelsen | Heavy Metal Pepi,3a921413-5351-8119-9227-d45c737431e1,review (Helenental) — in DB,master xlsx: Efeufelsen
Gelber Steig,6,5-7,sport,UIAA,Helenental,Efeufelsen,Österreich Ost,48.019512,16.190224,Helenental | Efeufelsen | Gelber Steig,3a921413-5351-8132-af83-c1f7dc5234e9,review (Helenental) — in DB,master xlsx: Efeufelsen
Direkter Ausstieg (Efeufelsen),6+,5-7,sport,UIAA,Helenental,Efeufelsen,Österreich Ost,48.019512,16.190224,Helenental | Efeufelsen | Direkter Ausstieg (Efeufelsen),3a921413-5351-8147-9ec8-fb2ca698680b,review (Helenental) — in DB,master xlsx: Efeufelsen
Teufelspromenade,8-,8-11,sport,UIAA,Helenental,Efeufelsen,Österreich Ost,48.019512,16.190224,Helenental | Efeufelsen | Teufelspromenade,3a921413-5351-817d-b843-c3484146bb51,review (Helenental) — in DB,master xlsx: Efeufelsen
Pensionistenfick,9-,8-11,sport,UIAA,Helenental,Efeufelsen,Österreich Ost,48.019512,16.190224,Helenental | Efeufelsen | Pensionistenfick,3a921413-5351-81ca-8e0d-ce2941ec1df6,review (Helenental) — in DB,master xlsx: Efeufelsen
Im Schatten der Burenwurst,9,8-11,sport,UIAA,Helenental,Efeufelsen,Österreich Ost,48.019512,16.190224,Helenental | Efeufelsen | Im Schatten der Burenwurst,3a921413-5351-8120-bc41-c4aa992d011c,review (Helenental) — in DB,master xlsx: Efeufelsen
Efeulaus,6,5-7,sport,UIAA,Helenental,Efeufelsen,Österreich Ost,48.019512,16.190224,Helenental | Efeufelsen | Efeulaus,3a921413-5351-8144-9c40-cd4b28aae223,review (Helenental) — in DB,master xlsx: Efeufelsen
Artistensteig,4+,1-4,sport,UIAA,Helenental,Efeufelsen,Österreich Ost,48.019512,16.190224,Helenental | Efeufelsen | Artistensteig,3a921413-5351-81dd-b959-d01daeb495e9,review (Helenental) — in DB,master xlsx: Efeufelsen
Long Drive,6b,Boulder,boulder,Font,Helenental,Efeufelsen (Boulder),Österreich Ost,48.019512,16.190224,Helenental | Efeufelsen (Boulder) | Long Drive,3a921413-5351-81e1-80ff-c5051685f4a5,review (Helenental) — in DB,master xlsx: Efeufelsen (boulder variant)
Zum Drüberhaun,6+,5-7,sport,UIAA,Helenental,Breite Wand,Österreich Ost,48.019512,16.190224,Helenental | Breite Wand | Zum Drüberhaun,3a921413-5351-8185-90d1-c0bcaa2bdde1,review (Helenental) — in DB,master xlsx: Breite Wand
Wilde Mexikanerin,5,5-7,sport,UIAA,Helenental,Breite Wand,Österreich Ost,48.019512,16.190224,Helenental | Breite Wand | Wilde Mexikanerin,3a921413-5351-8168-8e6f-fb5a1f7fe1b9,review (Helenental) — in DB,master xlsx: Breite Wand
Mixer,6,5-7,sport,UIAA,Helenental,Breite Wand,Österreich Ost,48.019512,16.190224,Helenental | Breite Wand | Mixer,3a921413-5351-81eb-be97-f4305164dc84,review (Helenental) — in DB,master xlsx: Breite Wand
Whiskey,6,5-7,sport,UIAA,Helenental,Breite Wand,Österreich Ost,48.019512,16.190224,Helenental | Breite Wand | Whiskey,3a921413-5351-8146-9c0b-c5d54838c37a,review (Helenental) — in DB,master xlsx: Breite Wand
Beiszunge,7-,5-7,sport,UIAA,Helenental,Breite Wand,Österreich Ost,48.019512,16.190224,Helenental | Breite Wand | Beiszunge,,review (Helenental) — new,master xlsx: Breite Wand
Spezifisch Dynamisch,9,8-11,sport,UIAA,Helenental,Breite Wand,Österreich Ost,48.019512,16.190224,Helenental | Breite Wand | Spezifisch Dynamisch,3a921413-5351-8124-91a4-d1d17431e451,review (Helenental) — in DB,master xlsx: Breite Wand
Mord am dritten Finger,9,8-11,sport,UIAA,Helenental,Breite Wand,Österreich Ost,48.019512,16.190224,Helenental | Breite Wand | Mord am dritten Finger,3a921413-5351-81a6-8590-dd24634324a9,review (Helenental) — in DB,master xlsx: Breite Wand
Kaffee mit Kuchen,8,8-11,sport,UIAA,Helenental,Breite Wand,Österreich Ost,48.019512,16.190224,Helenental | Breite Wand | Kaffee mit Kuchen,3a921413-5351-81f0-8364-f417651b640e,review (Helenental) — in DB,master xlsx: Breite Wand
Kinderfest bei Pumuckl,8,8-11,sport,UIAA,Helenental,Breite Wand,Österreich Ost,48.019512,16.190224,Helenental | Breite Wand | Kinderfest bei Pumuckl,3a921413-5351-816e-9108-f82b3c3cb822,review (Helenental) — in DB,master xlsx: Breite Wand
Mon Amour Physique,9+/10-,8-11,sport,UIAA,Helenental,Breite Wand,Österreich Ost,48.019512,16.190224,Helenental | Breite Wand | Mon Amour Physique,3a921413-5351-815a-a3be-eabf4c346c40,review (Helenental) — in DB,master xlsx: Breite Wand
Tolle Biene,8+,8-11,sport,UIAA,Helenental,Breite Wand,Österreich Ost,48.019512,16.190224,Helenental | Breite Wand | Tolle Biene,3a921413-5351-8130-a3b3-de6bfd18fdd2,review (Helenental) — in DB,master xlsx: Breite Wand
Down Under Show,8/8+,8-11,sport,UIAA,Helenental,Breite Wand,Österreich Ost,48.019512,16.190224,Helenental | Breite Wand | Down Under Show,3a921413-5351-8164-9399-c0d1462dbea9,review (Helenental) — in DB,master xlsx: Breite Wand
Heilfroh,4,1-4,sport,UIAA,Helenental,Breite Wand,Österreich Ost,48.019512,16.190224,Helenental | Breite Wand | Heilfroh,3a921413-5351-816d-ad8e-f4e375789ba5,review (Helenental) — in DB,master xlsx: Breite Wand
Linker Einstieg (Breite Wand a),4,1-4,sport,UIAA,Helenental,Breite Wand,Österreich Ost,48.019512,16.190224,Helenental | Breite Wand | Linker Einstieg (Breite Wand a),3a921413-5351-8151-8cb7-e2b46e47d52b,review (Helenental) — in DB,master xlsx: Breite Wand
Black Out,8-,8-11,sport,UIAA,Helenental,Breite Wand,Österreich Ost,48.019512,16.190224,Helenental | Breite Wand | Black Out,3a921413-5351-811d-95d5-dfe2758f2669,review (Helenental) — in DB,master xlsx: Breite Wand
Selbstmörderriss,5+,5-7,sport,UIAA,Helenental,Breite Wand,Österreich Ost,48.019512,16.190224,Helenental | Breite Wand | Selbstmörderriss,3a921413-5351-81d2-88de-c50a190f753c,review (Helenental) — in DB,master xlsx: Breite Wand
Poltergeist (Breite Wand),7-,5-7,sport,UIAA,Helenental,Breite Wand,Österreich Ost,48.019512,16.190224,Helenental | Breite Wand | Poltergeist (Breite Wand),3a921413-5351-81c1-8512-cb693b704ca9,review (Helenental) — in DB,master xlsx: Breite Wand
Pinkel Flink,7,5-7,sport,UIAA,Helenental,Breite Wand,Österreich Ost,48.019512,16.190224,Helenental | Breite Wand | Pinkel Flink,3a921413-5351-819f-b8a5-c97e5b4a2375,review (Helenental) — in DB,master xlsx: Breite Wand
Dachrinne,5+,5-7,sport,UIAA,Helenental,Breite Wand,Österreich Ost,48.019512,16.190224,Helenental | Breite Wand | Dachrinne,3a921413-5351-81c4-8c56-f117928c99ed,review (Helenental) — in DB,master xlsx: Breite Wand
Reinboltz,7-,5-7,sport,UIAA,Helenental,Breite Wand,Österreich Ost,48.019512,16.190224,Helenental | Breite Wand | Reinboltz,3a921413-5351-8127-8d60-e5534ceb0303,review (Helenental) — in DB,master xlsx: Breite Wand
Triplix,7-,5-7,sport,UIAA,Helenental,Breite Wand,Österreich Ost,48.019512,16.190224,Helenental | Breite Wand | Triplix,3a921413-5351-810d-9a06-f85b9cb072de,review (Helenental) — in DB,master xlsx: Breite Wand
Neuer R-Steig,5-,5-7,sport,UIAA,Helenental,Breite Wand,Österreich Ost,48.019512,16.190224,Helenental | Breite Wand | Neuer R-Steig,3a921413-5351-8161-875c-e74604830bf6,review (Helenental) — in DB,master xlsx: Breite Wand
Neue Blockrampe,5-,5-7,sport,UIAA,Helenental,Breite Wand,Österreich Ost,48.019512,16.190224,Helenental | Breite Wand | Neue Blockrampe,3a921413-5351-816e-a697-d6f312db913c,review (Helenental) — in DB,master xlsx: Breite Wand
Einstiegsvariante,5+,5-7,sport,UIAA,Helenental,Breite Wand,Österreich Ost,48.019512,16.190224,Helenental | Breite Wand | Einstiegsvariante,3a921413-5351-81ec-b406-ef6f8d49c037,review (Helenental) — in DB,master xlsx: Breite Wand
Neuer Efeusteig,5+,5-7,sport,UIAA,Helenental,Breite Wand,Österreich Ost,48.019512,16.190224,Helenental | Breite Wand | Neuer Efeusteig,3a921413-5351-814f-91c2-c6e1a2080795,review (Helenental) — in DB,master xlsx: Breite Wand
Direkter Efeusteig,6+,5-7,sport,UIAA,Helenental,Breite Wand,Österreich Ost,48.019512,16.190224,Helenental | Breite Wand | Direkter Efeusteig,3a921413-5351-8155-bec9-cb460350aa17,review (Helenental) — in DB,master xlsx: Breite Wand
Fingerhut,7-,5-7,sport,UIAA,Helenental,Breite Wand,Österreich Ost,48.019512,16.190224,Helenental | Breite Wand | Fingerhut,3a921413-5351-81da-85b5-f12d7b957c4c,review (Helenental) — in DB,master xlsx: Breite Wand
Prügelknabe,6,5-7,sport,UIAA,Helenental,Breite Wand,Österreich Ost,48.019512,16.190224,Helenental | Breite Wand | Prügelknabe,3a921413-5351-8161-9ad1-cb15bd5a1ffe,review (Helenental) — in DB,master xlsx: Breite Wand
Excalibur,9-/9,8-11,sport,UIAA,Helenental,Breite Wand,Österreich Ost,48.019512,16.190224,Helenental | Breite Wand | Excalibur,3a921413-5351-8113-a70c-e0901b5bbb91,review (Helenental) — in DB,master xlsx: Breite Wand
Neuer Diagonalriss,6+,5-7,sport,UIAA,Helenental,Breite Wand,Österreich Ost,48.019512,16.190224,Helenental | Breite Wand | Neuer Diagonalriss,3a921413-5351-8179-889f-d8858a5e70ac,review (Helenental) — in DB,master xlsx: Breite Wand
The Boxer,8-,8-11,sport,UIAA,Helenental,Breite Wand,Österreich Ost,48.019512,16.190224,Helenental | Breite Wand | The Boxer,3a921413-5351-8145-a128-d6495e9c3e0f,review (Helenental) — in DB,master xlsx: Breite Wand
Cheyenne,7+/8-,5-7,sport,UIAA,Helenental,Breite Wand,Österreich Ost,48.019512,16.190224,Helenental | Breite Wand | Cheyenne,3a921413-5351-812e-a276-f91488671ad1,review (Helenental) — in DB,master xlsx: Breite Wand
Alte Verschneidung,5+,5-7,sport,UIAA,Helenental,Breite Wand,Österreich Ost,48.019512,16.190224,Helenental | Breite Wand | Alte Verschneidung,3a921413-5351-81b3-8304-c880b2047eeb,review (Helenental) — in DB,master xlsx: Breite Wand
Linker Einstieg (Breite Wand b),5,5-7,sport,UIAA,Helenental,Breite Wand,Österreich Ost,48.019512,16.190224,Helenental | Breite Wand | Linker Einstieg (Breite Wand b),3a921413-5351-81a9-b70a-fc29517f4103,review (Helenental) — in DB,master xlsx: Breite Wand
Wassermann,6+,5-7,sport,UIAA,Helenental,Breite Wand,Österreich Ost,48.019512,16.190224,Helenental | Breite Wand | Wassermann,3a921413-5351-8167-8e6f-cedb32d38c4d,review (Helenental) — in DB,master xlsx: Breite Wand
Wasserfall,6+,5-7,sport,UIAA,Helenental,Breite Wand,Österreich Ost,48.019512,16.190224,Helenental | Breite Wand | Wasserfall,3a921413-5351-8190-8fae-c737fac8f8f0,review (Helenental) — in DB,master xlsx: Breite Wand
Hundewetter,7,5-7,sport,UIAA,Helenental,Breite Wand,Österreich Ost,48.019512,16.190224,Helenental | Breite Wand | Hundewetter,3a921413-5351-814e-ae77-e4c6cb24da69,review (Helenental) — in DB,master xlsx: Breite Wand
Grrr,7,5-7,sport,UIAA,Helenental,Breite Wand,Österreich Ost,48.019512,16.190224,Helenental | Breite Wand | Grrr,3a921413-5351-8141-a7b0-d1fb9771ef76,review (Helenental) — in DB,master xlsx: Breite Wand
Pfarrer Assmann,6+,5-7,sport,UIAA,Helenental,Breite Wand,Österreich Ost,48.019512,16.190224,Helenental | Breite Wand | Pfarrer Assmann,3a921413-5351-811a-99f7-f4f7213870e1,review (Helenental) — in DB,master xlsx: Breite Wand
Linker Einstieg (Breite Wand c),7,5-7,sport,UIAA,Helenental,Breite Wand,Österreich Ost,48.019512,16.190224,Helenental | Breite Wand | Linker Einstieg (Breite Wand c),3a921413-5351-8151-8cb7-e2b46e47d52b,review (Helenental) — in DB,master xlsx: Breite Wand
Toccata,7-,5-7,sport,UIAA,Helenental,Breite Wand,Österreich Ost,48.019512,16.190224,Helenental | Breite Wand | Toccata,3a921413-5351-8125-bbcd-eac2a77ccd5c,review (Helenental) — in DB,master xlsx: Breite Wand
Vivaldi,6+,5-7,sport,UIAA,Helenental,Breite Wand,Österreich Ost,48.019512,16.190224,Helenental | Breite Wand | Vivaldi,3a921413-5351-8187-8023-ed3b4ae8b19d,review (Helenental) — in DB,master xlsx: Breite Wand
Andante,5-,5-7,sport,UIAA,Helenental,Breite Wand,Österreich Ost,48.019512,16.190224,Helenental | Breite Wand | Andante,3a921413-5351-8122-a2af-ff81a75f2295,review (Helenental) — in DB,master xlsx: Breite Wand
Ratte,5+,5-7,sport,UIAA,Helenental,Breite Wand,Österreich Ost,48.019512,16.190224,Helenental | Breite Wand | Ratte,3a921413-5351-81d3-b803-c113abccfb9a,review (Helenental) — in DB,master xlsx: Breite Wand
Adagio,5+,5-7,sport,UIAA,Helenental,Breite Wand,Österreich Ost,48.019512,16.190224,Helenental | Breite Wand | Adagio,3a921413-5351-819d-a849-db357364d48b,review (Helenental) — in DB,master xlsx: Breite Wand
Lulu,6,5-7,sport,UIAA,Helenental,Breite Wand,Österreich Ost,48.019512,16.190224,Helenental | Breite Wand | Lulu,3a921413-5351-8139-bf00-fe026448e031,review (Helenental) — in DB,master xlsx: Breite Wand
Alte Führe,5,5-7,sport,UIAA,Helenental,Breite Wand,Österreich Ost,48.019512,16.190224,Helenental | Breite Wand | Alte Führe,3a921413-5351-81c9-b13e-fe940eebd5da,review (Helenental) — in DB,master xlsx: Breite Wand
Schas im Wald,6+,5-7,sport,UIAA,Helenental,Breite Wand,Österreich Ost,48.019512,16.190224,Helenental | Breite Wand | Schas im Wald,3a921413-5351-8133-9250-d7a221b25998,review (Helenental) — in DB,master xlsx: Breite Wand
Für Anfänger,4,1-4,sport,UIAA,Helenental,Breite Wand,Österreich Ost,48.019512,16.190224,Helenental | Breite Wand | Für Anfänger,3a921413-5351-81a1-9437-ea17f0f31426,review (Helenental) — in DB,master xlsx: Breite Wand
Für Grobla,2,1-4,sport,UIAA,Helenental,Breite Wand,Österreich Ost,48.019512,16.190224,Helenental | Breite Wand | Für Grobla,3a921413-5351-8177-924e-d59a15ef1a3c,review (Helenental) — in DB,master xlsx: Breite Wand
Alice im Muskelland,8b,Boulder,boulder,Font,Helenental,Breite Wand (Boulder),Österreich Ost,48.019512,16.190224,Helenental | Breite Wand (Boulder) | Alice im Muskelland,3a921413-5351-8183-861b-de3b59b5f232,review (Helenental) — in DB,master xlsx: Breite Wand (boulder variant)
Mausi,4,1-4,sport,UIAA,Helenental,Trenkerwand,Österreich Ost,48.019512,16.190224,Helenental | Trenkerwand | Mausi,3a921413-5351-815a-a7c0-e4db35360c0f,review (Helenental) — in DB,master xlsx: Trenkerwand
Hasi,4+,1-4,sport,UIAA,Helenental,Trenkerwand,Österreich Ost,48.019512,16.190224,Helenental | Trenkerwand | Hasi,3a921413-5351-8192-91d7-ebc452c412a6,review (Helenental) — in DB,master xlsx: Trenkerwand
Alfi,5+,5-7,sport,UIAA,Helenental,Trenkerwand,Österreich Ost,48.019512,16.190224,Helenental | Trenkerwand | Alfi,3a921413-5351-81a9-9bfd-caaa5d630537,review (Helenental) — in DB,master xlsx: Trenkerwand
Ratti,5-,5-7,sport,UIAA,Helenental,Trenkerwand,Österreich Ost,48.019512,16.190224,Helenental | Trenkerwand | Ratti,,review (Helenental) — new,master xlsx: Trenkerwand
Hildesteig,4,1-4,sport,UIAA,Helenental,Trenkerwand,Österreich Ost,48.019512,16.190224,Helenental | Trenkerwand | Hildesteig,3a921413-5351-810e-b7c8-fdd2d478b6cb,review (Helenental) — in DB,master xlsx: Trenkerwand
Variante (Trenkerwand),6+,5-7,sport,UIAA,Helenental,Trenkerwand,Österreich Ost,48.019512,16.190224,Helenental | Trenkerwand | Variante (Trenkerwand),3a921413-5351-816e-96e6-d7e49e83dad5,review (Helenental) — in DB,master xlsx: Trenkerwand
Ballett Volta,8-,8-11,sport,UIAA,Helenental,Trenkerwand,Österreich Ost,48.019512,16.190224,Helenental | Trenkerwand | Ballett Volta,3a921413-5351-81df-93ab-dd4db51a4528,review (Helenental) — in DB,master xlsx: Trenkerwand
Luis Trenker Verschneidung,6+,5-7,sport,UIAA,Helenental,Trenkerwand,Österreich Ost,48.019512,16.190224,Helenental | Trenkerwand | Luis Trenker Verschneidung,3a921413-5351-81b5-b6e1-d66906f338c1,review (Helenental) — in DB,master xlsx: Trenkerwand
Wolfsblut,7+,5-7,sport,UIAA,Helenental,Trenkerwand,Österreich Ost,48.019512,16.190224,Helenental | Trenkerwand | Wolfsblut,3a921413-5351-8106-89f6-e1e192da4846,review (Helenental) — in DB,master xlsx: Trenkerwand
Ingrid W. Verschneidung,6+,5-7,sport,UIAA,Helenental,Trenkerwand,Österreich Ost,48.019512,16.190224,Helenental | Trenkerwand | Ingrid W. Verschneidung,3a921413-5351-81ee-ac8a-db15fa4aec44,review (Helenental) — in DB,master xlsx: Trenkerwand
Adrenalin,7,5-7,sport,UIAA,Helenental,Trenkerwand,Österreich Ost,48.019512,16.190224,Helenental | Trenkerwand | Adrenalin,3a921413-5351-81ef-9852-c9a04c10f09e,review (Helenental) — in DB,master xlsx: Trenkerwand
Slip Slide Away,7-,5-7,sport,UIAA,Helenental,Trenkerwand,Österreich Ost,48.019512,16.190224,Helenental | Trenkerwand | Slip Slide Away,3a921413-5351-81d8-a780-f28308e74547,review (Helenental) — in DB,master xlsx: Trenkerwand
LBH-Riss,7,5-7,sport,UIAA,Helenental,Trenkerwand,Österreich Ost,48.019512,16.190224,Helenental | Trenkerwand | LBH-Riss,,review (Helenental) — new,master xlsx: Trenkerwand
Müsliman,6+,5-7,sport,UIAA,Helenental,Trenkerwand,Österreich Ost,48.019512,16.190224,Helenental | Trenkerwand | Müsliman,,review (Helenental) — new,master xlsx: Trenkerwand
Rechter Babykamin,4-,1-4,sport,UIAA,Helenental,Trenkerwand,Österreich Ost,48.019512,16.190224,Helenental | Trenkerwand | Rechter Babykamin,,review (Helenental) — new,master xlsx: Trenkerwand
Linker Babykamin,4,1-4,sport,UIAA,Helenental,Trenkerwand,Österreich Ost,48.019512,16.190224,Helenental | Trenkerwand | Linker Babykamin,,review (Helenental) — new,master xlsx: Trenkerwand
Alive in Wonderland,8,8-11,sport,UIAA,Helenental,Trenkerwand,Österreich Ost,48.019512,16.190224,Helenental | Trenkerwand | Alive in Wonderland,,review (Helenental) — new,master xlsx: Trenkerwand
Marantana,8,8-11,sport,UIAA,Helenental,Trenkerwand,Österreich Ost,48.019512,16.190224,Helenental | Trenkerwand | Marantana,,review (Helenental) — new,master xlsx: Trenkerwand
Doctor and the Maniac,8,8-11,sport,UIAA,Helenental,Trenkerwand,Österreich Ost,48.019512,16.190224,Helenental | Trenkerwand | Doctor and the Maniac,,review (Helenental) — new,master xlsx: Trenkerwand
Baumkamin,4+,1-4,sport,UIAA,Helenental,Trenkerwand,Österreich Ost,48.019512,16.190224,Helenental | Trenkerwand | Baumkamin,,review (Helenental) — new,master xlsx: Trenkerwand
Hoffmannsteig,5+,5-7,sport,UIAA,Helenental,Trenkerwand,Österreich Ost,48.019512,16.190224,Helenental | Trenkerwand | Hoffmannsteig,,review (Helenental) — new,master xlsx: Trenkerwand
Mordsvergnügen,8-,8-11,sport,UIAA,Helenental,Trenkerwand,Österreich Ost,48.019512,16.190224,Helenental | Trenkerwand | Mordsvergnügen,,review (Helenental) — new,master xlsx: Trenkerwand
Bügeleisen,8-,8-11,sport,UIAA,Helenental,Trenkerwand,Österreich Ost,48.019512,16.190224,Helenental | Trenkerwand | Bügeleisen,,review (Helenental) — new,master xlsx: Trenkerwand
Bügeleisen Direkt,8,8-11,sport,UIAA,Helenental,Trenkerwand,Österreich Ost,48.019512,16.190224,Helenental | Trenkerwand | Bügeleisen Direkt,,review (Helenental) — new,master xlsx: Trenkerwand
Neue Prommerlkante,7-,5-7,sport,UIAA,Helenental,Trenkerwand,Österreich Ost,48.019512,16.190224,Helenental | Trenkerwand | Neue Prommerlkante,,review (Helenental) — new,master xlsx: Trenkerwand
Prommerlkante,6,5-7,sport,UIAA,Helenental,Trenkerwand,Österreich Ost,48.019512,16.190224,Helenental | Trenkerwand | Prommerlkante,,review (Helenental) — new,master xlsx: Trenkerwand
Kaminverschneidung,4,1-4,sport,UIAA,Helenental,Trenkerwand,Österreich Ost,48.019512,16.190224,Helenental | Trenkerwand | Kaminverschneidung,,review (Helenental) — new,master xlsx: Trenkerwand
Kottan,6,5-7,sport,UIAA,Helenental,Trenkerwand,Österreich Ost,48.019512,16.190224,Helenental | Trenkerwand | Kottan,,review (Helenental) — new,master xlsx: Trenkerwand
Pilch,6-,5-7,sport,UIAA,Helenental,Trenkerwand,Österreich Ost,48.019512,16.190224,Helenental | Trenkerwand | Pilch,,review (Helenental) — new,master xlsx: Trenkerwand
Teutscher Teutone,7-,5-7,sport,UIAA,Helenental,Trenkerwand,Österreich Ost,48.019512,16.190224,Helenental | Trenkerwand | Teutscher Teutone,,review (Helenental) — new,master xlsx: Trenkerwand
Warrior,6,5-7,sport,UIAA,Helenental,Trenkerwand,Österreich Ost,48.019512,16.190224,Helenental | Trenkerwand | Warrior,,review (Helenental) — new,master xlsx: Trenkerwand
Steckenpferd,6,5-7,sport,UIAA,Helenental,Trenkerwand,Österreich Ost,48.019512,16.190224,Helenental | Trenkerwand | Steckenpferd,,review (Helenental) — new,master xlsx: Trenkerwand
Hengst,7-,5-7,sport,UIAA,Helenental,Trenkerwand,Österreich Ost,48.019512,16.190224,Helenental | Trenkerwand | Hengst,,review (Helenental) — new,master xlsx: Trenkerwand
Palmkatzerl,6+,5-7,sport,UIAA,Helenental,Trenkerwand,Österreich Ost,48.019512,16.190224,Helenental | Trenkerwand | Palmkatzerl,,review (Helenental) — new,master xlsx: Trenkerwand
Spreizer,6,5-7,sport,UIAA,Helenental,Trenkerwand,Österreich Ost,48.019512,16.190224,Helenental | Trenkerwand | Spreizer,,review (Helenental) — new,master xlsx: Trenkerwand
Nachschulung,5+,5-7,sport,UIAA,Helenental,Trenkerwand,Österreich Ost,48.019512,16.190224,Helenental | Trenkerwand | Nachschulung,,review (Helenental) — new,master xlsx: Trenkerwand
Frater Calidus,6,5-7,sport,UIAA,Helenental,Trenkerwand,Österreich Ost,48.019512,16.190224,Helenental | Trenkerwand | Frater Calidus,,review (Helenental) — new,master xlsx: Trenkerwand
Vinzenz,6,5-7,sport,UIAA,Helenental,Trenkerwand,Österreich Ost,48.019512,16.190224,Helenental | Trenkerwand | Vinzenz,,review (Helenental) — new,master xlsx: Trenkerwand
Cento,6+,5-7,sport,UIAA,Helenental,Trenkerwand,Österreich Ost,48.019512,16.190224,Helenental | Trenkerwand | Cento,,review (Helenental) — new,master xlsx: Trenkerwand
Othello,5,5-7,sport,UIAA,Helenental,Trenkerwand,Österreich Ost,48.019512,16.190224,Helenental | Trenkerwand | Othello,,review (Helenental) — new,master xlsx: Trenkerwand
Mus Musculus,8-,8-11,sport,UIAA,Helenental,Trenkerwand,Österreich Ost,48.019512,16.190224,Helenental | Trenkerwand | Mus Musculus,,review (Helenental) — new,master xlsx: Trenkerwand
Grosser Überhang,7-,5-7,sport,UIAA,Helenental,Trenkerwand,Österreich Ost,48.019512,16.190224,Helenental | Trenkerwand | Grosser Überhang,,review (Helenental) — new,master xlsx: Trenkerwand
Quattro,4+,1-4,sport,UIAA,Helenental,Trenkerwand,Österreich Ost,48.019512,16.190224,Helenental | Trenkerwand | Quattro,,review (Helenental) — new,master xlsx: Trenkerwand
Flickflack,5,5-7,sport,UIAA,Helenental,Trenkerwand,Österreich Ost,48.019512,16.190224,Helenental | Trenkerwand | Flickflack,,review (Helenental) — new,master xlsx: Trenkerwand
Die Widerspenstige Zähmung,8-,8-11,sport,UIAA,Helenental,Trenkerwand,Österreich Ost,48.019512,16.190224,Helenental | Trenkerwand | Die Widerspenstige Zähmung,,review (Helenental) — new,master xlsx: Trenkerwand
Detlef,5c,Boulder,boulder,Font,Helenental,Trenkerwand (Boulder),Österreich Ost,48.019512,16.190224,Helenental | Trenkerwand (Boulder) | Detlef,,review (Helenental) — new,master xlsx: Trenkerwand (boulder variant)
Kiltap Namor,7a+,Boulder,boulder,Font,Helenental,Trenkerwand (Boulder),Österreich Ost,48.019512,16.190224,Helenental | Trenkerwand (Boulder) | Kiltap Namor,,review (Helenental) — new,master xlsx: Trenkerwand (boulder variant)
Tick,6b+,Boulder,boulder,Font,Helenental,Trenkerwand (Boulder),Österreich Ost,48.019512,16.190224,Helenental | Trenkerwand (Boulder) | Tick,,review (Helenental) — new,master xlsx: Trenkerwand (boulder variant)
Pick,6a+,Boulder,boulder,Font,Helenental,Trenkerwand (Boulder),Österreich Ost,48.019512,16.190224,Helenental | Trenkerwand (Boulder) | Pick,,review (Helenental) — new,master xlsx: Trenkerwand (boulder variant)
Trick,5b,Boulder,boulder,Font,Helenental,Trenkerwand (Boulder),Österreich Ost,48.019512,16.190224,Helenental | Trenkerwand (Boulder) | Trick,,review (Helenental) — new,master xlsx: Trenkerwand (boulder variant)
La Glatt,6b+,Boulder,boulder,Font,Helenental,Trenkerwand (Boulder),Österreich Ost,48.019512,16.190224,Helenental | Trenkerwand (Boulder) | La Glatt,,review (Helenental) — new,master xlsx: Trenkerwand (boulder variant)
Track,5b,Boulder,boulder,Font,Helenental,Trenkerwand (Boulder),Österreich Ost,48.019512,16.190224,Helenental | Trenkerwand (Boulder) | Track,,review (Helenental) — new,master xlsx: Trenkerwand (boulder variant)
Lurch (Trenkerwand),5c,Boulder,boulder,Font,Helenental,Trenkerwand (Boulder),Österreich Ost,48.019512,16.190224,Helenental | Trenkerwand (Boulder) | Lurch (Trenkerwand),,review (Helenental) — new,master xlsx: Trenkerwand (boulder variant)
Südföhn,6+/7-,5-7,sport,UIAA,Arnstein,Arnsteinblöcke,Österreich Ost,48.028694,16.065213,Arnstein | Arnsteinblöcke | Südföhn,,to create,theCrag: Arnstein (667827369)
Direkter Schock,3+,1-4,sport,UIAA,Arnstein,Arnsteinblöcke,Österreich Ost,48.028694,16.065213,Arnstein | Arnsteinblöcke | Direkter Schock,,to create,theCrag: Arnstein (667827369)
Kreislaufstillstand,4+,1-4,sport,UIAA,Arnstein,Arnsteinblöcke,Österreich Ost,48.028694,16.065213,Arnstein | Arnsteinblöcke | Kreislaufstillstand,,to create,theCrag: Arnstein (667827369)
Schock,3,1-4,sport,UIAA,Arnstein,Arnsteinblöcke,Österreich Ost,48.028694,16.065213,Arnstein | Arnsteinblöcke | Schock,,to create,theCrag: Arnstein (667827369)
Eiswind,6+,5-7,sport,UIAA,Arnstein,Arnsteinblöcke,Österreich Ost,48.028694,16.065213,Arnstein | Arnsteinblöcke | Eiswind,,to create,theCrag: Arnstein (667827369)
Polarsturm,6+,5-7,sport,UIAA,Arnstein,Arnsteinblöcke,Österreich Ost,48.028694,16.065213,Arnstein | Arnsteinblöcke | Polarsturm,,to create,theCrag: Arnstein (667827369)
Geentert,2,1-4,sport,UIAA,Arnstein,Arnsteinblöcke,Österreich Ost,48.028694,16.065213,Arnstein | Arnsteinblöcke | Geentert,,to create,theCrag: Arnstein (667827369)
Gekentert,7+,5-7,sport,UIAA,Arnstein,Arnsteinblöcke,Österreich Ost,48.028694,16.065213,Arnstein | Arnsteinblöcke | Gekentert,,to create,theCrag: Arnstein (667827369)
Steuerbord,3+,1-4,sport,UIAA,Arnstein,Arnsteinblöcke,Österreich Ost,48.028694,16.065213,Arnstein | Arnsteinblöcke | Steuerbord,,to create,theCrag: Arnstein (667827369)
Nebelhorn,3,1-4,sport,UIAA,Arnstein,Arnsteinblöcke,Österreich Ost,48.028694,16.065213,Arnstein | Arnsteinblöcke | Nebelhorn,,to create,theCrag: Arnstein (667827369)
Schiffsbug,7-,5-7,sport,UIAA,Arnstein,Arnsteinblöcke,Österreich Ost,48.028694,16.065213,Arnstein | Arnsteinblöcke | Schiffsbug,,to create,theCrag: Arnstein (667827369)
Reling,7-,5-7,sport,UIAA,Arnstein,Arnsteinblöcke,Österreich Ost,48.028694,16.065213,Arnstein | Arnsteinblöcke | Reling,,to create,theCrag: Arnstein (667827369)
Backbord,6+,5-7,sport,UIAA,Arnstein,Arnsteinblöcke,Österreich Ost,48.028694,16.065213,Arnstein | Arnsteinblöcke | Backbord,,to create,theCrag: Arnstein (667827369)
Beziehungskrise,6+,5-7,sport,UIAA,Arnstein,Arnsteinblöcke,Österreich Ost,48.028694,16.065213,Arnstein | Arnsteinblöcke | Beziehungskrise,,to create,theCrag: Arnstein (667827369)
Gespaltene Beziehung,7-,5-7,sport,UIAA,Arnstein,Arnsteinblöcke,Österreich Ost,48.028694,16.065213,Arnstein | Arnsteinblöcke | Gespaltene Beziehung,,to create,theCrag: Arnstein (667827369)
Easy Rider (Arnstein),3b,Boulder,boulder,Font,Arnstein,Arnsteinblöcke (Boulder),Österreich Ost,48.028694,16.065213,Arnstein | Arnsteinblöcke (Boulder) | Easy Rider (Arnstein),,to create,theCrag: Arnstein (667827369) (boulder variant)
Scherbendiagorauf,4a,Boulder,boulder,Font,Arnstein,Arnsteinblöcke (Boulder),Österreich Ost,48.028694,16.065213,Arnstein | Arnsteinblöcke (Boulder) | Scherbendiagorauf,,to create,theCrag: Arnstein (667827369) (boulder variant)
Gigant,4a,Boulder,boulder,Font,Arnstein,Arnsteinblöcke (Boulder),Österreich Ost,48.028694,16.065213,Arnstein | Arnsteinblöcke (Boulder) | Gigant,,to create,theCrag: Arnstein (667827369) (boulder variant)
Felskamasutra,7-,5-7,sport,UIAA,Arnstein,Arnsteinturm,Österreich Ost,48.030038,16.066652,Arnstein | Arnsteinturm | Felskamasutra,,to create,OSM exact: Arnsteinturm
Hot Sex Movie,7+,5-7,sport,UIAA,Arnstein,Arnsteinturm,Österreich Ost,48.030038,16.066652,Arnstein | Arnsteinturm | Hot Sex Movie,,to create,OSM exact: Arnsteinturm
Heisse Liebe,7-/7,5-7,sport,UIAA,Arnstein,Arnsteinturm,Österreich Ost,48.030038,16.066652,Arnstein | Arnsteinturm | Heisse Liebe,,to create,OSM exact: Arnsteinturm
Selbstbetrug,7+,5-7,sport,UIAA,Arnstein,Arnsteinturm,Österreich Ost,48.030038,16.066652,Arnstein | Arnsteinturm | Selbstbetrug,,to create,OSM exact: Arnsteinturm
TIA,7+,5-7,sport,UIAA,Arnstein,Arnsteinturm,Österreich Ost,48.030038,16.066652,Arnstein | Arnsteinturm | TIA,,to create,OSM exact: Arnsteinturm
HM,7+,5-7,sport,UIAA,Arnstein,Arnsteinturm,Österreich Ost,48.030038,16.066652,Arnstein | Arnsteinturm | HM,,to create,OSM exact: Arnsteinturm
Vergnügen Pur,8/8+,8-11,sport,UIAA,Arnstein,Arnsteinturm,Österreich Ost,48.030038,16.066652,Arnstein | Arnsteinturm | Vergnügen Pur,,to create,OSM exact: Arnsteinturm
Schreck Pur,8,8-11,sport,UIAA,Arnstein,Arnsteinturm,Österreich Ost,48.030038,16.066652,Arnstein | Arnsteinturm | Schreck Pur,,to create,OSM exact: Arnsteinturm
Undertacker,8-,8-11,sport,UIAA,Arnstein,Arnsteinturm,Österreich Ost,48.030038,16.066652,Arnstein | Arnsteinturm | Undertacker,,to create,OSM exact: Arnsteinturm
Quertacker,6-,5-7,sport,UIAA,Arnstein,Arnsteinturm,Österreich Ost,48.030038,16.066652,Arnstein | Arnsteinturm | Quertacker,,to create,OSM exact: Arnsteinturm
Nordwestkante,6+,5-7,sport,UIAA,Arnstein,Arnsteinturm,Österreich Ost,48.030038,16.066652,Arnstein | Arnsteinturm | Nordwestkante,,to create,OSM exact: Arnsteinturm
Fluch der Karibik,8-,8-11,sport,UIAA,Arnstein,Arnsteinturm,Österreich Ost,48.030038,16.066652,Arnstein | Arnsteinturm | Fluch der Karibik,,to create,OSM exact: Arnsteinturm
Seifenblase,7/7+,5-7,sport,UIAA,Arnstein,Arnsteinturm,Österreich Ost,48.030038,16.066652,Arnstein | Arnsteinturm | Seifenblase,,to create,OSM exact: Arnsteinturm
Massa Buana,7-/7,5-7,sport,UIAA,Arnstein,Arnsteinturm,Österreich Ost,48.030038,16.066652,Arnstein | Arnsteinturm | Massa Buana,,to create,OSM exact: Arnsteinturm
Zwei Herzen aus Stein,6+,5-7,sport,UIAA,Arnstein,Arnsteinturm,Österreich Ost,48.030038,16.066652,Arnstein | Arnsteinturm | Zwei Herzen aus Stein,,to create,OSM exact: Arnsteinturm
Träume sind Schäume,7-,5-7,sport,UIAA,Arnstein,Arnsteinturm,Österreich Ost,48.030038,16.066652,Arnstein | Arnsteinturm | Träume sind Schäume,,to create,OSM exact: Arnsteinturm
Das erste Mal tut immer weh,6+/7-,5-7,sport,UIAA,Arnstein,Arnsteinturm,Österreich Ost,48.030038,16.066652,Arnstein | Arnsteinturm | Das erste Mal tut immer weh,,to create,OSM exact: Arnsteinturm
Mauerläufer (Arnsteinturm),5+,5-7,sport,UIAA,Arnstein,Arnsteinturm,Österreich Ost,48.030038,16.066652,Arnstein | Arnsteinturm | Mauerläufer (Arnsteinturm),,to create,OSM exact: Arnsteinturm
Griffls,6b+,Boulder,boulder,Font,Arnstein,Arnsteinturm (Boulder),Österreich Ost,48.030038,16.066652,Arnstein | Arnsteinturm (Boulder) | Griffls,,to create,OSM (boulder variant): Arnsteinturm
Liebe ist für alle da,6b,Boulder,boulder,Font,Arnstein,Arnsteinturm (Boulder),Österreich Ost,48.030038,16.066652,Arnstein | Arnsteinturm (Boulder) | Liebe ist für alle da,,to create,OSM (boulder variant): Arnsteinturm
Cause I'm a Sexmachine,6c,Boulder,boulder,Font,Arnstein,Arnsteinturm (Boulder),Österreich Ost,48.030038,16.066652,Arnstein | Arnsteinturm (Boulder) | Cause I'm a Sexmachine,,to create,OSM (boulder variant): Arnsteinturm
Fly wie Paul Preuss,7a,Boulder,boulder,Font,Arnstein,Arnsteinturm (Boulder),Österreich Ost,48.030038,16.066652,Arnstein | Arnsteinturm (Boulder) | Fly wie Paul Preuss,,to create,OSM (boulder variant): Arnsteinturm
Links 2 3 4,6c,Boulder,boulder,Font,Arnstein,Arnsteinturm (Boulder),Österreich Ost,48.030038,16.066652,Arnstein | Arnsteinturm (Boulder) | Links 2 3 4,,to create,OSM (boulder variant): Arnsteinturm
In Love with Robert Carpa,7a,Boulder,boulder,Font,Arnstein,Arnsteinturm (Boulder),Österreich Ost,48.030038,16.066652,Arnstein | Arnsteinturm (Boulder) | In Love with Robert Carpa,,to create,OSM (boulder variant): Arnsteinturm
Route 55,6a,Boulder,boulder,Font,Arnstein,Arnsteinturm (Boulder),Österreich Ost,48.030038,16.066652,Arnstein | Arnsteinturm (Boulder) | Route 55,,to create,OSM (boulder variant): Arnsteinturm
Kindervia,2,1-4,sport,UIAA,Arnstein,Arnstein Hauptwand,Österreich Ost,48.029774,16.066115,Arnstein | Arnstein Hauptwand | Kindervia,,to create,theCrag: Arnsteinwand (667829583)
Mayerfährte,2+,1-4,sport,UIAA,Arnstein,Arnstein Hauptwand,Österreich Ost,48.029774,16.066115,Arnstein | Arnstein Hauptwand | Mayerfährte,,to create,theCrag: Arnsteinwand (667829583)
Burgfräulein,4,1-4,sport,UIAA,Arnstein,Arnstein Hauptwand,Österreich Ost,48.029774,16.066115,Arnstein | Arnstein Hauptwand | Burgfräulein,,to create,theCrag: Arnsteinwand (667829583)
Ziegenquergang,3+,1-4,sport,UIAA,Arnstein,Arnstein Hauptwand,Österreich Ost,48.029774,16.066115,Arnstein | Arnstein Hauptwand | Ziegenquergang,,to create,theCrag: Arnsteinwand (667829583)
Burgherr,6,5-7,sport,UIAA,Arnstein,Arnstein Hauptwand,Österreich Ost,48.029774,16.066115,Arnstein | Arnstein Hauptwand | Burgherr,,to create,theCrag: Arnsteinwand (667829583)
Bruder Baum,5,5-7,sport,UIAA,Arnstein,Arnstein Hauptwand,Österreich Ost,48.029774,16.066115,Arnstein | Arnstein Hauptwand | Bruder Baum,,to create,theCrag: Arnsteinwand (667829583)
Linke Löcher,5+,5-7,sport,UIAA,Arnstein,Arnstein Hauptwand,Österreich Ost,48.029774,16.066115,Arnstein | Arnstein Hauptwand | Linke Löcher,,to create,theCrag: Arnsteinwand (667829583)
Vorsicht Max,7-,5-7,sport,UIAA,Arnstein,Arnstein Hauptwand,Österreich Ost,48.029774,16.066115,Arnstein | Arnstein Hauptwand | Vorsicht Max,,to create,theCrag: Arnsteinwand (667829583)
Oh Mutzi,6+,5-7,sport,UIAA,Arnstein,Arnstein Hauptwand,Österreich Ost,48.029774,16.066115,Arnstein | Arnstein Hauptwand | Oh Mutzi,,to create,theCrag: Arnsteinwand (667829583)
Direkte Rampe,6,5-7,sport,UIAA,Arnstein,Arnstein Hauptwand,Österreich Ost,48.029774,16.066115,Arnstein | Arnstein Hauptwand | Direkte Rampe,,to create,theCrag: Arnsteinwand (667829583)
Triceratop,6+,5-7,sport,UIAA,Arnstein,Arnstein Hauptwand,Österreich Ost,48.029774,16.066115,Arnstein | Arnstein Hauptwand | Triceratop,,to create,theCrag: Arnsteinwand (667829583)
Rock Ballett,9/9+,8-11,sport,UIAA,Arnstein,Arnstein Hauptwand,Österreich Ost,48.029774,16.066115,Arnstein | Arnstein Hauptwand | Rock Ballett,,to create,theCrag: Arnsteinwand (667829583)
Mojito,8,8-11,sport,UIAA,Arnstein,Arnstein Hauptwand,Österreich Ost,48.029774,16.066115,Arnstein | Arnstein Hauptwand | Mojito,,to create,theCrag: Arnsteinwand (667829583)
Mutzsteig,5,5-7,sport,UIAA,Arnstein,Arnstein Hauptwand,Österreich Ost,48.029774,16.066115,Arnstein | Arnstein Hauptwand | Mutzsteig,,to create,theCrag: Arnsteinwand (667829583)
Pausenfüller,6,5-7,sport,UIAA,Arnstein,Arnstein Hauptwand,Österreich Ost,48.029774,16.066115,Arnstein | Arnstein Hauptwand | Pausenfüller,,to create,theCrag: Arnsteinwand (667829583)
Marriage Exorbitant,10-,8-11,sport,UIAA,Arnstein,Arnstein Hauptwand,Österreich Ost,48.029774,16.066115,Arnstein | Arnstein Hauptwand | Marriage Exorbitant,,to create,theCrag: Arnsteinwand (667829583)
Under Pressure,10,8-11,sport,UIAA,Arnstein,Arnstein Hauptwand,Österreich Ost,48.029774,16.066115,Arnstein | Arnstein Hauptwand | Under Pressure,,to create,theCrag: Arnsteinwand (667829583)
Schneller als die Schwerkraft,8,8-11,sport,UIAA,Arnstein,Arnstein Hauptwand,Österreich Ost,48.029774,16.066115,Arnstein | Arnstein Hauptwand | Schneller als die Schwerkraft,,to create,theCrag: Arnsteinwand (667829583)
Zustieg,5-,5-7,sport,UIAA,Arnstein,Arnstein Hauptwand,Österreich Ost,48.029774,16.066115,Arnstein | Arnstein Hauptwand | Zustieg,,to create,theCrag: Arnsteinwand (667829583)
Hofnarr,5,5-7,sport,UIAA,Arnstein,Arnstein Hauptwand,Österreich Ost,48.029774,16.066115,Arnstein | Arnstein Hauptwand | Hofnarr,,to create,theCrag: Arnsteinwand (667829583)
Minimundus,7,5-7,sport,UIAA,Arnstein,Arnstein Hauptwand,Österreich Ost,48.029774,16.066115,Arnstein | Arnstein Hauptwand | Minimundus,,to create,theCrag: Arnsteinwand (667829583)
Kleinigkeiten,7,5-7,sport,UIAA,Arnstein,Arnstein Hauptwand,Österreich Ost,48.029774,16.066115,Arnstein | Arnstein Hauptwand | Kleinigkeiten,,to create,theCrag: Arnsteinwand (667829583)
Nichtigkeiten,7,5-7,sport,UIAA,Arnstein,Arnstein Hauptwand,Österreich Ost,48.029774,16.066115,Arnstein | Arnstein Hauptwand | Nichtigkeiten,,to create,theCrag: Arnsteinwand (667829583)
Melange,6,5-7,sport,UIAA,Arnstein,Arnstein Hauptwand,Österreich Ost,48.029774,16.066115,Arnstein | Arnstein Hauptwand | Melange,,to create,theCrag: Arnsteinwand (667829583)
Cafe Bequem,6,5-7,sport,UIAA,Arnstein,Arnstein Hauptwand,Österreich Ost,48.029774,16.066115,Arnstein | Arnstein Hauptwand | Cafe Bequem,,to create,theCrag: Arnsteinwand (667829583)
Hals- und Steinbruch,8-,8-11,sport,UIAA,Arnstein,Arnstein Hauptwand,Österreich Ost,48.029774,16.066115,Arnstein | Arnstein Hauptwand | Hals- und Steinbruch,,to create,theCrag: Arnsteinwand (667829583)
Der weite Horizont,7+,5-7,sport,UIAA,Arnstein,Arnstein Hauptwand,Österreich Ost,48.029774,16.066115,Arnstein | Arnstein Hauptwand | Der weite Horizont,,to create,theCrag: Arnsteinwand (667829583)
Serpentinen,7,5-7,sport,UIAA,Arnstein,Arnstein Hauptwand,Österreich Ost,48.029774,16.066115,Arnstein | Arnstein Hauptwand | Serpentinen,,to create,theCrag: Arnsteinwand (667829583)
Unmittelbare Westwand,8,8-11,sport,UIAA,Arnstein,Arnstein Hauptwand,Österreich Ost,48.029774,16.066115,Arnstein | Arnstein Hauptwand | Unmittelbare Westwand,,to create,theCrag: Arnsteinwand (667829583)
Der Lebensfaden,8+,8-11,sport,UIAA,Arnstein,Arnstein Hauptwand,Österreich Ost,48.029774,16.066115,Arnstein | Arnstein Hauptwand | Der Lebensfaden,,to create,theCrag: Arnsteinwand (667829583)
Sonnenkönig,8-,8-11,sport,UIAA,Arnstein,Arnstein Hauptwand,Österreich Ost,48.029774,16.066115,Arnstein | Arnstein Hauptwand | Sonnenkönig,,to create,theCrag: Arnsteinwand (667829583)
Schattenreich,7/7+,5-7,sport,UIAA,Arnstein,Arnstein Hauptwand,Österreich Ost,48.029774,16.066115,Arnstein | Arnstein Hauptwand | Schattenreich,,to create,theCrag: Arnsteinwand (667829583)
Im Vollrausch,6+,5-7,sport,UIAA,Arnstein,Arnstein Hauptwand,Österreich Ost,48.029774,16.066115,Arnstein | Arnstein Hauptwand | Im Vollrausch,,to create,theCrag: Arnsteinwand (667829583)
Stocknüchtern,7,5-7,sport,UIAA,Arnstein,Arnstein Hauptwand,Österreich Ost,48.029774,16.066115,Arnstein | Arnstein Hauptwand | Stocknüchtern,,to create,theCrag: Arnsteinwand (667829583)
Batzenfett,6/6+,5-7,sport,UIAA,Arnstein,Arnstein Hauptwand,Österreich Ost,48.029774,16.066115,Arnstein | Arnstein Hauptwand | Batzenfett,,to create,theCrag: Arnsteinwand (667829583)
Sonne Mond und Sterne,6+,5-7,sport,UIAA,Arnstein,Arnstein Hauptwand,Österreich Ost,48.029774,16.066115,Arnstein | Arnstein Hauptwand | Sonne Mond und Sterne,,to create,theCrag: Arnsteinwand (667829583)
Meteoritenschauer,5,5-7,sport,UIAA,Arnstein,Arnstein Hauptwand,Österreich Ost,48.029774,16.066115,Arnstein | Arnstein Hauptwand | Meteoritenschauer,,to create,theCrag: Arnsteinwand (667829583)
Südwestriss (Hauptwand),4,1-4,sport,UIAA,Arnstein,Arnstein Hauptwand,Österreich Ost,48.029774,16.066115,Arnstein | Arnstein Hauptwand | Südwestriss (Hauptwand),,to create,theCrag: Arnsteinwand (667829583)
Zgonc,6a,Boulder,boulder,Font,Arnstein,Arnstein Hauptwand (Boulder),Österreich Ost,48.029774,16.066115,Arnstein | Arnstein Hauptwand (Boulder) | Zgonc,,to create,theCrag: Arnsteinwand (667829583) (boulder variant)
Omo,5a,Boulder,boulder,Font,Arnstein,Arnstein Hauptwand (Boulder),Österreich Ost,48.029774,16.066115,Arnstein | Arnstein Hauptwand (Boulder) | Omo,,to create,theCrag: Arnsteinwand (667829583) (boulder variant)
Innerer Mutz,7,5-7,sport,UIAA,Arnstein,Arnsteinhöhle Innen,Österreich Ost,48.028694,16.065213,Arnstein | Arnsteinhöhle Innen | Innerer Mutz,,to create,theCrag: Arnstein (667827369)
Torbogen,7-,5-7,sport,UIAA,Arnstein,Arnsteinhöhle Innen,Österreich Ost,48.028694,16.065213,Arnstein | Arnsteinhöhle Innen | Torbogen,,to create,theCrag: Arnstein (667827369)
Santa Klaus,3+,1-4,sport,UIAA,Arnstein,Arnsteinhöhle Innen,Österreich Ost,48.028694,16.065213,Arnstein | Arnsteinhöhle Innen | Santa Klaus,,to create,theCrag: Arnstein (667827369)
Desire,9,8-11,sport,UIAA,Arnstein,Arnsteinhöhle Innen,Österreich Ost,48.028694,16.065213,Arnstein | Arnsteinhöhle Innen | Desire,,to create,theCrag: Arnstein (667827369)
Das 3. Auge der Kundalini,9,8-11,sport,UIAA,Arnstein,Arnsteinhöhle Innen,Österreich Ost,48.028694,16.065213,Arnstein | Arnsteinhöhle Innen | Das 3. Auge der Kundalini,,to create,theCrag: Arnstein (667827369)
Horizontaler Kraftakt,8,8-11,sport,UIAA,Arnstein,Arnsteinhöhle Innen,Österreich Ost,48.028694,16.065213,Arnstein | Arnsteinhöhle Innen | Horizontaler Kraftakt,,to create,theCrag: Arnstein (667827369)
Outlaw,8,8-11,sport,UIAA,Arnstein,Arnsteinhöhle Innen,Österreich Ost,48.028694,16.065213,Arnstein | Arnsteinhöhle Innen | Outlaw,,to create,theCrag: Arnstein (667827369)
Kraftlos und nicht schwerlos,9,8-11,sport,UIAA,Arnstein,Arnsteinhöhle Innen,Österreich Ost,48.028694,16.065213,Arnstein | Arnsteinhöhle Innen | Kraftlos und nicht schwerlos,,to create,theCrag: Arnstein (667827369)
Von der hohen Kante fliegen,9-/9,8-11,sport,UIAA,Arnstein,Arnsteinhöhle Innen,Österreich Ost,48.028694,16.065213,Arnstein | Arnsteinhöhle Innen | Von der hohen Kante fliegen,,to create,theCrag: Arnstein (667827369)
Auf die hohe Kante legen,8,8-11,sport,UIAA,Arnstein,Arnsteinhöhle Innen,Österreich Ost,48.028694,16.065213,Arnstein | Arnsteinhöhle Innen | Auf die hohe Kante legen,,to create,theCrag: Arnstein (667827369)
Rot vor Wut,7+,5-7,sport,UIAA,Arnstein,Arnsteinhöhle Innen,Österreich Ost,48.028694,16.065213,Arnstein | Arnsteinhöhle Innen | Rot vor Wut,,to create,theCrag: Arnstein (667827369)
Diagonalkante,8,8-11,sport,UIAA,Arnstein,Arnsteinhöhle Innen,Österreich Ost,48.028694,16.065213,Arnstein | Arnsteinhöhle Innen | Diagonalkante,,to create,theCrag: Arnstein (667827369)
Warmduscher Querung,5,5-7,sport,UIAA,Arnstein,Arnsteinhöhle Innen,Österreich Ost,48.028694,16.065213,Arnstein | Arnsteinhöhle Innen | Warmduscher Querung,,to create,theCrag: Arnstein (667827369)
NRG Embargo,9,8-11,sport,UIAA,Arnstein,Arnsteinhöhle Innen,Österreich Ost,48.028694,16.065213,Arnstein | Arnsteinhöhle Innen | NRG Embargo,,to create,theCrag: Arnstein (667827369)
Full Pull,9,8-11,sport,UIAA,Arnstein,Arnsteinhöhle Innen,Österreich Ost,48.028694,16.065213,Arnstein | Arnsteinhöhle Innen | Full Pull,,to create,theCrag: Arnstein (667827369)
Fragil Stabil,9-,8-11,sport,UIAA,Arnstein,Arnsteinhöhle Innen,Österreich Ost,48.028694,16.065213,Arnstein | Arnsteinhöhle Innen | Fragil Stabil,,to create,theCrag: Arnstein (667827369)
Füsse Runter,5a,Boulder,boulder,Font,Arnstein,Arnsteinhöhle Innen (Boulder),Österreich Ost,48.028694,16.065213,Arnstein | Arnsteinhöhle Innen (Boulder) | Füsse Runter,,to create,theCrag: Arnstein (667827369) (boulder variant)
Everdry,6a,Boulder,boulder,Font,Arnstein,Arnsteinhöhle Innen (Boulder),Österreich Ost,48.028694,16.065213,Arnstein | Arnsteinhöhle Innen (Boulder) | Everdry,,to create,theCrag: Arnstein (667827369) (boulder variant)
Blue in the Face,6c,Boulder,boulder,Font,Arnstein,Arnsteinhöhle Innen (Boulder),Österreich Ost,48.028694,16.065213,Arnstein | Arnsteinhöhle Innen (Boulder) | Blue in the Face,,to create,theCrag: Arnstein (667827369) (boulder variant)
Hyäne,7a,Boulder,boulder,Font,Arnstein,Arnsteinhöhle Innen (Boulder),Österreich Ost,48.028694,16.065213,Arnstein | Arnsteinhöhle Innen (Boulder) | Hyäne,,to create,theCrag: Arnstein (667827369) (boulder variant)
Sternenstaub,7,5-7,sport,UIAA,Arnstein,Tigerturm,Österreich Ost,48.029483,16.066043,Arnstein | Tigerturm | Sternenstaub,,to create,OSM exact: Tigerturm
Supernova,7+,5-7,sport,UIAA,Arnstein,Tigerturm,Österreich Ost,48.029483,16.066043,Arnstein | Tigerturm | Supernova,,to create,OSM exact: Tigerturm
Schwarzes Loch,8/8+,8-11,sport,UIAA,Arnstein,Tigerturm,Österreich Ost,48.029483,16.066043,Arnstein | Tigerturm | Schwarzes Loch,,to create,OSM exact: Tigerturm
Kometenschweif,8-,8-11,sport,UIAA,Arnstein,Tigerturm,Österreich Ost,48.029483,16.066043,Arnstein | Tigerturm | Kometenschweif,,to create,OSM exact: Tigerturm
Sternschnuppe,7-,5-7,sport,UIAA,Arnstein,Tigerturm,Österreich Ost,48.029483,16.066043,Arnstein | Tigerturm | Sternschnuppe,,to create,OSM exact: Tigerturm
Tiger sind Gelenkig,6,5-7,sport,UIAA,Arnstein,Tigerturm,Österreich Ost,48.029483,16.066043,Arnstein | Tigerturm | Tiger sind Gelenkig,,to create,OSM exact: Tigerturm
Tiger Schnapp zu,9-,8-11,sport,UIAA,Arnstein,Tigerturm,Österreich Ost,48.029483,16.066043,Arnstein | Tigerturm | Tiger Schnapp zu,,to create,OSM exact: Tigerturm
Tiger Katzi-Tatzi,8,8-11,sport,UIAA,Arnstein,Tigerturm,Österreich Ost,48.029483,16.066043,Arnstein | Tigerturm | Tiger Katzi-Tatzi,,to create,OSM exact: Tigerturm
Der Hangelnde Tiger,7+,5-7,sport,UIAA,Arnstein,Tigerturm,Österreich Ost,48.029483,16.066043,Arnstein | Tigerturm | Der Hangelnde Tiger,,to create,OSM exact: Tigerturm
Tigerspalt,5+,5-7,sport,UIAA,Arnstein,Tigerturm,Österreich Ost,48.029483,16.066043,Arnstein | Tigerturm | Tigerspalt,,to create,OSM exact: Tigerturm
Tigerkamin,3+,1-4,sport,UIAA,Arnstein,Tigerturm,Österreich Ost,48.029483,16.066043,Arnstein | Tigerturm | Tigerkamin,,to create,OSM exact: Tigerturm
Westriss,6,5-7,sport,UIAA,Arnstein,Tigerturm,Österreich Ost,48.029483,16.066043,Arnstein | Tigerturm | Westriss,,to create,OSM exact: Tigerturm
Tigernase,5+,5-7,sport,UIAA,Arnstein,Tigerturm,Österreich Ost,48.029483,16.066043,Arnstein | Tigerturm | Tigernase,,to create,OSM exact: Tigerturm
Tigerkante,4+,1-4,sport,UIAA,Arnstein,Tigerturm,Österreich Ost,48.029483,16.066043,Arnstein | Tigerturm | Tigerkante,,to create,OSM exact: Tigerturm
Tiger auf Streifgang,4+,1-4,sport,UIAA,Arnstein,Tigerturm,Österreich Ost,48.029483,16.066043,Arnstein | Tigerturm | Tiger auf Streifgang,,to create,OSM exact: Tigerturm
Fragiler Tiger,5,5-7,sport,UIAA,Arnstein,Tigerturm,Österreich Ost,48.029483,16.066043,Arnstein | Tigerturm | Fragiler Tiger,,to create,OSM exact: Tigerturm
Südwestkante,4,1-4,sport,UIAA,Arnstein,Tigerturm,Österreich Ost,48.029483,16.066043,Arnstein | Tigerturm | Südwestkante,,to create,OSM exact: Tigerturm
Südwestriss (Tigerturm),3,1-4,sport,UIAA,Arnstein,Tigerturm,Österreich Ost,48.029483,16.066043,Arnstein | Tigerturm | Südwestriss (Tigerturm),,to create,OSM exact: Tigerturm
Tigerbiss,6,5-7,sport,UIAA,Arnstein,Tigerturm,Österreich Ost,48.029483,16.066043,Arnstein | Tigerturm | Tigerbiss,,to create,OSM exact: Tigerturm
Südwestkamin,3+,1-4,sport,UIAA,Arnstein,Tigerturm,Österreich Ost,48.029483,16.066043,Arnstein | Tigerturm | Südwestkamin,,to create,OSM exact: Tigerturm
Tigerland,6+/7-,5-7,sport,UIAA,Arnstein,Tigerturm,Österreich Ost,48.029483,16.066043,Arnstein | Tigerturm | Tigerland,,to create,OSM exact: Tigerturm
D(y)namischer Tiger,8-,8-11,sport,UIAA,Arnstein,Tigerturm,Österreich Ost,48.029483,16.066043,Arnstein | Tigerturm | D(y)namischer Tiger,,to create,OSM exact: Tigerturm
Tigersprung,6+,5-7,sport,UIAA,Arnstein,Tigerturm,Österreich Ost,48.029483,16.066043,Arnstein | Tigerturm | Tigersprung,,to create,OSM exact: Tigerturm
Alpine Meisterprüfung,5,5-7,sport,UIAA,Arnstein,Alpinwandl,Österreich Ost,48.028694,16.065213,Arnstein | Alpinwandl | Alpine Meisterprüfung,,to create,theCrag: Arnstein (667827369)
Alpine Aufnahmeprüfung,5+,5-7,sport,UIAA,Arnstein,Alpinwandl,Österreich Ost,48.028694,16.065213,Arnstein | Alpinwandl | Alpine Aufnahmeprüfung,,to create,theCrag: Arnstein (667827369)
Aussenseiterzwerg,5+,5-7,sport,UIAA,Arnstein,Alpinwandl,Österreich Ost,48.028694,16.065213,Arnstein | Alpinwandl | Aussenseiterzwerg,,to create,theCrag: Arnstein (667827369)
Giftzwerg,7+/8-,5-7,sport,UIAA,Arnstein,Alpinwandl,Österreich Ost,48.028694,16.065213,Arnstein | Alpinwandl | Giftzwerg,,to create,theCrag: Arnstein (667827369)
Zwergenaufstand,7/7+,5-7,sport,UIAA,Arnstein,Alpinwandl,Österreich Ost,48.028694,16.065213,Arnstein | Alpinwandl | Zwergenaufstand,,to create,theCrag: Arnstein (667827369)
Der 7-Zwerg von links/rechts,6+/7-,5-7,sport,UIAA,Arnstein,Alpinwandl,Österreich Ost,48.028694,16.065213,Arnstein | Alpinwandl | Der 7-Zwerg von links/rechts,,to create,theCrag: Arnstein (667827369)
Zwergenk(r)ampf,6,5-7,sport,UIAA,Arnstein,Alpinwandl,Österreich Ost,48.028694,16.065213,Arnstein | Alpinwandl | Zwergenk(r)ampf,,to create,theCrag: Arnstein (667827369)
Zwergenmarathon,6,5-7,sport,UIAA,Arnstein,Alpinwandl,Österreich Ost,48.028694,16.065213,Arnstein | Alpinwandl | Zwergenmarathon,,to create,theCrag: Arnstein (667827369)
Morgenfrust,4+,1-4,sport,UIAA,Arnstein,Kurze Liebe,Österreich Ost,48.028694,16.065213,Arnstein | Kurze Liebe | Morgenfrust,,to create,theCrag: Arnstein (667827369)
Kurze Liebe,6,5-7,sport,UIAA,Arnstein,Kurze Liebe,Österreich Ost,48.028694,16.065213,Arnstein | Kurze Liebe | Kurze Liebe,,to create,theCrag: Arnstein (667827369)
Heisse Nächte,4+,1-4,sport,UIAA,Arnstein,Kurze Liebe,Österreich Ost,48.028694,16.065213,Arnstein | Kurze Liebe | Heisse Nächte,,to create,theCrag: Arnstein (667827369)
Feenwald,7-,5-7,sport,UIAA,Arnstein,Feenturm,Österreich Ost,48.028694,16.065213,Arnstein | Feenturm | Feenwald,,to create,theCrag: Arnstein (667827369)
Die steile Fee,7/7+,5-7,sport,UIAA,Arnstein,Feenturm,Österreich Ost,48.028694,16.065213,Arnstein | Feenturm | Die steile Fee,,to create,theCrag: Arnstein (667827369)
Oh it's a Fee,7/7+,5-7,sport,UIAA,Arnstein,Feenturm,Österreich Ost,48.028694,16.065213,Arnstein | Feenturm | Oh it's a Fee,,to create,theCrag: Arnstein (667827369)
Bück dich Fee!,8,8-11,sport,UIAA,Arnstein,Feenturm,Österreich Ost,48.028694,16.065213,Arnstein | Feenturm | Bück dich Fee!,,to create,theCrag: Arnstein (667827369)
Die aufrechte Fee,5+,5-7,sport,UIAA,Arnstein,Feenturm,Österreich Ost,48.028694,16.065213,Arnstein | Feenturm | Die aufrechte Fee,,to create,theCrag: Arnstein (667827369)
Feentraverse,5b,Boulder,boulder,Font,Arnstein,Feenturm (Boulder),Österreich Ost,48.028694,16.065213,Arnstein | Feenturm (Boulder) | Feentraverse,,to create,theCrag: Arnstein (667827369) (boulder variant)
